Date,Daily Stoic,Daily Dad
2025-01-01,"January 1



“The chief task in life is simply this: to identify and separate matters so that I can say clearly to myself which are externals not under my control, and which have to do with the choices I actually control. Where then do I look for good and evil? Not to uncontrollable externals, but within myself to the choices that are my own . . .”

—
E
PICTETUS,
D
ISCOURSES
, 
 2.5.4–5

T
 he single most important practice in Stoic philosophy is differentiating between what we can change and what we can’t. What we have influence over and what we do not. A flight is delayed because of weather—no amount of yelling at an airline representative will end a storm. No amount of wishing will make you taller or shorter or born in a different country. No matter how hard you try, you can’t make
 someone like you. And on top of that, time spent hurling yourself at these immovable objects is time not spent on the things we can
 change.

The recovery community practices something called the Serenity Prayer: “God, grant me the serenity to accept the things I cannot change, the courage to change the things I can, and the wisdom to know the difference.” Addicts cannot change the abuse suffered in childhood. They cannot undo the choices they have made or the hurt they have caused. But they can
 change the future—through the power they have in the present moment. As Epictetus said, they can control the choices they make right now.

The same is true for us today. If we can focus on making clear what parts of our day are within our control and what parts are not, we will not only be happier, we will have a distinct advantage over other people who fail to realize they are fighting an unwinnable battle.","January 1

A Little Fellow Follows You

In 1939, nine years before John Wooden would be hired to coach the UCLA men’s basketball team, a friend sent him a picture with a poem on it to celebrate the birth of Wooden’s first child. The picture is a man on a beach whose son is running behind him, playing in his footsteps in the sand. Wooden hung the picture in his home so he might see it every day. The poem, which he memorized and liked to give as a gift, went as follows:

A careful man I want to be—

a little fellow follows me.

I do not dare to go astray,

for fear he’ll go the self-same way.

I cannot once escape his eyes.

Whatever he sees me do he tries.

Like me he says he’s going to be—

that little chap who follows me . . .

You don’t have to memorize these words as Wooden did, but you better internalize their message. Your children follow behind you. They see everything you do. If you go astray, so too will they."
2025-01-02,"January 2



“What is the fruit of these teachings? Only the most beautiful and proper harvest of the truly educated—tranquility, fearlessness, and freedom. We should not trust the masses who say only the free can be educated, but rather the lovers of wisdom who say that only the educated are free.”

—
E
PICTETUS,
D
ISCOURSES
, 
 2.1.21–23
a

W
 hy did you pick up this book? Why pick up any book? Not to seem smarter, not to pass time on the plane, not to hear what you want to hear—there are plenty of easier choices than reading.

No, you picked up this book because you are learning how to live. Because you want to be freer, fear less, and achieve a state of peace. Education—reading and meditating on the wisdom of great minds—is not to be done for its own sake. It has a purpose.

Remember that imperative on the days you start to feel distracted, when watching television or having a snack seems like a better use of your time than reading or studying philosophy. Knowledge—self-knowledge in particular—is freedom.","January 2

Never Let Them See You Act Like This

I think of myself as a philosopher only in the sense of being able to set an example.

—Friedrich Nietzsche

There is a story in Seneca’s famous essay “On Anger” about a boy who at a very young age went to live in the house of Plato to study under the famous philosopher. Returning home to visit his parents, the boy witnessed his father lose his temper and yell at someone. Surprised by this violent outburst, and with the simple innocence that children are capable of, the boy said, “I never saw anyone at Plato’s house act like that.”

However we conduct ourselves in front of our children—particularly at home, in private—they will come to see as normal. If we are rude or unkind to our spouse, they will assume that is an appropriate way to treat people they love. If we are anxious and overly worried, they will come to think that the world is a scary place that must be feared. If we behave unethically or cynically, they too will begin to cheat and lie."
2025-01-03,"January 3



“How many have laid waste to your life when you weren’t aware of what you were losing, how much was wasted in pointless grief, foolish joy, greedy desire, and social amusements—how little of your own was left to you. You will realize you are dying before your time!”

—
S
ENECA,
O
N THE
B
REVITY OF
L
IFE
, 
 3.3
b

O
 ne of the hardest things to do in life is to say “No.” To invitations, to requests, to obligations, to the stuff that everyone else is doing. Even harder is saying no to certain time-consuming emotions: anger, excitement, distraction, obsession, lust. None of these impulses feels like a big deal by itself, but run amok, they become a commitment like anything else.

If you’re not careful, these are precisely the impositions that will overwhelm and consume your life. Do you ever wonder how you can get some of your time back, how you can feel less busy? Start by learning the power of “No!”—as in “No, thank you,” and “No, I’m not going to get caught up in that,” and “No, I just can’t right now.” It may hurt some feelings. It may turn people off. It may take some hard work.But the more you say no to the things that don’t matter, the more you can say yes to the things that do. This will let you live and enjoy your life—the life that you
 want.","January 3

Their Faults Are Your Faults

Don’t worry that children never listen to you; worry that they are always watching you.

—Robert Fulghum

Your kids can drive you nuts. The way they can push your buttons. The way they can ask an interminable number of questions. The way they can mimic you.

“I love him very dearly I guess because of his faults which are my faults,” the novelist John Steinbeck writes of his son. “I know where his pains and his panics come from.”

Our kids have our virtues and our vices. That’s what makes this whole crazy parenting thing such a wonderful opportunity. Because we are here to help them become the best possible versions of themselves. One of the ways we do that is to help them become like us in all the good ways. But one of the other ways is to prevent them from becoming too much like us in all the bad ways.

It can be an incredibly difficult balancing act if we aren’t honest or self-possessed, if we let our egos get in the way. We can’t let that happen. This is our chance, our time! To help them. To bolster them. To help them overcome flaws that maybe we never quite got over ourselves. To seize this second chance—to give what we didn’t get.

More than that, it’s a chance to understand."
2025-01-04,"January 4



“All you need are these: certainty of judgment in the present moment;

action for the common good in the present moment;

and an attitude of gratitude in the present moment for anything that comes your way.”

—
M
ARCUS
A
URELIUS,
M
EDITATIONS
, 
 9.6

P
 erception, Action, Will. Those are the three overlapping but critical disciplines of Stoicism (as well as the organization of this book and yearlong journey you’ve just begun). There’s more to the philosophy certainly—and we could spend all day talking about the unique beliefs of the various Stoics: “This is what Heraclitus thought . . .” “Zeno is from Citium, a city in Cyprus, and he believed . . .” But would such facts really help you day to day? What clarity does trivia provide?

Instead, the following little reminder sums up the three most essential parts of Stoic philosophy worth carrying with you every day, into every decision:

Control your perceptions.

Direct your actions properly.

Willingly accept what’s outside your control.

That’s all we need to do.","January 4

Show Them How to Keep Their Cool

In 1952, Margaret Thatcher’s father was driven out of office when a rival political party won a majority in the election. He was upset. He was hurt. And he could have allowed those emotions to drive how he reacted. But he didn’t.

Instead, Thatcher’s father made a statement of incredible restraint and dignity: “It is now almost nine years since I took up these robes in honor, and now I trust in honor they are laid down.” He added later, “Although I have toppled over I have fallen on my feet. My own feeling is that I was content to be in and I am content to be out.”

We could say that what he was doing was showing his daughter how to lose with grace. But it was much more than that. He was showing her that external circumstances don’t define us, only how we respond to them. He was showing her how to bear adversity and how to never surrender your poise or self-control. These would all be lessons that Thatcher would use throughout her tumultuous life as a public servant, a prime minister, and a mother.

Your kids will need them too. So show them. Show by example, not just with words. Show them, when you’ve been screwed over and it really hurts, that still your personal code of conduct matters more. Because it does. Because it will."
2025-01-05,"January 5



“Let all your efforts be directed to something, let it keep that end in view. It’s not activity that disturbs people, but false conceptions of things that drive them mad.”

—
S
ENECA,
O
N
T
RANQUILITY OF
M
IND
, 
 12.5

L
 aw 29 of The 48 Laws of Power
 is: Plan All The Way To The End. Robert Greene writes, “By planning to the end you will not be overwhelmed by circumstances and you will know when to stop. Gently guide fortune and help determine the future by thinking far ahead.” The second habit in The
7 Habits of Highly Effective People
 is: begin with an end in mind.

Having an end in mind is no guarantee that you’ll reach it—no Stoic would tolerate that assumption—but not
 having an end in mind is a guarantee you won’t. To the Stoics, oiêsis
 (false conceptions) are responsible not just for disturbances in the soul but for chaotic and dysfunctional lives and operations. When your efforts are not directed at a cause or a purpose, how will you know what to do day in and day out? How will you know what to say no to and what to say yes to? How will you know when you’ve had enough, when you’ve reached your goal, when you’ve gotten off track, if you’ve never defined what those things are?

The answer is that you cannot. And so you are driven into failure—or worse, into madness by the oblivion of directionlessness.","January 5

Which Will It Be?

In his Broadway show, Bruce Springsteen explained the choice presented to all parents:

We are ghosts or we are ancestors in our children’s lives. We either lay our mistakes, our burdens upon them, and we haunt them, or we assist them in laying those old burdens down, and we free them from the chain of our own flawed behavior. And as ancestors, we walk alongside of them, and we assist them in finding their own way and some transcendence.

Will you be a ghost or an ancestor to your children? Will you haunt them or guide them? Will you curse them or inspire them?

Of course, we all know which of those two we want to be, just as Bruce’s flawed father surely did. But then our demons, our issues, the ghosts of our own parents, get in the way.

That’s why we go to therapy and read good books. That’s why we stay up at night before bed talking to our spouse about how hard this parenting thing is, to exorcise those demons by bringing them into the light. It’s why, wordlessly, when we hold our kids, we promise ourselves to do better, to try harder, to not repeat the mistakes we endured growing up.

This isn’t going to be easy. We’re not going to be perfect. But we’re going to keep trying. We’re going to be an ancestor—someone who guides them and inspires them. We’re not going to haunt their future selves like a ghost."
2025-01-06,"January 6



“A person who doesn’t know what the universe is, doesn’t know where they are. A person who doesn’t know their purpose in life doesn’t know who they are or what the universe is. A person who doesn’t know any one of these things doesn’t know why they are here. So what to make of people who seek or avoid the praise of those who have no knowledge of where or who they are?”

—
M
ARCUS
A
URELIUS,
M
EDITATIONS
, 
 8.52

T
 he late comedian Mitch Hedberg had a funny story he told in his act. Sitting down for an on-air interview, a radio DJ asked him, “So, who are you?” In that moment, he had to think, Is this guy really deep or did I drive to the wrong station?

How often are we asked a simple question like “Who are you?” or “What do you do?” or “Where are you from?” Considering it a superficial question—if we even consider it at all—we don’t bother with more than a superficial answer.

But, gun to their head, most people couldn’t give much in the way of a substantive answer. Could you? Have you taken the time to get clarity about who you are and what you stand for? Or are you too busy chasing unimportant things, mimicking the wrong influences, and following disappointing or unfulfilling or nonexistent paths?","January 6

Hang Their Pictures on Your Wall

He could not have known what the future would hold. He could not have known how he and his country would soon be tested. But in 2019, Volodymyr Zelenskyy gave a twenty-minute presidential inaugural address to the people of Ukraine that foreshadowed how he would respond.

Despite being one of his country’s greatest success stories, making a fortune in the entertainment business and then holding its highest office, Zelenskyy asked not to be celebrated or held up as a model. “I really do not want my pictures in your offices, for the president is not an icon, an idol, or a portrait,” he said. “Hang your kids’ photos instead, and look at them each time you are making a decision.”

Then, in February 2022, in an act of brutal illegality and avarice, Russia invaded Ukraine. Zelenskyy stood and fought, refusing opportunities to be rescued. What could be motivating him? His own advice. He has two children, ages eighteen and ten, whom he fights for. The Ukrainian military and its citizen-soldiers were similarly motivated—fighting valiantly alongside him against incredible odds for the chance that their children might live in freedom and live proudly, knowing that when it counted, their parents were prepared to sacrifice everything on their behalf.

Each of us should be inspired and humbled by this example. But as Zelenskyy said, we don’t need to put pictures of heroes on our wall. Instead, we can hang up pictures of our children and strive to make them proud, and this should inspire and fortify us when we have to make tough decisions for their future, for their safety, for their freedom.

It is our kids who compel us to do the right thing . . . because they are always watching."
2025-01-07,"January 7



“The proper work of the mind is the exercise of choice, refusal, yearning, repulsion, preparation, purpose, and assent. What then can pollute and clog the mind’s proper functioning? Nothing but its own corrupt decisions.”

—
E
PICTETUS,
D
ISCOURSES
, 
 4.11.6–7

Let’s break down each one of those tasks:

Choice—to do and think right

Refusal—of temptation

Yearning—to be better

Repulsion—of negativity, of bad influences, of what isn’t true

Preparation—for what lies ahead or whatever may happen

Purpose—our guiding principle and highest priority

Assent—to be free of deception about what’s inside and outside our control (and be ready to accept the latter)

This is what the mind is here to do. We must make sure that it does—and see everything else as pollution or a corruption.","January 7

They Learn from Home

It is constantly reiterated that education begins in the home, but what is often forgotten is that morality begins in the home also.

—Louis L’Amour

You tell them to be good. To be honest. To follow the law. To care about other people. That safety comes first.

You say these things, but what do you do?

You can’t say that you care about other people and then speed through stop signs because you’re late. You can’t tell your kids that honesty is important and then lie to get out of the ticket. What’s worth more to you, avoiding a fine or living your values? That’s what you have to ask yourself in every situation, particularly the ones where your kids are watching. Is getting what you want worth teaching the wrong lesson and undermining the values you are trying to instill?

Those kids buckled in behind you—they are absorbing your example and assimilating the lessons that will shape them in the smallest and biggest of ways. From the kind of driver they are going to be to the kind of person they are going to be. They are watching you as you go through the world. Right now. They’re watching you break traffic laws, break promises. They hear you when you lie. They feel it when your actions don’t match your words.

Kids learn from home. They learn in the car. They learn from Mom and Dad. You set the standard, so be the standard."
2025-01-08,"January 8



“We must give up many things to which we are addicted, considering them to be good. Otherwise, courage will vanish, which should continually test itself. Greatness of soul will be lost, which can’t stand out unless it disdains as petty what the mob regards as most desirable.

—
S
ENECA,
M
ORAL
L
ETTERS
, 
 74.12
b
–13

W
 hat we consider to be harmless indulgences can easily become full-blown addictions. We start with coffee in the morning, and soon enough we can’t start the day without it. We check our email because it’s part of our job, and soon enough we feel the phantom buzz of the phone in our pocket every few seconds. Soon enough, these harmless habits are running our lives.

The little compulsions and drives we have not only chip away at our freedom and sovereignty, they cloud our clarity. We think we’re in control—but are we really? As one addict put it, addiction is when we’ve “lost the freedom to abstain.” Let us reclaim that freedom.

What that addiction is for you can vary: Soda? Drugs? Complaining? Gossip? The Internet? Biting your nails? But you must reclaim the ability to abstain because within it is your clarity and self-control.","January 8

How Are You Embodying Your Values?

On April 1, 1933, shortly after coming to power in Germany, the Nazis held a boycott of all Jewish businesses. It was the first small persecution of many to come. But too many mothers and fathers who had talked to their kids about doing the right thing simply went along with it.

Not everyone, of course. Dietrich Bonhoeffer’s ninety-nine-year-old grandmother, for instance. On that day, she was out shopping and she refused to be told whose businesses she could support. She ignored or dodged the Nazi troops stationed in front of stores and shopped wherever she liked. Their grandmother “marching past Nazi gorillas” came to be seen in the Bonhoeffer family as “an embodiment of the values they sought to live by.”

That embodiment wasn’t lost on Dietrich, who ten years later would lose his life plotting to assassinate Hitler. Even though he was a pastor, even though he had plenty of opportunities to escape Germany and live in peace and freedom in London or America, he stayed. His grandmother’s example guided him, showed him how to live by his values.

Let the same be true for you and your children, whatever the future holds, big or small."
2025-01-09,"January 9



“Some things are in our control, while others are not. We control our opinion, choice, desire, aversion, and, in a word, everything of our own doing. We don’t control our body, property, reputation, position, and, in a word, everything not of our own doing. Even more, the things in our control are by nature free, unhindered, and unobstructed, while those not in our control are weak, slavish, can be hindered, and are not our own.”

—
E
PICTETUS,
E
NCHIRIDION
, 
 1.1–2

T
 oday, you won’t control the external events that happen. Is that scary? A little, but it’s balanced when we see that we can control our opinion about
 those events. You decide whether they’re good or bad, whether they’re fair or unfair. You don’t control the situation, but you control what you think
 about it.

See how that works? Every single thing that is outside your control—the outside world, other people, luck, karma, whatever—still presents a corresponding area that is
 in your control. This alone gives us plenty to manage, plenty of power.

Best of all, an honest understanding of what is within our control provides real clarity about the world: all we have is our own mind. Remember that today when you try to extend your reach outward—that it’s much better and more appropriately directed inward.","January 9

Protect This Great Invention

The author, educator, and cultural critic Neil Postman points out in The Disappearance of Childhood that childhood is a social construct. Genetic expression makes no distinction between who is a child and who isn’t. Children, as we understand them, have existed for less than four hundred years. “The idea of childhood is one of the great inventions of the Renaissance,” he writes, because it allowed children to develop, to learn, to have a safe space to play and explore and discover themselves.

Like any invention, childhood can disappear. How? With the disappearance of adulthood. Childhood, as both a social structure and a psychological condition, works when things like maturity, responsibility, literacy, and critical thinking mark an adult. But when things like long-form writing and reading decline, the gap between child and adult shrinks; the line between them blurs and then dissolves.

As parents, we have to protect this great invention. We have to increase the gap between childhood and adulthood. Let them be kids . . . but also make sure that you are being an adult. Be a leader. Be responsible. Be an example, a model they have to strive toward. Let them see you with a book they can’t yet comprehend. Let them be around adult conversations they can’t quite understand. Let them see you working and sweating and providing.

Let them see an adult—so they have something not just to look up to but to look forward to as well."
2025-01-10,"January 10



“The essence of good is a certain kind of reasoned choice; just as the essence of evil is another kind. What about externals, then? They are only the raw material for our reasoned choice, which finds its own good or evil in working with them. How will it find the good? Not by marveling at the material! For if judgments about the material are straight that makes our choices good, but if those judgments are twisted, our choices turn bad.”

—
E
PICTETUS,
D
ISCOURSES
, 
 1.29.1–3

T
 he Stoics seek steadiness, stability, and tranquility—traits most of us aspire to but seem to experience only fleetingly. How do they accomplish this elusive goal? How does one embody eustatheia
 (the word Arrian used to describe this teaching of Epictetus)?

Well, it’s not luck. It’s not by eliminating outside influences or running away to quiet and solitude. Instead, it’s about filtering the outside world through the straightener of our judgment. That’s what our reason can do—it can take the crooked, confusing, and overwhelming nature of external events and make them orderly.

However, if our judgments are crooked because we don’t use reason, then everything that follows will be crooked, and we will lose our ability to steady ourselves in the chaos and rush of life. If you want to be steady, if you want clarity, proper judgment is the best way.","January 10

Your Living Is the Teaching

Example is not the main thing in influencing others. It is the only thing.

—Albert Schweitzer

Socrates’s students said of their teacher that for all the genius he possessed, Plato and Aristotle and all the other sages who learned from him “derived more benefit from [his] character than [his] words.” So it was for Zeno and Cleanthes, the two earliest Stoic philosophers. “Cleanthes could not have been the express image of Zeno,” Seneca wrote, “if he had merely heard his lectures; he shared in his life, saw into his hidden purposes, and watched him to see whether he lived according to his own rules.”

Is there a better description—a better bar to set—for a parent than this? If you want to teach your kids, it’s not going to be with words. It’s not going to be with lectures. It’s going to be through showing them that you live according to the rules you set and the values you are trying to tell them are important."
2025-01-11,"January 11



“For if a person shifts their caution to their own reasoned choices and the acts of those choices, they will at the same time gain the will to avoid, but if they shift their caution away from their own reasoned choices to things not under their control, seeking to avoid what is controlled by others, they will then be agitated, fearful, and unstable.”

—
E
PICTETUS,
D
ISCOURSES
, 
 2.1.12

T
 he image of the Zen philosopher is the monk up in the green, quiet hills, or in a beautiful temple on some rocky cliff. The Stoics are the antithesis of this idea. Instead, they are the man in the marketplace, the senator in the Forum, the brave wife waiting for her soldier to return from battle, the sculptor busy in her studio. Still, the Stoic is equally at peace.

Epictetus is reminding you that serenity and stability are results of your choices and judgment, not your environment. If you seek to avoid all disruptions to tranquility—other people, external events, stress—you will never be successful. Your problems will follow you wherever you run and hide. But if you seek to avoid the harmful and disruptive judgments
 that cause those problems, then you will be stable and steady wherever you happen to be.","January 11

We Can Be That Gift

Marcus Aurelius’s father died when he was young. But then this young boy who was cursed by tragedy received a great gift. A gift that all children who have received it know to be one of the most incredible things in the world: a loving stepfather.

Ernest Renan wrote that, more than his teachers and tutors, “Marcus had a single master whom he revered above them all, and that was Antoninus.” All his adult life, Marcus strived to be a disciple of his adoptive stepfather. While he lived, Marcus saw him, Renan said, as “the most beautiful model of a perfect life.”

What were the things that Marcus learned from Antoninus? He learned the importance of compassion, hard work, persistence, altruism, self-reliance, cheerfulness; keeping an open mind and listening to anyone who could contribute; taking responsibility and blame, and putting other people at ease; yielding the floor to experts and heeding their advice; knowing when to push something or someone and when to back off; being indifferent to superficial honors and treating people as they deserved to be treated.

It’s quite a list, isn’t it? These lessons impacted Marcus so deeply, he remembered them far into adulthood and recorded them for his own reference in what would become Meditations. What made the lessons so powerful was that they were embodied in Antoninus’s actions rather than written on some tablet or scroll.

There is no better way to learn than from a role model. There is no better way to judge our progress than in constant company with the person we would most like to be one day."
2025-01-12,"January 12



“Keep this thought at the ready at daybreak, and through the day and night—there is only one path to happiness, and that is in giving up all outside of your sphere of choice, regarding nothing else as your possession, surrendering all else to God and Fortune.”

—
E
PICTETUS,
D
ISCOURSES
, 
 4.4.39

T
 his morning, remind yourself of what is in your control and what’s not in your control. Remind yourself to focus on the former and not the latter.

Before lunch, remind yourself that the only thing you truly possess is your ability to make choices (and to use reason and judgment when doing so). This is the only thing that can never be taken from you completely.

In the afternoon, remind yourself that aside from the choices you make, your fate is not entirely up to you. The world is spinning and we spin along with it—whichever direction, good or bad.

In the evening, remind yourself again how much is outside of your control and where your choices begin and end.

As you lie in bed, remember that sleep is a form of surrender and trust and how easily it comes. And prepare to start the whole cycle over again tomorrow.","January 12

Don’t Talk About It. Be About It.

Tim Duncan is likely the greatest power forward in the history of the NBA. Five titles. Three NBA Finals MVPs. Fifteen All-Star appearances. Fifteen All-NBA Team selections. Fifteen NBA All-Defensive Team selections. The most devastating turnaround jumper off the glass that basketball has ever seen. And he did it with a selflessness and poise that are almost unmatched.

Almost is the operative word, of course, because Duncan was helped along on this journey to greatness by his predecessor and teammate David Robinson. How did these two superstars connect? How did one mentor the other? In his NBA Hall of Fame induction speech, Duncan explained:

People always ask, “What did he tell you? What did he show you?” I don’t remember one thing we sat down and talked about specifically. But what he did was he was a consummate pro, he was an incredible father, he was an incredible person, and he showed me how to be a good teammate, a great person to the community, all those things. Not by sitting there and telling me how to do it, but by being that.

We’re better off embodying our philosophy rather than talking about it. As the Stoics said, it’s a waste of time to speculate or argue about what makes a good man, a good athlete, a good teammate. Our job, they said, is to be one. This is how it goes, in sports, in life, and for parents. Sure, we can talk all we want. We can have great conversations. But what matters is what we do, who we are, how we act."
2025-01-13,"January 13



“We control our reasoned choice and all acts that depend on that moral will. What’s not under our control are the body and any of its parts, our possessions, parents, siblings, children, or country—anything with which we might associate.”

—
E
PICTETUS,
D
ISCOURSES
, 
 1.22.10

T
 his is important enough that it bears repeating: a wise person knows what’s inside their circle of control and what is outside of it.

The good news is that it’s pretty easy to remember what is inside our control. According to the Stoics, the circle of control contains just one thing: YOUR MIND. That’s right, even your physical body isn’t completely within the circle. After all, you could be struck with a physical illness or impairment at any moment. You could be traveling in a foreign country and be thrown in jail.

But this is all good news because it drastically reduces the amount of things that you need to think about. There is clarity in simplicity. While everyone else is running around with a list of responsibilities a mile long—things they’re not actually responsible for—you’ve got just that one-item list. You’ve got just one thing to manage: your choices, your will, your mind.

So mind it.","January 13

Here’s How to Have Lasting Impact

To be in your children’s memories tomorrow, you have to be in their lives today.

—Barbara Johnson

Whether you know it or not, whether you knew them or not, your grandparents have had a significant impact on your life. They did that through the values they instilled in their children—your parents. And now you’re passing many of those lessons on to your own kids.

That’s one person having an impact on three generations. When you think about it like that, it’s not an exaggeration to say that your grandparents quite literally changed the world. And they did it in the smallest of ways—with just a few conversations, with how they went to work every day, with the books they read in the evening and the manners they displayed at dinner. They did it in the conversations they had when their kids made mistakes. They did it in how they treated their neighbors and mowed their lawns and plowed their driveways.

There are lots of things we can do to change the world. We should try to do all of them. But we have to know—and we can never forget—how much impact we can have on the world right here at home. Through our children, their children, and their children’s children, we have profound multigenerational legacy.

That’s an incredible power. Don’t neglect it."
2025-01-14,"January 14



“Understand at last that you have something in you more powerful and divine than what causes the bodily passions and pulls you like a mere puppet. What thoughts now occupy my mind? Is it not fear, suspicion, desire, or something like that?”

—
M
ARCUS
A
URELIUS,
M
EDITATIONS
, 
 12.19

T
 hink of all the interests vying for a share of your wallet or for a second of your attention. Food scientists are engineering products to exploit your taste buds. Silicon Valley engineers are designing applications as addictive as gambling. The media is manufacturing stories to provoke outrage and anger.

These are just a small slice of the temptations and forces acting on us—distracting us and pulling us away from the things that truly matter. Marcus, thankfully, was not exposed to these extreme parts of our modern culture. But he knew plenty of distracting sinkholes too: gossip, the endless call of work, as well as fear, suspicion, lust. Every human being is pulled by these internal and external forces that are increasingly more powerful and harder to resist.

Philosophy is simply asking us to pay careful attention and to strive to be more than a pawn. As Viktor Frankl puts it in The Will to Meaning
 , “Man is pushed by drives but pulled by values.” These values and inner awareness prevent us from being puppets. Sure, paying attention requires work and awareness, but isn’t that better than being jerked about on a string?","January 14

Where Do They Learn to Judge?

I have a two-year-old son. Know what he hates? Naps. End of list.

—Denis Leary

We wonder where our kids learn to judge or, worse, where they learn to be biased or to think less of this group or that one. There is only one answer: they learn it from us.

It was a comment under your breath about your brother’s spending habits. It was a joke about a celebrity’s weight. It was a complaint about the way your neighbor parks in their driveway. It was the conversation between you and your spouse over dinner about what’s wrong with the other side, with them.

You didn’t mean anything by it. You don’t really care. But your kids heard it. And they can read only your lips, not your mind.

We want kids who are open-minded, who give people the benefit of the doubt. But are you showing yours what this looks like day to day? Sure, you’re not a bigot, but are you always kind? You would never say something cruel to someone’s face, so why are you saying it behind their back? Especially when your kids can hear you.

The world needs less judgment, less bullying, fewer opinions, period. Can you start this trend at home? Can you teach your kids what that looks like, instead of letting the same old rumor mill spin round and round, grinding their goodness to dust?"
2025-01-15,"January 15



“Tranquility can’t be grasped except by those who have reached an unwavering and firm power of judgment—the rest constantly fall and rise in their decisions, wavering in a state of alternately rejecting and accepting things. What is the cause of this back and forth? It’s because nothing is clear and they rely on the most uncertain guide—common opinion.”

—
S
ENECA,
M
ORAL
L
ETTERS
, 
 95.57
b
–58
a

I
 n Seneca’s essay on tranquility, he uses the Greek word euthymia
 , which he defines as “believing in yourself and trusting that you are on the right path, and not being in doubt by following the myriad footpaths of those wandering in every direction.” It is this state of mind, he says, that produces tranquility.

Clarity of vision allows us to have this belief. That’s not to say we’re always going to be 100 percent certain of everything, or that we even should be. Rather, it’s that we can rest assured we’re heading generally in the right direction—that we don’t need to constantly compare ourselves with other people or change our mind every three seconds based on new information.

Instead, tranquility and peace are found in identifying our
 path and in sticking to it: staying the course—making adjustments here and there, naturally—but ignoring the distracting sirens who beckon us to turn toward the rocks.","January 15

If You Want Your Kids to Respect You

You will earn the respect of all men if you begin by earning the respect of yourself.

—Musonius Rufus

Every parent wants to be listened to. We want our advice to be taken seriously. We want to be looked up to. Most of all, we want to be respected.

Well, if you want your kids to respect you, be worthy of respect.

Just think about it for a second: Why would they respect advice that you don’t live by? Why would they admire you when you’re not living up to your own potential? Why would they look up to you when you yourself are dealing (poorly) with self-esteem issues, when you have accepted the lies of impostor syndrome and allowed them to affect how you act as a parent?

Get your stuff straight. Be the parent you know you can be—be the person you know you can be. The rest will follow. And if it doesn’t? Then at least you’ll be strong enough to deal with whatever comes."
2025-01-16,"January 16



“So in the majority of other things, we address circumstances not in accordance with the right assumptions, but mostly by following wretched habit. Since all that I’ve said is the case, the person in training must seek to rise above, so as to stop seeking out pleasure and steering away from pain; to stop clinging to living and abhorring death; and in the case of property and money, to stop valuing receiving over giving.”

—
M
USONIUS
R
UFUS,
L
ECTURES
, 
 6.25.5–11

A
 worker is asked: “Why did you do it this way?” The answer, “Because that’s the way we’ve always done things.” The answer frustrates every good boss and sets the mouth of every entrepreneur watering. The worker has stopped thinking and is mindlessly operating out of habit. The business is ripe for disruption by a competitor, and the worker will probably get fired by any thinking boss.

We should apply the same ruthlessness to our own habits. In fact, we are studying philosophy precisely to break ourselves of rote behavior. Find what you do out of rote memory or routine. Ask yourself: Is this really the best way to do it?
 Know why you do what you do—do it for the right reasons.","January 16

Don’t Let Your Kids Down

The Warrior Ethos . . . rests on the will and resolve [of Spartans] to defend their children, their home soil and the values of their culture.

—Steven Pressfield

If you don’t know the story of the three hundred Spartans at Thermopylae, here’s what happened: The ancient Greek king Leonidas led some seven thousand men, three hundred of whom were Spartan warriors, into a battle against the invading army of Xerxes the Great and more than three hundred thousand Persian soldiers. The Spartans held the front line for two days, but on the third, they were finally overrun. Leonidas ordered the three hundred Spartans to remain and fight, sacrificing himself and his men to allow Greece to live and fight another day.

How did Leonidas choose the three hundred warriors he would lead out to the Hot Gates to battle an overwhelming enemy? They were all “fathers of living sons,” according to Plutarch. You might think it would have been the opposite, that parents would be allowed to sit out a potential suicide mission—but that’s not how it worked in Sparta. These warriors were chosen because parents would never want to let their kids down. These fathers would fight most bravely, most fiercely, not only to protect what they had back at home but to protect the reputations of their family names, which might be all their children had left if they were to fall in battle. To abandon their comrades or behave in a cowardly way would be to risk great shame and the possibility of letting down the family that so looked up to them.

Our kids are whom we should want to impress. They’re the ones we should never want to let down. They’re not only the ones we’re fighting for but also the ones whose standards—whose natural admiration and love—we should always be fighting to live up to."
2025-01-17,"January 17



“I am your teacher and you are learning in my school. My aim is to bring you to completion, unhindered, free from compulsive behavior, unrestrained, without shame, free, flourishing, and happy, looking to God in things great and small—your aim is to learn and diligently practice all these things. Why then don’t you complete the work, if you have the right aim and I have both the right aim and right preparation? What is missing? . . . The work is quite feasible, and is the only thing in our power. . . . Let go of the past. We must only begin. Believe me and you will see.”

—
E
PICTETUS,
D
ISCOURSES
, 
 2.19.29–34

D
 o you remember, in school or early in your life, being afraid to try something because you feared you might fail at it? Most teenagers choose to fool around rather than exert themselves. Halfhearted, lazy effort gives them a ready-made excuse: “It doesn’t matter. I wasn’t even trying.
 ”

As we get older, failure is not so inconsequential anymore. What’s at stake is not some arbitrary grade or intramural sports trophy, but the quality of your life and your ability to deal with the world around you.

Don’t let that intimidate you, though. You have the best teachers in the world: the wisest philosophers who ever lived. And not only are you capable, the professor is asking for something very simple: just begin the work. The rest follows.","January 17

You Can’t Be a Hypocrite

The only thing worse than a liar is a liar that’s also a hypocrite.

—Tennessee Williams

A few years ago, the Emmy-winning actor William H. Macy was asked for the best piece of advice he had ever been given. “Never lie,” he answered. “It’s the cheapest way to go. Lies cost you a lot and they’re never worth what they cost.”

But as the authors of Unacceptable: Privilege, Deceit & the Making of the College Admissions Scandal noted, precisely as Macy was giving this interview, he and his wife, Felicity Huffman, were fabricating their daughter’s SAT scores (without her knowledge, as it happens, and they were planning to do the same for their youngest daughter). The worst part? His daughter wanted to go to a theater school that didn’t even require high SAT scores!

It was the cheapest way to go and yet not remotely worth the cost. Macy’s wife would briefly go to jail for her role in the fraud scheme. His daughter was crushed. Not only was the whole scandal a massive embarrassment, but she also had to bear witness to the hypocrisy of her parents, who had talked so much about being good people and then done such a bad thing, the motivation for which was that they didn’t believe in her!

No child deserves that. At the very least, they deserve parents who live up to what they say. Give your kids that. Don’t be a hypocrite."
2025-01-18,"January 18



“Pass through this brief patch of time in harmony with nature, and come to your final resting place gracefully, just as a ripened olive might drop, praising the earth that nourished it and grateful to the tree that gave it growth.”

—
M
ARCUS
A
URELIUS,
M
EDITATIONS
, 
 4.48.2

T
 here are some stunningly beautiful turns of phrase in Marcus’s Meditations
 —a surprising treat considering the intended audience (just himself). In one passage, he praises the “charm and allure” of nature’s process, the “stalks of ripe grain bending low, the frowning brow of the lion, the foam dripping from the boar’s mouth.” We should thank private rhetoric teacher Marcus Cornelius Fronto for the imagery in these vivid passages. Fronto, widely considered to be Rome’s best orator besides Cicero, was chosen by Marcus’s adopted father to teach Marcus to think and write and speak.

More than just pretty phrases, they gave him—and now us—a powerful perspective on ordinary or seemingly un
 beautiful events. It takes an artist’s eye to see that the end of life is not unlike a ripe fruit falling from its tree. It takes a poet to notice the way “baking bread splits in places and those cracks, while not intended in the baker’s art, catch our eye and serve to stir our appetite” and find a metaphor in them.

There is clarity (and joy) in seeing what others can’t see, in finding grace and harmony in places others overlook. Isn’t that far better than seeing the world as some dark place?","January 18

Teach Them to Be Particular

Kids are picky. They don’t like this. They don’t like that. They need those to be exactly like them. But that can’t possibly be what John Lewis’s mother meant to encourage when she repeated her motto to her kids as they grew up. “Be particular,” she’d tell them.

What she meant, David Halberstam would write in his powerful book on the civil rights movement, The Children, was, “be careful, and be responsible for yourself, and always be well prepared.” This was a set of standards that she tried to hold her kids to not only when they were little but all their lives. In the 1990s, when her son John had become Congressman John Lewis and was well into his fifties, she was still reminding them of her motto. When John faced off in a series of political fights with Newt Gingrich, Willie Mae Lewis called her son and said, “I want you to be particular with that man.” Meaning again, as Halberstam writes, that, “he was to be careful in his criticism of Gingrich; any attack had better be factually accurate.”

Not picky but particular. Not peculiar but particular. Be exacting. Get your facts straight. Do your job. Don’t let anyone or anything excuse you from it. Do it well.

These are wonderful reminders to give our kids . . . but as always, it’s much more important that they see us living these lessons. Show them the difference between picky and particular, between factual and fatuous, between compromise and compromising your standards.

Show them what responsibility looks like. Show them how to be careful and how to always be prepared. Because someday you won’t be here, and they will have kids of their own who will need to learn these very particular lessons from them."
2025-01-19,"January 19



“A podium and a prison is each a place, one high and the other low, but in either place your freedom of choice can be maintained if you so wish.”

—
E
PICTETUS,
D
ISCOURSES
, 
 2.6.25

T
 he Stoics all held vastly different stations in life. Some were rich, some were born at the bottom of Rome’s rigid hierarchy. Some had it easy, and others had it unimaginably hard. This is true for us as well—we all come to philosophy from different backgrounds, and even within our own lives we experience bouts of good fortune and bad fortune.

But in all circumstances—adversity or advantage—we really have just one thing we need to do: focus on what is in our control as opposed to what is not. Right now we might be laid low with struggles, whereas just a few years ago we might have lived high on the hog, and in just a few days we might be doing so well that success is actually a burden. One thing will stay constant: our freedom of choice—both in the big picture and small picture.

Ultimately, this is clarity. Whoever we are, wherever we are—what matters is our choices. What are they? How will we evaluate them? How will we make the most of them? Those are the questions life asks us, regardless of our station. How will you answer?","January 19

Where Did You See That?

Without a ruler to do it against, you can’t make crooked straight.

—Seneca

Your daughter gets mad, so she slams the door and screams. Your son makes himself a snack and leaves the kitchen a disaster for someone else to clean up. You hear them say something rude to a waiter. You see them write something offensive on social media.

Before you get mad, before you condemn their actions, just take them aside. Ask them, kindly and openly, a question that the bodybuilder Mark Bell says he always asks his teenage kids: “Hey, when have you seen me do that?”

This is a great question. Because it may well be that you have been inadvertently modeling behavior you find repugnant in others. And while that’s no excuse for bad behavior, it’s useful to know if we’ve been tacitly condoning the wrong things to our kids. But if you haven’t, then they have even less of an excuse."
2025-01-20,"January 20



“Your principles can’t be extinguished unless you snuff out the thoughts that feed them, for it’s continually in your power to reignite new ones. . . . It’s possible to start living again! See things anew as you once did—that is how to restart life!”

—
M
ARCUS
A
URELIUS,
M
EDITATIONS
, 
 7.2

H
 ave you had a bad couple of weeks? Have you been drifting away from the principles and beliefs that you hold dear? It’s perfectly fine. It happens to all of us.

In fact, it probably happened to Marcus—that may be why he scribbled this note to himself. Perhaps he’d been dealing with difficult senators or having difficulties with his troubled son. Perhaps in these scenarios he’d lost his temper, became depressed, or stopped checking in with himself. Who wouldn’t?

But the reminder here is that no matter what happens, no matter how disappointing our behavior has been in the past, the principles themselves remain unchanged. We can return and embrace them at any moment. What happened yesterday—what happened five minutes ago—is the past. We can reignite and restart whenever we like.

Why not do it right now?","January 20

Do the Things You Want Them to Do

You want your son to be strong and to be honest. You want your daughters to be those things too. You want them to work hard, to help other people, to be respectful to their parents and the people they meet on the street. You want them to be clean and organized, to laugh and to be resilient.

Of course you want those things. Everyone does. The question is, how do we raise good kids? The answer is staring you in the mirror.

The bestselling author and father of two Austin Kleon talks about how this is the hardest part of parenting: You have to be the kind of human being you want your children to be. You have to do the things you want your kids to do. “I find this with parents all the time,” he said. “They want their kids to do things that they don’t do themselves.” He wants his kids to be readers, so he makes sure they see him reading. He wants them to explore different hobbies and interests, so he makes sure they see him practicing an instrument or tinkering in a sketchbook. He wants them to work hard and find work they care about, so he makes sure they see him working in his studio. He wants them to treat others with respect and kindness, so he makes sure they see him giving their mother something he made for her.

Who you are forms who they will be. So be who you want them to be. Do what you want them to do. It’s hard, but it’s the only way."
2025-01-21,"January 21



“Ask yourself the following first thing in the morning:

—
E
PICTETUS,
D
ISCOURSES
, 
 4.6.34–35

M
 any successful people have a morning ritual. For some, it’s meditation. For others, it’s exercise. For many, it’s journaling—just a few pages where they write down their thoughts, fears, hopes. In these cases, the point is not so much the activity itself as it is the ritualized reflection. The idea is to take some time to look inward and examine.

Taking that time is what Stoics advocated more than almost anything else. We don’t know whether Marcus Aurelius wrote his Meditations
 in the morning or at night, but we know he carved out moments of quiet alone time—and that he wrote for himself, not for anyone else. If you’re looking for a place to start your own ritual, you could do worse than Marcus’s example and Epictetus’s checklist.

Every day, starting today, ask yourself these same tough questions. Let philosophy and hard work guide you to better answers, one morning at a time, over the course of a life.","January 21

What Are They Learning from How You Carry Yourself?

That’s what we’re all doing. . . . We’re setting examples, . . . and our conduct will have a great bearing on our youth, certainly, and our youth are our future.

—John Wooden

From his dad, Bruce Springsteen learned about shame, broken pride, and struggling with demons that you can’t quite conquer. You can hear the pain it caused Bruce in many of his songs.

As unlucky as Springsteen was to be dealt that hand, he was also incredibly lucky to have a mother who set a very different example. In his memoir, Born to Run, Bruce writes about visiting his mom at her job as a legal secretary. “I am proud, she is proud,” he writes, recalling how it felt to see her in her element, away from their house, doing her job. Bruce could see himself in her, and it called him to be better. “We are handsome, responsible members of this one-dog burg pulling our own individual weight, doing what has to be done. We have a place here, a reason to open our eyes at the break of day and breathe in a life that is steady and good.”

What are your kids learning from how you carry yourself? Are you showing them, as Bruce’s dad did, how to be angry and bitter and lost? Or, as Bruce’s mom did, are you showing them how to be brave and tough and find their niche? Is your example calling them to be better or worse?"
2025-01-22,"January 22



“I will keep constant watch over myself and—most usefully—will put each day up for review. For this is what makes us evil—that none of us looks back upon our own lives. We reflect upon only that which we are about to do. And yet our plans for the future descend from the past.”

—
S
ENECA,
M
ORAL
L
ETTERS
, 
 83.2

I
 n a letter to his older brother Novatus, Seneca describes a beneficial exercise he borrowed from another prominent philosopher. At the end of each day he would ask himself variations of the following questions: What bad habit did I curb today? How am I better? Were my actions just? How can I improve?

At the beginning or end of each day, the Stoic sits down with his journal and reviews: what he did, what he thought, what could be improved. It’s for this reason that Marcus Aurelius’s Meditations
 is a somewhat inscrutable book—it was for personal clarity and not public benefit. Writing down Stoic exercises was and is also a form of practicing them, just as repeating a prayer or hymn might be.

Keep your own journal, whether it’s saved on a computer or in a little notebook. Take time to consciously recall the events of the previous day. Be unflinching in your assessments. Notice what contributed to your happiness and what detracted from it. Write down what you’d like to work on or quotes that you like. By making the effort to record such thoughts, you’re less likely to forget them. An added bonus: you’ll have a running tally to track your progress too.","January 22

They Are Always Listening

Children have never been very good at listening to their elders, but they have never failed to imitate them.

—James Baldwin

Have you ever heard your kids say something that just stops you cold? One of those remarks that makes you instinctively do a double take? Like that scene in A Christmas Story? Ralphie is holding a hubcap full of lug nuts as his father changes a tire on a snowy night. Old Man Parker knocks the hubcap and the lug nuts go flying. “Oh, fuuuuuuuuudge,” Ralphie says. “Only I didn’t say fudge,” Ralphie’s voice-over explains. “I said the word, the big one, the queen mother of dirty words, the F-dash-dash-dash word!”

Old Man Parker’s jaw drops and his eyes go wide. Where did that come from? he must be thinking. Where did he hear that?

Of course, he knows. Ralphie heard it from his father, famous for the “tapestry of obscenities” he could weave with his words when he was upset. The little fellow was simply following in the old man’s profane footsteps.

The point is this: Kids are always watching, eyes, ears, and heart open. They absorb everything. What will they hear? What is going to pour out of you that will soak into them? That’s the question."
2025-01-23,"January 23



“Let’s pass over to the really rich—how often the occasions they look just like the poor! When they travel abroad they must restrict their baggage, and when haste is necessary, they dismiss their entourage. And those who are in the army, how few of their possessions they get to keep . . .”

—
S
ENECA,
O
N
C
ONSOLATION TO
H
ELVIA
, 
 12. 
 1.
b
–2

T
 he author F. Scott Fitzgerald, who often glamorized the lifestyles of the rich and famous in books like The Great Gatsby
 , opens one of his short stories with the now classic lines: “Let me tell you about the very rich. They are different from you and me.” A few years after this story was published, his friend Ernest Hemingway teased Fitzgerald by writing, “Yes, they have more money.”

That’s what Seneca is reminding us. As someone who was one of the richest men in Rome, he knew firsthand that money only marginally changes life. It doesn’t solve the problems that people without it seem to think it will. In fact, no material possession will. External things can’t fix internal issues.

We constantly forget this—and it causes us so much confusion and pain. As Hemingway would later write of Fitzgerald, “He thought [the rich] were a special glamorous race and when he found they weren’t it wrecked him as much as any other thing that wrecked him.” Without a change the same will be true for us.","January 23

You Gotta Live Up to It

There are some very basic parenting laws that we all know and we all try to get our kids to follow. They involve hard work, sportsmanship, effort, manners, respect, and boundaries. You know the ones; they’re the basic rules that every parent knows.

There are a million others that we believe are essential to growing up. Some have become clichés, others are simple truisms, but they got that way because we have found virtue in repeating them, day after day, child after child, generation after generation. What we think less about is whether we’re actually following those rules ourselves, whether we are abiding by the laws we seek to enforce. As the billionaire Charles Koch once explained of the main lesson he learned from his father’s very hands-on parenting: you can’t lecture your kids on anything you don’t live up to.

You can’t tell your kids to respect others and then talk rudely to a customer service representative on the phone. You can’t tell them that it’s important to find and follow their passion and meanwhile work their entire childhood at a job that pays well but makes you miserable. You can’t tell them that family is important if your actions don’t show it.

You can’t lecture your kids. You have to live up to the lessons you want them to learn."
2025-01-24,"January 24



“From Rusticus . . . I learned to read carefully and not be satisfied with a rough understanding of the whole, and not to agree too quickly with those who have a lot to say about something.”

—
M
ARCUS
A
URELIUS,
M
EDITATIONS
, 
 1.7.3

T
 he first book of Marcus Aurelius’s Meditations
 begins with a catalog of gratitude. He thanks, one by one, the leading influences in his life. One of the people he thanks is Quintus Junius Rusticus, a teacher who developed in his student a love of deep clarity and understanding—a desire to not just stop at the surface when it comes to learning.

It was also from Rusticus that Marcus was introduced to Epictetus. In fact, Rusticus loaned Marcus his personal copy of Epictetus’s lectures. Marcus clearly wasn’t satisfied with just getting the gist of these lectures and didn’t simply accept them on his teacher’s recommendation. Paul Johnson once joked that Edmund Wilson read books “as though the author was on trial for his life.” That’s how Marcus read Epictetus—and when the lessons passed muster, he absorbed
 them. They became part of his DNA as a human being. He quoted them at length over the course of his life, finding real clarity and strength in words, even amid the immense luxury and power he would come to possess.

That’s the kind of deep reading and study we need to cultivate as well, which is why we’re reading just one page a day instead of a chapter at a time. So we can take the time to read attentively and deeply.","January 24

When You Get Them to Listen . . .

E. H. Harriman was as rich as they come. A railroad baron. A captain of industry. Everything his children could possibly want or need, he gave them. Yet unlike some wealthy parents, he coupled this luxury with stern maxims and advice. He wanted his kids to do something with their lives, to make a difference in the world. He was fond of repeating, “Great wealth is an obligation and responsibility. Money must work for the country.”

We all say things to our kids, just as our parents did to us. Little bits and bobs of wisdom that we picked up places. We hope they hear us. We hope it gets through.

And when it does? Oh, that is the best.

In 1901, when Harriman’s daughter made her debut in society, she was, unlike her friends, appalled at the spectacle, at the parties people were throwing for themselves. It seemed so wasteful and self-indulgent. So she used her budget to found what would become the Junior League, a volunteerism nonprofit that exists to this day to help the less fortunate. She put her money to work not just for the country but for the world, and in doing so improved countless lives.

We have to remember that as parents we are always planting seeds. A comment here, a book we have them read there. A documentary we watch together, an example we set, a person we introduce them to. When we get them to listen? When they really hear us? Wonderful things can grow out of that."
2025-01-25,"January 25



“What’s left to be prized? This, I think—to limit our action or inaction to only what’s in keeping with the needs of our own preparation . . . it’s what the exertions of education and teaching are all about—here is the thing to be prized! If you hold this firmly, you’ll stop trying to get yourself all the other things. . . . If you don’t, you won’t be free, self-sufficient, or liberated from passion, but necessarily full of envy, jealousy, and suspicion for any who have the power to take them, and you’ll plot against those who do have what you prize. . . . But by having some self-respect for your own mind and prizing it, you will please yourself and be in better harmony with your fellow human beings, and more in tune with the gods—praising everything they have set in order and allotted you.”

—
M
ARCUS
A
URELIUS,
M
EDITATIONS
, 
 6.16.2
b
–4
a

W
 arren Buffett, whose net worth is approximately $65 billion, lives in the same house he bought in 1958 for $31,500. John Urschel, a lineman for the Baltimore Ravens, makes millions but manages to live on $25,000 a year. San Antonio Spurs star Kawhi Leonard gets around in the 1997 Chevy Tahoe he’s had since he was a teenager, even with a contract worth some $94 million. Why? It’s not because these men are cheap. It’s because the things that matter to them are cheap
 .

Neither Buffett nor Urschel nor Leonard ended up this way by accident. Their lifestyle is the result of prioritizing. They cultivate interests that are decidedly below their financial means, and as a result, any
 income would allow them freedom to pursue the things they most care about. It just happens that they became wealthy beyond any expectation. This kind of clarity—about what they love most in the world—means they can enjoy their lives. It means they’d still be happy even if the markets were to turn or their careers were cut short by injury.

The more things we desire and the more we have to do to earn or attain those achievements, the less we actually enjoy our lives—and the less free we are.","January 25

How to Deter Them

We must be what we wish our children to be. They will form their characters from ours.

—John S. C. Abbott

There are things we don’t want our kids to do. So we set up rules. We create punishments. We supervise them closely. And this works—to a degree—but it’s also exhausting. Meanwhile, we neglect the most powerful deterrent and the most influential motivator: our own actions.

Plutarch tells us:

Fathers ought above all . . . to make themselves a manifest example to their children, so that the latter, by looking at their fathers’ lives as at a mirror, may be deterred from disgraceful deeds and words. For those who are themselves involved in the same errors as those for which they rebuke their erring sons, unwittingly accuse themselves in their sons’ names.

If you don’t want them to do something, if you want to deter them from some negative influence or bad choice, let your actions be the guide. Let your life both spur them and deter them. In this way, you can be their inspiration in any moment."
2025-01-26,"January 26



“Erase the false impressions from your mind by constantly saying to yourself, I have it in my soul to keep out any evil, desire or any kind of disturbance—instead, seeing the true nature of things, I will give them only their due. Always remember this power that nature gave you.”

—
M
ARCUS
A
URELIUS,
M
EDITATIONS
, 
 8.29

A
 nyone who has taken a yoga class or been exposed to Hindu or Buddhist thought has probably heard of the concept of a mantra. In Sanskrit, it means “sacred utterance”—essentially a word, a phrase, a thought, even a sound—intended to provide clarity or spiritual guidance. A mantra can be especially helpful in the meditative process because it allows us to block out everything else while we focus.

It’s fitting, then, that Marcus Aurelius would suggest this Stoic mantra—a reminder or watch phrase to use when we feel false impressions, distractions, or the crush of everyday life upon us. It says, essentially, “I have the power within me to keep that out. I can see the truth.”

Change the wording as you like. That part is up to you. But have a mantra and use it to find the clarity you crave.","January 26

Show Them What a Good Marriage Looks Like

Franklin Delano Roosevelt and Eleanor Roosevelt quite literally preserved a future for their children by fighting for world peace. And yet it’s hard not to judge them for the fact that their five children would be married an astounding nineteen times!

One suspects that FDR bears the majority of the blame for this. He broke his wife’s heart with his affairs. He could be imperious and condescending. He had been spoiled by his own doting mother. Nor was Eleanor blameless. She was so busy. She stuffed her resentments and her anger down. She often pretended everything was perfect when, of course, it wasn’t. They were also distant cousins, which was more normal at the time . . . but still pretty weird!

How could their kids know what a good marriage was like? They had ringside seats to a complicated power marriage between two people who often put just about everything else ahead of their happiness (or duties) as spouses . . . and parents.

The point here is not to judge the Roosevelt marriage nor to insist that you must stay in your current one. It’s to remind you: Your kids learn about everything important from you. Including relationships. So what are you teaching them with yours? What are they seeing that you might be blind to? You have to show them what a good marriage looks like. You have to embody what healthy connections and equal partnerships look like, because the example you set will be their first and the most indelible."
2025-01-27,"January 27



“There are three areas in which the person who would be wise and good must be trained. The first has to do with desires and aversions—that a person may never miss the mark in desires nor fall into what repels them. The second has to do with impulses to act and not to act—and more broadly, with duty—that a person may act deliberately for good reasons and not carelessly. The third has to do with freedom from deception and composure and the whole area of judgment, the assent our mind gives to its perceptions. Of these areas, the chief and most urgent is the first which has to do with the passions, for strong emotions arise only when we fail in our desires and aversions.”

—
E
PICTETUS,
D
ISCOURSES
, 
 3.2.1–3
a

T
 oday, let’s focus on the three areas of training that Epictetus laid out for us.

First, we must consider what we should desire and what we should be averse to. Why? So that we want what is good and avoid what is bad. It’s not enough to just listen to your body—because our attractions often lead us astray.

Next, we must examine our impulses to act—that is, our motivations.
 Are we doing things for the right reasons? Or do we act because we haven’t stopped to think? Or do we believe that we have
 to do something?

Finally, there is our judgment. Our ability to see things clearly and properly comes when we use our great gift from nature: reason.

These are three distinct areas of training, but in practice they are inextricably intertwined. Our judgment affects what we desire, our desires affect how we act, just as our judgment determines how we act. But we can’t just expect this to happen. We must put real thought and energy into each area of our lives. If we do, we’ll find real clarity and success.","January 27

You Can Be a Parent Anywhere

When we think teacher, we think classroom. When we think leader, we think corner office or lectern or a general in front of their troops. But the truth is that a teacher can do their job anywhere and in many forms, just as a leader can.

As Plutarch said of Socrates:

[He] did not set up desks for his students, sit in a teacher’s chair, or reserve a prearranged time for lecturing and walking with his pupils. No, he practiced philosophy while joking around (when the chance arose) and drinking and serving on military campaigns and hanging around the marketplace with some of his students, and finally, even while under arrest and drinking the hemlock. He was the first to demonstrate that our lives are open to philosophy at all times and in every aspect, while experiencing every emotion, and in each and every activity.

As with teaching and leadership and philosophy, so too with parenting. You can be a parent anywhere. You can be a parent every minute of every day to anybody and everybody. You can be that parent in the same way that Socrates taught—by example, by getting down to their level, by being open, and by adapting to the situation at hand."
2025-01-28,"January 28



“Take a good hard look at people’s ruling principle, especially of the wise, what they run away from and what they seek out.”

—
M
ARCUS
A
URELIUS,
M
EDITATIONS
, 
 4.38

S
 eneca has said, “Without a ruler to do it against, you can’t make crooked straight.” That is the role of wise people in our lives—to serve as model and inspiration. To bounce our ideas off and test our presumptions.

Who that person will be for you is up to you. Perhaps it’s your father or your mother. Maybe it’s a philosopher or a writer or a thinker. Perhaps WWJD (What would Jesus do?) is the right model for you.

But pick someone, watch what they do (and what they don’t
 do), and do your best to do the same.","January 28

Let ’Em See You Work

A parent who set an example of loving their work might help their kids more than an expensive house.

—Paul Graham

Our instinct is to find that “work-life balance” that so many people have talked about. We aspire to succeed and achieve in each realm, but not if one comes at the expense of the other. We aim instead to silo work, to not let work intersect with our time with our kids.

The problem? Well, where are your kids supposed to learn the importance of a work ethic? How are they supposed to know what a hardworking dad looks like if they never actually get to see it? How are they supposed to learn what work looks like at all?

That is also your job. To be the example. There is an old Latin expression: A bove maiori discit arare minor. “The younger ox learns to plow from the elder.” That’s because the oxen would be harnessed together. Not only would the kid get to see their mom or dad do what they did, but they’d be literally strapped into it together, to learn on the job.

Obviously good boundaries are important. Obviously you don’t want your work life to overwhelm or interfere with your home life. But make sure that striving for this balance doesn’t accidentally deprive your kids of an important example that will serve them throughout their lives."
2025-01-29,"January 29



“At every moment keep a sturdy mind on the task at hand, as a Roman and human being, doing it with strict and simple dignity, affection, freedom, and justice—giving yourself a break from all other considerations. You can do this if you approach each task as if it is your last, giving up every distraction, emotional subversion of reason, and all drama, vanity, and complaint over your fair share. You can see how mastery over a few things makes it possible to live an abundant and devout life—for, if you keep watch over these things, the gods won’t ask for more.”

—
M
ARCUS
A
URELIUS,
M
EDITATIONS
, 
 2.5

E
 ach day presents the chance to overthink things. What should I wear? Do they like me? Am I eating well enough? What’s next for me in life? Is my boss happy with my work?

Today, let’s focus just on what’s in front of us. We’ll follow the dictum that New England Patriots coach Bill Belichick gives his players: “Do your job.” Like a Roman, like a good soldier, like a master of our craft. We don’t need to get lost in a thousand other distractions or in other people’s business.

Marcus says to approach each task as if it were your last, because it very well could be. And even if it isn’t, botching what’s right in front of you doesn’t help anything. Find clarity in the simplicity of doing your job today.","January 29

Make Your Household First

A critic once advocated that Sparta become a democracy. Lycurgus, its great lawmaker, responded with the quip, “Make your own household a democracy first.”

It’s easy to have opinions about what other people do. It’s less fun to hold yourself to your own standards. You don’t like the ever-expanding national debt? Okay . . . but are your finances in great shape? You hate these ballplayers who sign contracts and then demand trades, abandoning the teams who made and paid them? But don’t you have your eye on a new career opportunity? You don’t like celebrities making a mockery of marriage . . . and how’s your own these days? You think these politicians should grow a pair . . . but what truths are you speaking, and at what risk?

The point is: the place to apply your opinions about the way the world should work is first and foremost in the small world where you actually have some control. That is to say, at home. If you want to see a difference in the world, then model that change and make a difference at home. You’ve got plenty to work with, plenty to fix, plenty to improve. Start there.

Show your kids that change is possible. Show them why your opinions matter, and how they can make theirs matter. Let them witness the real impact that comes from practicing what one preaches. Help them benefit from a focus on the practical instead of the theoretical, the actual instead of the hypothetical.

Start now."
2025-01-30,"January 30



“If you wish to improve, be content to appear clueless or stupid in extraneous matters—don’t wish to seem knowledgeable. And if some regard you as important, distrust yourself.”

—
E
PICTETUS,
E
NCHIRIDION
, 
 13
a

O
 ne of the most powerful things you can do as a human being in our hyperconnected, 24/7 media world is say: “I don’t know.” Or, more provocatively: “I don’t care.” Most of society seems to have taken it as a commandment that one must know about every single current event, watch every episode of every critically acclaimed television series, follow the news religiously, and present themselves to others as an informed and worldly individual.

But where is the evidence that this is actually necessary? Is the obligation enforced by the police? Or is it that you’re just afraid of seeming silly at a dinner party? Yes, you owe it to your country and your family to know generally about events that may directly affect them, but that’s about all.

How much more time, energy, and pure brainpower would you have available if you drastically cut your media consumption? How much more rested and present would you feel if you were no longer excited and outraged by every scandal, breaking story, and potential crisis (many of which never come to pass anyway)?","January 30

They Do Most of It

When the comedian Pete Holmes heard that Mitch Hurwitz, the creator of Arrested Development, had two daughters who were both in their twenties, he congratulated him. “You did it!” he said, acknowledging that his friend had made it through the gauntlet, successfully raising two daughters to adulthood.

But Hurwitz refused to take the compliment. “You know,” he joked, “they did most of it.” Which is true! As we’ve said before, while being a parent is incredibly important, we’re not nearly as important as we think we are.

We do our best to set a good example. They do most of the work.

As hard as our job is, they have it way harder. Don’t you remember being ten? Or fifteen? Or twenty? You don’t remember being a kid . . . probably because you were so busy literally developing a brain. So yes, it’s amazing to see what they’ve become and what they’ve done.

Just remember that they get the credit (and you get the blame)."
2025-01-31,"January 31



“Don’t return to philosophy as a task-master, but as patients seek out relief in a treatment of sore eyes, or a dressing for a burn, or from an ointment. Regarding it this way, you’ll obey reason without putting it on display and rest easy in its care.”

—
M
ARCUS
A
URELIUS,
M
EDITATIONS
, 
 5.9

T
 he busier we get, the more we work and learn and read, the further we may drift. We get in a rhythm. We’re making money, being creative, and we’re stimulated and busy. It seems like everything is going well. But we drift further and further from philosophy.

Eventually this neglect will contribute to a problem—the stress builds up, our mind gets cloudy, we forget what’s important—and result in an injury of some kind. When that happens, it’s important that we tap the brakes—put aside all the momentum and the moment. Return to the regimen and practices that we know are rooted in clarity, good judgment, good principles, and good health
 .

Stoicism is designed to be medicine for the soul. It relieves us of the vulnerabilities of modern life. It restores us with the vigor we need to thrive in life. Check in with it today, and let it do its healing.

","January 31

You Don’t Stop Teaching Your Kids

Nell Painter was an accomplished adult. She was in her seventies. She was a world-class historian. Yet even then, her mother was teaching her.

How did she have the courage to leave a promising academic career at that age and go to art school? Well, her mother writing her own first book at age sixty-five probably had something to do with it.

“It took me years to sense the bravery, the sturdy determination her metamorphosis demanded, for she was tougher than I could see during her lifetime,” she said. “I knew she delved deep to express herself with unadorned honesty. Hard for a woman. Doubly hard for a black woman. Triply hard for a black woman of a class and a generation.” And yet her mother had done it. So when Nell reached her own golden years, she didn’t find it strange to try something strange. She didn’t mind looking odd or out of place. She didn’t mind doing something hard. Her book Old in Art School: A Memoir of Starting Over is a testament to what her mother had taught her implicitly and explicitly.

We should take from this two things: We never stop teaching our kids. And though what we are doing right now may not be resonating with them, it can teach them something in the future.

Keep doing what needs to be done. Embody what you want your kids to be. Keep growing. Keep being the example they can follow. Keep teaching them, implicitly and explicitly."
2025-02-01,"February 1



“Keep this thought handy when you feel a fit of rage coming on—it isn’t manly to be enraged. Rather, gentleness and civility are more human, and therefore manlier. A real man doesn’t give way to anger and discontent, and such a person has strength, courage, and endurance—unlike the angry and complaining. The nearer a man comes to a calm mind, the closer he is to strength.”

—
M
ARCUS
A
URELIUS,
M
EDITATIONS
, 
 11.18.5
b

W
 hy do athletes talk trash to each other? Why do they deliberately say offensive and nasty things to their competitors when the refs aren’t looking? To provoke a reaction. Distracting and angering opponents is an easy way to knock them off their game.

Try to remember that when you find yourself getting mad. Anger is not impressive or tough—it’s a mistake. It’s weakness.
 Depending on what you’re doing, it might even be a trap that someone laid for you.

Fans and opponents called boxer Joe Louis the “Ring Robot” because he was utterly unemotional—his cold, calm demeanor was far more terrifying than any crazed look or emotional outburst would have been.

Strength is the ability to maintain a hold of oneself. It’s being the person who never gets mad, who cannot be rattled, because they are in control of their passions—rather than controlled by
 their passions.","February 1

There Is No Substitute for Your Love

In his beautiful and vulnerable memoir, Bruce Springsteen writes that his father said fewer than a thousand words to him throughout his entire childhood. Maybe “you’re not greeted with love and affection,” he writes, because “you haven’t earned it.” So for decades, Bruce tried anything to earn his father’s love.

In the 1980s, in his thirties, with a few Grammys to his name, Bruce began to struggle with depression. He wasn’t exactly sure why. He’d accomplished more than he dreamed. As an artist, he was beloved by millions and was starting to be discussed in the same conversations as his idols—Elvis, Dean, Dylan. As a son, a man, a human being, things couldn’t have been more different. He felt completely alone.

In that loneliness, Bruce picked up the strange habit of driving through his childhood neighborhood. After years of cruising old haunts, Bruce writes, “I eventually got to wondering, ‘What the hell am I doing?’ ” He went to see a psychiatrist, who didn’t need the background story to know that Bruce was sensing that something had gone wrong and now he was trying to fix it. “Well, you can’t,” the doctor said. You can’t go back. No kid can turn conditional love into unconditional love, absence into presence.

Springsteen writes in the last verse of the song inspired by that trauma, “My Father’s House,” about how his father’s house forever haunted him. It stood like a beacon calling him in the night, he sings:

Calling and calling, so cold and alone

Shining ’cross this dark highway where our sins lie unatoned

It’s poignant, haunting, and heartbreaking. From the outside, it looked like Bruce Springsteen had everything; on the inside, he felt like he had nothing. It’s evidence of our power as parents. No amount of money or celebrity or awards can substitute for your love. That’s all they want."
2025-02-02,"February 2



“Frame your thoughts like this—you are an old person, you won’t let yourself be enslaved by this any longer, no longer pulled like a puppet by every impulse, and you’ll stop complaining about your present fortune or dreading the future.”

—
M
ARCUS
A
URELIUS,
M
EDITATIONS
, 
 2.2

W
 e resent the person who comes in and tries to boss us around. Don’t tell me how to dress, how to think, how to do my job, how to live
 . This is because we are independent, self-sufficient people.

Or at least that’s what we tell ourselves.

Yet if someone says something we disagree with, something inside us tells us we have
 to argue with them. If there’s a plate of cookies in front of us, we have
 to eat them. If someone does something we dislike, we have
 to get mad about it. When something bad happens, we have
 to be sad, depressed, or worried. But if something good happens a few minutes later, all of a sudden we’re happy, excited, and want more.

We would never let another person jerk us around the way we let our impulses do. It’s time we start seeing it that way—that we’re not puppets that can be made to dance this way or that way just because we feel like it. We should be the ones in control, not our emotions, because we are independent, self-sufficient people.","February 2

You Can’t Say These Words Enough

One word frees us of all the weight and pain in life. That word is Love.

—Sophocles

Your kids shrug when you say it. It feels weird saying it in public—cliché, lame, vulnerable. You don’t want to embarrass them. Or bother them. Or interrupt. Plus, they know how you feel, right? You’ve said it a thousand times before at home.

We have a million reasons not to say these words, but all of these reasons are wrong because it’s impossible to say them enough:

I love you.

I’m proud of you.

It’s you I like.

You are special.

You are enough.

You’re the most important thing in the world to me.

At the end of your life, do you think, for one second, that you will kick yourself for saying any of those words too much? Or is it more likely that you’ll wish you’d said those things more? Because it would absolutely kill you if you thought for one second that they might not know, that they might not feel in their hearts, how much you loved them, how proud you were of them, how nothing—not success, money, or lack of either—could change what they meant to you from the moment they were born.

Life is full of risks. This is one gamble you don’t need to take. So say it. Tell them how you feel. Tell them that you love them. Say it again and again and again.

It’s impossible to do it too much . . . but you might as well try."
2025-02-03,"February 3



“When I see an anxious person, I ask myself, what do they want? For if a person wasn’t wanting something outside of their own control, why would they be stricken by anxiety?”

—
E
PICTETUS,
D
ISCOURSES
, 
 2.13.1

T
 he anxious father, worried about his children. What does he want? A world that is always safe. A frenzied traveler—what does she want? For the weather to hold and for traffic to part so she can make her flight. A nervous investor? That the market will turn around and an investment will pay off.

All of these scenarios hold the same thing in common. As Epictetus says, it’s wanting something outside our control. Getting worked up, getting excited, nervously pacing—these intense, pained, and anxious moments show us at our most futile and servile. Staring at the clock, at the ticker, at the next checkout lane over, at the sky—it’s as if we all belong to a religious cult that believes the gods of fate will only give us what we want if we sacrifice our peace of mind.

Today, when you find yourself getting anxious, ask yourself: Why are my insides twisted into knots? Am I in control here or is my anxiety?
 And most important: Is my anxiety doing me any good?","February 3

Love without End. Amen.

Parents “don’t just love their children every now and then.” As the verse from the classic George Strait song goes,

It’s a love without end, amen.

It’s a love without end, amen.

Parental love is not something that is dispensed only when things are going easily with your kids. When they listen. When they conform to your expectations. Expressions of love are not just for when they succeed or when everything is going well in your life or in your job.

Not every now and then but always. Without end. Unconditionally. Even when they hit their siblings, when they lie about a test, when they don’t want to eat their vegetables, when they want to quit something you paid a lot of money for, when they’ve acted in a way contrary to the values you’ve tried to instill in them.

Even if this kind of love isn’t something you got as a kid. Even if it seems clouded when you’re struggling or difficult to express when you’re pissed off. Even when they take you for granted and make things so hard on you, you have to show them that you love them.

Now and then and every moment in between.

Love without end.

Amen."
2025-02-04,"February 4



“Who then is invincible? The one who cannot be upset by anything outside their reasoned choice.”

—
E
PICTETUS,
D
ISCOURSES
, 
 1.18.21

H
 ave you ever watched a seasoned pro handle the media? No question is too tough, no tone too pointed or insulting. They parry every blow with humor, poise, and patience. Even when stung or provoked, they choose
 not to flinch or react. They’re able to do this not only because of training and experience, but because they understand that reacting emotionally will only make the situation worse. The media is waiting for them to slip up or get upset, so to successfully navigate press events they have internalized the importance of keeping themselves under calm control.

It’s unlikely you’ll face a horde of probing reporters bombarding you with insensitive questions today. But it might be helpful—whatever stresses or frustrations or overload that do come your way—to picture that image and use it as your model for dealing with them. Our reasoned choice—our prohairesis
 , as the Stoics called it—is a kind of invincibility that we can cultivate. We can shrug off hostile attacks and breeze through pressure or problems. And, like our model, when we finish, we can point back into the crowd and say, “Next!”","February 4

Love Is About Service

Let us not love in word, neither in tongue; but in deed.

—John 3:18

Being a parent is about getting them things. The cup of water they need before bed. The new clothes for school. The hug after they fall down . . . or fail.

Parenting is being there, literally. It’s about being of service, literally. Driving them around. Tying their shoes. Coming over to do the dishes and laundry after they’ve come home from the hospital with their own newborn. Holding their hair back as they throw up from chemo treatments. It doesn’t matter how old they are, or you are; that’s what we’re here for. That’s what we do.

We ask them the question that Tom Hanks has described asking his own children: “ ‘What do you need me to do?’ You offer up that to them. ‘I will do anything I can possibly do in order to keep you safe.’ That’s it. Offer that up and then just love them.”

That is love. It’s what your job is. You’re here to serve."
2025-02-05,"February 5



“Don’t be bounced around, but submit every impulse to the claims of justice, and protect your clear conviction in every appearance.”

—
M
ARCUS
A
URELIUS,
M
EDITATIONS
, 
 4.22

T
 hink of the manic people in your life. Not the ones suffering from an unfortunate disorder, but the ones whose lives and choices are in
 disorder. Everything is soaring highs or crushing lows; the day is either amazing or awful. Aren’t those people exhausting? Don’t you wish they just had a filter through which they could test the good impulses versus the bad ones?

There is such a filter. Justice. Reason. Philosophy. If there’s a central message of Stoic thought, it’s this: impulses of all kinds are going to come, and your work is to control them, like bringing a dog to heel. Put more simply: think before you act. Ask: Who is in control here? What principles are guiding me?","February 5

Make Sure They Know That They Are Plenty

Despite becoming Senate majority leader before the age of fifty, being elected vice president and then president, and being the most formidable power broker in Democratic politics for decades, Lyndon Johnson carried a Texas-sized chip on his shoulder his entire life.

He grew up poor. His upbringing and his options landed him at Southwest Texas State Teachers College. A perfectly fine school but not the kind that a president attends—something he was convinced all of his learned and sophisticated Ivy League colleagues were thinking as they witnessed his ascendancy in American politics.

His insecurity began early. He never felt like he was good enough. From a young age, his mother placed unfair expectations on him and made him feel like he had to earn her love, that her pride in him was contingent on his succeeding. She made him feel terrible when he failed—like when he decided to stop playing the piano or dancing. “For days after I quit those lessons,” he remembered, “she walked around the house pretending I was dead. And then I had to watch her being especially warm and nice to my father and sisters.”

It’s a sobering reminder to all parents: the feeling of deficiency is far worse than any potential deprivation. So make sure your kids know that they are enough, that they are plenty, that you have loved them from the moment they were born. And make sure you remember that there is nothing they have to do to earn this love. There’s nothing they must accomplish to deserve tenderness and affection.

They are good enough. The talents, the interests, the goals they have, are enough."
2025-02-06,"February 6



“I don’t agree with those who plunge headlong into the middle of the flood and who, accepting a turbulent life, struggle daily in great spirit with difficult circumstances. The wise person will endure that, but won’t choose it—choosing to be at peace, rather than at war.”

—
S
ENECA,
M
ORAL
L
ETTERS
, 
 28.7

I
 t has become a cliché to quote Theodore Roosevelt’s “Man in the Arena” speech, which lionizes “the one whose face is marred by dust and sweat and blood; who strives valiantly . . .” compared with the critic who sits on the sidelines. Roosevelt gave that speech shortly after he left office, at the height of his popularity. In a few years, he would run against his former protégé in an attempt to retake the White House, losing badly and nearly assassinated in the process. He would also nearly die exploring a river in the Amazon, kill thousands of animals in African safaris, and then beg Woodrow Wilson to allow him to enlist in World War I despite being 59 years old. He would do a lot
 of things that seem somewhat baffling in retrospect.

Theodore Roosevelt was a truly great man. But he was also driven by a compulsion, a work and activity addiction that was seemingly without end. Many of us share this affliction—being driven by something we can’t control. We’re afraid of being still, so we seek out strife and action as a distraction. We choose to be at war—in some cases, literally—when peace is in fact the more honorable and fitting choice.

Yes, the man in the arena is admirable. As is the soldier and the politician and the businesswoman and all the other occupations. But, and this is a big but
 , only if we’re in the arena for the right reasons.","February 6

It Takes Discipline

In the 1960s, the young poet Diane di Prima was at one of those legendary Beat parties that movies are made of. Everyone was there. There were drugs and ideas and romances. Jack Kerouac was there, holding court. And yet di Prima got up to leave and go home early.

Why? Because her babysitter was expecting her. All the other writers in the room judged her, silently laughed at her, believers in that line that the pram in the hall is the enemy of good art. Kerouac was not so silent about his disdain. “Unless you forget about your babysitter,” he said to her in front of everyone, “you’re never going to be a writer.”

Di Prima, a good parent, left anyway. As Julie Phillips writes in her fascinating book about creatives and parenting, The Baby on the Fire Escape, “She believed she wouldn’t have been a writer if she’d stayed. To write and come home on time, she argued, required ‘the same discipline throughout’: a practice of keeping her word.”

So often important and talented people use their work and their talent as an excuse to neglect their obligations as parents. But di Prima was exactly right to see them both as a matter of discipline and commitment. The idea that anything (or anyone) is improved by neglecting one part of their life for another is nonsense. But the opposite is true—by keeping your word to yourself, to your children, you are strengthening an important muscle. By being disciplined and protective of your personal life, you are being protective and dedicated to your professional life.

Don’t let anyone tell you differently. Don’t let anyone judge you for that."
2025-02-07,"February 7



“Many are harmed by fear itself, and many may have come to their fate while dreading fate.”

—
S
ENECA,
O
EDIPUS
, 
 992

“O
 nly the paranoid survive,” Andy Grove, a former CEO of Intel, famously said. It might be true. But we also know that the paranoid often destroy themselves quicker and more spectacularly than any enemy. Seneca, with his access and insight into the most powerful elite in Rome, would have seen this dynamic play out quite vividly. Nero, the student whose excesses Seneca tried to curb, killed not only his own mother and wife but eventually turned on Seneca, his mentor, too.

The combination of power, fear, and mania can be deadly. The leader, convinced that he might be betrayed, acts first and betrays others first. Afraid that he’s not well liked, he works so hard to get others to like him that it has the opposite effect. Convinced of mismanagement, he micromanages and becomes the source of the mismanagement. And on and on—the things we fear or dread, we blindly inflict on ourselves.

The next time you are afraid of some supposedly disastrous outcome, remember that if you don’t control your impulses, if you lose your self-control, you may be the very source of the disaster you so fear. It has happened to smarter and more powerful and more successful people. It can happen to us too.","February 7

Wherever They Are, You Are Too

Buck Murphy was walking down the street in Whiteville, Tennessee, in the late 1950s when a white man yelled at him, “How’s that jailbird son of yours doing?” It was a delicate subject in the segregated South—Buck’s son Curtis had been arrested for taking part in the Nashville sit-ins, which would eventually galvanize the civil rights movement in America. “Where is he?” the man taunted. “Is he still in the Nashville jail?”

Now, there were many reasons for the Murphys to be concerned about their son’s activism. Of course, they too believed segregation was an evil and they had suffered its many effects. But they also didn’t want anything to happen to their boy. They feared reprisals at home. Maybe they even worried that Curtis was trying to change too much too quickly. But in that moment, challenged by a bully mocking his son, Buck demonstrated that thing that all children want from their parents—true support. Buck said firmly: “Wherever he is, I am too.”

Your kids are going to make choices that scare you. People are going to doubt them. People are going to criticize them. Maybe you yourself doubt the wisdom of their choices. And?

Where they are, you must be too.

Love your kids. Root for them. Support them. Fight for them and fight with them. Be beside them and behind them. Wherever they are."
2025-02-08,"February 8



“You cry, I’m suffering severe pain! Are you then relieved from feeling it, if you bear it in an unmanly way?”

—
S
ENECA,
M
ORAL
L
ETTERS
, 
 78.17

T
 he next time someone gets upset near you—crying, yelling, breaking something, being pointed or cruel—watch how quickly this statement will stop them cold: “I hope this is making you feel better.” Because, of course, it isn’t. Only in the bubble of extreme emotion can we justify any of that kind of behavior—and when called to account for it, we usually feel sheepish or embarrassed.

It’s worth applying that standard to yourself. The next time you find yourself in the middle of a freakout, or moaning and groaning with flulike symptoms, or crying tears of regret, just ask: Is this actually making me feel better? Is this actually relieving
 any of the symptoms I wish were gone?","February 8

They Don’t Have to Make You Proud

Most people are proud, not of those things which arouse respect, but of those which are unnecessary.

—Leo Tolstoy

We say it casually. We mean well. “Make me proud out there, kiddo,” we say as they trot out onto the baseball diamond. “Make your parents proud,” we say as they head off to college. And when they do great stuff, we reward them by letting them know that the mission has been accomplished. They’ve made us proud.

We want this to motivate them. We use it, oftentimes unconsciously, to hold them accountable. But is this the way it should go? Doesn’t it sort of imply that they owe us something? That our support is not unconditional or implicit? That if they don’t score a goal or make the dean’s list or land a summer internship, we are therefore not proud?

Our kids don’t owe us anything. After all, they didn’t ask to be here. It is we who are obligated to them, by virtue of our choice to bring them into this world."
2025-02-09,"February 9



“We have the power to hold no opinion about a thing and to not let it upset our state of mind—for things have no natural power to shape our judgments.”

—
M
ARCUS
A
URELIUS,
M
EDITATIONS
, 
 6.52

H
 ere’s a funny exercise: think about all the upsetting things you don’t
 know about—stuff people might have said about you behind your back, mistakes you might have made that never came to your attention, things you dropped or lost without even realizing it. What’s your reaction? You don’t have one because you don’t know about it.

In other words, it is
 possible to hold no opinion about a negative thing. You just need to cultivate that power instead of wielding it accidentally. Especially when having an opinion is likely to make us aggravated. Practice the ability of having absolutely no thoughts about something—act as if you had no idea it ever occurred. Or that you’ve never heard of it before. Let it become irrelevant or nonexistent to you. It’ll be a lot less powerful this way.","February 9

Here’s How to Tie Your Family Together

It is my pleasure that my children are free,” Abraham Lincoln once said, “happy and unrestrained by parental tyranny.” Lincoln knew about parental tyranny. His father used force. He was controlling. He meant well, Abraham came to understand, but his father had few tools at his disposal, and the ones he did have didn’t work. His kids were not fond of him, and they did their best to get away from him as soon as they could.

That’s not what you want, is it? No, you want your kids to really listen, to buy in. You want them around, you want them to come to you. You want them to respect your rules and embody your values. You want them to do what they’re supposed to do, the things that will make them successful.

So how do you get them to do those things?

Well, for most parents, the answer is to default to the easiest and most primal form of leadership: force. It’s got a simple logic to it. You make them do it—because I’m bigger than you, because I can take away the TV remote, because I said so. And it seems like it works . . . for a while. Perhaps you remember how this worked from your own childhood. Eventually, the strategy falls apart over time. In the end, it turns out to be counterproductive.

Okay. Then listen to Lincoln. “Love is the chain whereby to bind a child to its parent.”"
2025-02-10,"February 10



“There is no more stupefying thing than anger, nothing more bent on its own strength. If successful, none more arrogant, if foiled, none more insane—since it’s not driven back by weariness even in defeat, when fortune removes its adversary it turns its teeth on itself.”

—
S
ENECA,
O
N
A
NGER
, 
 3.1.5

A
 s the Stoics have said many times, getting angry almost never solves anything. Usually, it makes things worse. We get upset, then the other person gets upset—now everyone is upset, and the problem is no closer to getting solved.

Many successful people will try to tell you that anger is a powerful fuel in their lives. The desire to “prove them all wrong” or “shove it in their faces” has made many a millionaire. The anger at being called fat or stupid has created fine physical specimens and brilliant minds. The anger at being rejected has motivated many to carve their own path.

But that’s shortsighted. Such stories ignore the pollution produced as a side effect and the wear and tear it put on the engine. It ignores what happens when that initial anger runs out—and how now more and more must be generated to keep the machine going (until, eventually, the only source left is anger at oneself). “Hate is too great a burden to bear,” Martin Luther King Jr. warned his fellow civil rights leaders in 1967, even though they had every reason to respond to hate with hate.

The same is true for anger—in fact, it’s true for most extreme emotions. They are toxic fuel. There’s plenty of it out in the world, no question, but never worth the costs that come along with it.","February 10

When They Wander Back . . .

In one of the most famous parables in the Bible, Jesus tells of the Prodigal Son. “There was once a wealthy man who had two sons,” Jesus says. “The younger one said to him, ‘Father, give me my share of the estate now.’ ” The boy took his share, sold it, and fled with the money. He traveled, gambled, partied, drank, ate like a king, and within a week, he’d spent everything. He found work on a farm feeding pigs. He couldn’t afford food, so he ate what the pigs ate. Finally, it occurred to him that back home, even his father’s servants ate in abundance. So he set out for home, intent on confessing to his father, “I am no longer worthy to be called your son; treat me as one of your hired workers.”

Before the boy could own up to what he had done, Jesus explains, his father called to his servants, “Hurry! Bring the best robe and put it on him. Put a ring on his finger and shoes on his feet. Then go and get the prize calf and kill it, and let us celebrate with a feast! For this son of mine was dead, but now he is alive; he was lost, but now he has been found.”

Your kids may never demand their share of the estate, but they will stray. They will act out. They will try to establish their independence. They will get themselves into trouble. As parents, we have to accept that, and accept them all the same. We have to take them back. We have to give them what they need. And when they wander back, we have to make sure they’re always met not with reproach or “I told you so” but with affection and understanding."
2025-02-11,"February 11



“Our soul is sometimes a king, and sometimes a tyrant. A king, by attending to what is honorable, protects the good health of the body in its care, and gives it no base or sordid command. But an uncontrolled, desire-fueled, over-indulged soul is turned from a king into that most feared and detested thing—a tyrant.”

—
S
ENECA,
M
ORAL
L
ETTERS
, 
 114.24

T
 here is that saying that absolute power corrupts absolutely. At first glance, that’s true. Seneca’s pupil Nero and his litany of crimes and murders is a perfect example. Another emperor, Domitian, arbitrarily banished all philosophers from Rome (Epictetus was forced to flee as a result). Many of Rome’s emperors were tyrants. Yet, not many years later, Epictetus would become a close friend of another emperor, Hadrian, who would help Marcus Aurelius to the throne, one of the truest examples of a wise philosopher king.

So it’s not so clear that power always
 corrupts. In fact, it looks like it comes down, in many ways, to the inner strength and self-awareness of individuals—what they value, what desires they keep in check, whether their understanding of fairness and justice can counteract the temptations of unlimited wealth and deference.

The same is true for you. Both personally and professionally. Tyrant or king? Hero or Nero? Which will you be?","February 11

There’s a Reason You’re So Raw

There really are places in the heart you don’t even know exist until you love a child.

—Anne Lamott

In times that seem to bring out people’s worst, parents feel something different. We’re raw. We’re vulnerable. We tear up when we hear about the loss of a loved one. We feel it in our gut when we think about families struggling to make ends meet. Those viral videos hit us differently. The stepparents gifted adoption papers, the military parent surprising their children with an unexpected visit home, families reunited at the border?

It’s like instant waterworks . . .

What is that?

You’re raw because having kids has opened you up. “I wasn’t emotionally prepared for parenthood,” the comedian and author Michael Ian Black writes, “after spending the thirty previous years in a cauterized emotional state.” Parenthood forces you to engage the world in a more active way. It forces you to engage with yourself and your own emotions in an active way. Was it easier to go through the world closed off and cynical? Is there something tribal and reassuring about focusing on yourself and your problems and placing the blame for those things elsewhere, on those other people?

Of course. But that’s less and less possible these days. This parenting thing has changed you. It’s made you see that it’s all connected, that we’re all connected. It’s made you better."
2025-02-12,"February 12



“Keep constant guard over your perceptions, for it is no small thing you are protecting, but your respect, trustworthiness and steadiness, peace of mind, freedom from pain and fear, in a word your freedom. For what would you sell these things?”

—
E
PICTETUS,
D
ISCOURSES
, 
 4.3.6
b
–8

T
 he dysfunctional job that stresses you out, a contentious relationship, life in the spotlight. Stoicism, because it helps us manage and think through our emotional reactions, can make these kinds of situations easier to bear. It can help you manage and mitigate the triggers that seem to be so constantly tripped.

But here’s a question: Why are you subjecting yourself to this? Is this really the environment you were made for? To be provoked by nasty emails and an endless parade of workplace problems? Our adrenal glands can handle only so much before they become exhausted. Shouldn’t you preserve them for life-and-death situations?

So yes, use Stoicism to manage these difficulties. But don’t forget to ask: Is this really the life I want?
 Every time you get upset, a little bit of life leaves the body. Are these really the things on which you want to spend that priceless resource? Don’t be afraid to make a change—a big one.","February 12

Love the Kid You Have

You are a very special person. There is only one like you in the whole world.

—Mister Rogers

The grade school teacher, bestselling author, and mom of two Jessica Lahey has talked to hundreds of thousands of kids about the things they want their parents to hear. “By far, the number one comment I get,” she says, is some version of “ ‘I am not my brother,’ ‘I am not my sister,’ ‘I am not my parents when they were my age,’ ‘I don’t know who my parents think they are raising, but it’s not me,’ ‘My parents think they know who I am, but it’s all their expectations of me and they have no idea who I actually am.’ ”

Isn’t that heartbreaking? If there were a list of things you never wanted your kids to think or feel, those responses—which Jessica says get emailed to her almost every day—are probably right at the top of the list. No kid should feel like their dad wants them to be someone else, to be something different. No kid should feel that they are a disappointment. They should know that they are special for who they are, that they make the world—and your life—better just by being in it.

Your kids need to be seen. They need to be heard. They need to be loved. They need to be known. For who they are, for what they choose to be. Not for who or what you want them to become.

That’s all they really want from us. And they deserve to have it. So you better give it to them. Starting today and for the rest of their lives."
2025-02-13,"February 13



“Whenever you get an impression of some pleasure, as with any impression, guard yourself from being carried away by it, let it await your action, give yourself a pause. After that, bring to mind both times, first when you have enjoyed the pleasure and later when you will regret it and hate yourself. Then compare to those the joy and satisfaction you’d feel for abstaining altogether. However, if a seemingly appropriate time arises to act on it, don’t be overcome by its comfort, pleasantness, and allure—but against all of this, how much better the consciousness of conquering it.”

—
E
PICTETUS,
E
NCHIRIDION
, 
 34

S
 elf-control is a difficult thing, no question. Which is why a popular trick from dieting might be helpful. Some diets allow a “cheat day”—one day per week in which dieters can eat anything and everything they want. Indeed, they’re encouraged to write a list during the week of all the foods they craved so they can enjoy them all at once as a treat (the thinking being that if you’re eating healthy six out of seven days, you’re still ahead).

At first, this sounds like a dream, but anyone who has actually done this knows the truth: each cheat day you eat yourself sick and hate yourself afterward. Soon enough, you’re willingly abstaining from cheating at all. Because you don’t need it, and you definitely don’t want it. It’s not unlike a parent catching her child with cigarettes and forcing him to smoke the whole pack.

It’s important to connect the so-called temptation with its actual effects. Once you understand that indulging might actually be worse than resisting, the urge begins to lose its appeal. In this way, self-control becomes the real pleasure, and the temptation becomes the regret.","February 13

You Can Always Give Them This

A person becomes happy to the same extent to which he or she gives happiness to other people.

—Jeremy Bentham

You want to give them the world—or at least their own room and whatever material things they need. You want nothing more than to make them perfectly happy, but inevitably you’ll come up short. That’s the bad news. The good news is that there are some things you can always give them that, when others try to offer them to your kids, will never measure up to yours. These are things that are always possible to give, always within your reach: your attention, your understanding, and your love.

No matter what happens, no matter how rich or poor you are, no matter what mistakes you make or they make, no matter how powerful or powerless you are, you can always give them those things. In fact, you must always give them. Because, in the end, those are more important than all the other things you can and will do for them. Love and understanding, especially, are the only things that truly matter, because they last even beyond your death. Their impact is going to be one of the primary forces that shape the adult your child becomes.

And if you think about it, the only thing they’ll truly (and rightfully) resent you for, all else being equal, is if you know these things are true and still you fail to provide them."
2025-02-14,"February 14



“For to be wise is only one thing—to fix our attention on our intelligence, which guides all things everywhere.”

—
H
ERACLITUS, QUOTED IN
D
IOGENES
L
AERTIUS,
L
IVES OF THE
E
MINENT
P
HILOSOPHERS
, 
 9.1

W

hy did I
 do that?
 you’ve probably asked yourself. We all have. How could I have been so stupid? What was I thinking?

You weren’t. That’s the problem. Within that head of yours is all the reason and intelligence you need. It’s making sure that it’s deferred to and utilized that’s the tough part. It’s making sure that your mind is in charge, not your emotions, not your immediate physical sensations, not your surging hormones.

Fix your attention on your intelligence. Let it do its thing.","February 14

The Greatest Thing You Can Do

In The Second Mountain, David Brooks relates a conversation he had with an academic friend. “I don’t really know of many happy marriages,” the friend said. “I know a lot of marriages where parents love their kids.”

In such a marriage, your son or daughter misses out on a powerful example. “One of the greatest things a father can do for his children,” Howard W. Hunter once said, “is to love their mother.” Our notion of what a family is has expanded since he made that remark. We have single families. We have divorced families. We have trans families. We have blended families and coparenting families. We have gay families and even poly families. To each their own.

But the truth of the sentiment doesn’t change—in fact, it only expands. The best thing you can do for your kids is love the person who brought them into this world. The best thing you can do for your kids is love the person you are parenting them with. Even if you are no longer with that person, or if that person has deeply hurt or even betrayed you, you must love the person responsible for a good chunk of your kids’ DNA or identity. You must love who your kids love—that’s how they’ll know that they are loved."
2025-02-15,"February 15



“Clear your mind and get a hold on yourself and, as when awakened from sleep and realizing it was only a bad dream upsetting you, wake up and see that what’s there is just like those dreams.”

—
M
ARCUS
A
URELIUS,
M
EDITATIONS
, 
 6.31

T
 he author Raymond Chandler was describing most of us when he wrote in a letter to his publisher, “I never looked back, although I had many uneasy periods looking forward.” Thomas Jefferson once joked in a letter to John Adams, “How much pain have cost us the evils which have never happened!” And Seneca would put it best: “There is nothing so certain in our fears that’s not yet more certain in the fact that most of what we dread comes to nothing.”

Many of the things that upset us, the Stoics believed, are a product of the imagination, not reality. Like dreams, they are vivid and realistic at the time but preposterous once we come out of it. In a dream, we never stop to think and say: “Does this make any sense?” No, we go along with it. The same goes with our flights of anger or fear or other extreme emotions.

Getting upset is like continuing the dream while you’re awake. The thing that provoked you wasn’t real—but your reaction was. And so from the fake comes real consequences. Which is why you need to wake up right now instead of creating a nightmare.","February 15

This Is What They Most Want

Eleanor Roosevelt had a rough childhood. Her mother was always difficult and judgmental, but she was still her mother, and Eleanor was devastated when she died at age twenty-nine . . . and then devastated again just months later when her father died. She was sent to live with her grandmother, a woman who, it quickly became clear, was the source of Eleanor’s mother’s emotional issues and judgmentalness.

It was a dreary, painful existence that didn’t change until Eleanor was sent to school in London. There, at a special school for girls, she met her teacher Marie Souvestre, who finally saw in Eleanor not a plain, shy girl but someone special, with talent, with ambitions, with the ability to make a difference in the world. “Attention and admiration were the things throughout all my childhood that I most wanted,” Eleanor later reflected, “because I was made to feel so conscious of the fact that nothing about me would attract attention or would bring me admiration!”

Don’t we ourselves want attention and admiration? In our jobs? In our communities? In our marriages? Why wouldn’t our kids want the same things in their young, fragile lives? And who could it possibly be more meaningful to come from than us?

It’s hard to be a kid. They’re overwhelmed. They doubt themselves. They wonder where they fit in, whether they matter. It’s our job to help them with this. To let them know that they are loved, that they are special, that they are enough. To give them the attention and admiration they deserve."
2025-02-16,"February 16



“If someone asks you how to write your name, would you bark out each letter? And if they get angry, would you then return the anger? Wouldn’t you rather gently spell out each letter for them? So then, remember in life that your duties are the sum of individual acts. Pay attention to each of these as you do your duty . . . just methodically complete your task.”

—
M
ARCUS
A
URELIUS,
M
EDITATIONS
, 
 6.26

H
 ere’s a common scenario. You’re working with a frustrating coworker or a difficult boss. They ask you to do something and, because you dislike the messenger, you immediately object. There’s this problem or that one, or their request is obnoxious and rude. So you tell them, “No, I’m not going to do it.” Then they retaliate by not doing something that you had previously asked of them. And so the conflict escalates.

Meanwhile, if you could step back and see it objectively, you’d probably see that not everything
 they’re asking for is unreasonable. In fact, some of it is pretty easy to do or is, at least, agreeable. And if you did it, it might make the rest of the tasks a bit more tolerable too. Pretty soon, you’ve done the entire thing.

Life (and our job) is difficult enough. Let’s not make it harder by getting emotional about insignificant matters or digging in for battles we don’t actually care about. Let’s not let emotion get in the way of kathêkon
 , the simple, appropriate actions on the path to virtue.","February 16

Keep the Main Thing the Main Thing

Most of what we say and do is not essential. If you can eliminate it, you’ll have more time, and more tranquility. Ask yourself at every moment, “Is this necessary?”

—Marcus Aurelius

There’s a wonderful little expression: The main thing is to keep the main thing the main thing.

Every family, every person, has a different main thing, of course. But if we could generalize, the main thing for us parents is to raise well-adjusted, self-reliant, decent, happy kids. The main thing is not college. The main thing is not making partner at our law firm. The main thing is not to have a clean house. The main thing is not to win some competition with other parents. The main thing is not grades, it is not following in your footsteps, it is not being captain of the football team or an expert cello player.

The main thing is for them to be healthy, to be prepared for life, to have good values, to have a good sense of who they are and what they want to spend their life doing. The main, main, main, main thing is to love them and for them to feel loved."
2025-02-17,"February 17



“It is quite impossible to unite happiness with a yearning for what we don’t have. Happiness has all that it wants, and resembling the well-fed, there shouldn’t be hunger or thirst.”

—
E
PICTETUS,
D
ISCOURSES
, 
 3.24.17

I

’ll be happy when I graduate,
 we tell ourselves. I’ll be happy when I get this promotion, when this diet pays off, when I have the money that my parents never had.
 Conditional happiness is what psychologists call this kind of thinking. Like the horizon, you can walk for miles and miles and never reach it. You won’t even get any closer.

Eagerly anticipating some future event, passionately imagining something you desire, looking forward to some happy scenario—as pleasurable as these activities might seem, they ruin your chance at happiness here and now. Locate that yearning for more, better, someday
 and see it for what it is: the enemy of your contentment. Choose it or your happiness. As Epictetus says, the two are not compatible.","February 17

Let Them Wonder If You Know

As a young boxer trying to make it on his own for the first time, future heavyweight champion Floyd Patterson would find himself so hungry that he had no choice but to head over to his mother’s house late at night.

“Don’t tell Mom we’re hungry,” he told the friend who was with him. “I don’t want her to know I haven’t been able to manage on what I’ve been making.” But no sooner had Floyd said hello than his mother was making him a snack.

“Don’t bother, Mom,” he said, playing it cool. “We had a big meal tonight at a restaurant and couldn’t take another bite.” Just a snack, his mother insisted, before serving an enormous meal. “I kept wondering if my mother knew that this wasn’t a social call,” Floyd would reflect years later in his memoirs, that “I wasn’t eating just to be polite.”

Of course she knew! A parent always does! But she didn’t say a word. She just did what she needed to do, caring not only about her son’s well-being but also for his feelings and his pride.

When our kids need help, our only job is to provide it. To help, not lecture. To be of service, never to humiliate. This is how you create the kind of relationship Floyd and his mother had—the kind where your kids know they can always come home for help at any time, day or night."
2025-02-18,"February 18



“This is the true athlete—the person in rigorous training against false impressions. Remain firm, you who suffer, don’t be kidnapped by your impressions! The struggle is great, the task divine—to gain mastery, freedom, happiness, and tranquility.”

—
E
PICTETUS,
D
ISCOURSES
, 
 2.18.27–28

E
 pictetus also used the metaphor of a storm, saying that our impressions are not unlike extreme weather that can catch us and whirl us about. When we get worked up or passionate about an issue, we can relate.

But let’s think about the role of the weather in modern times. Today, we have forecasters and experts who can fairly accurately predict storm patterns. Today, we’re defenseless against a hurricane only if we refuse to prepare or heed the warnings.

If we don’t have a plan, if we never learned how to put up the storm windows, we will be at the mercy of these external—and internal—elements. We’re still puny human beings compared with one-hundred-mile-per-hour winds, but we have the advantage of being able to prepare—being able to struggle against them in a new way.","February 18

How to Convince Them

The ardor of the young should be curbed slowly, lest by wishing to oppose them with sudden impediments we drive them to despair and perdition.

—Giovanni Boccaccio

In 1941, Mary Churchill accepted the marriage proposal of a young man named Eric Duncannon. She was young and inexperienced. They barely knew each other. A war raged around them. Duncannon was almost certainly not the right fit for her. Naturally, her parents—the heads of a political dynasty in a time of rigid aristocratic marriages—were concerned.

But as Erik Larson details in his book The Splendid and the Vile, instead of condemning her daughter, Clementine Churchill simply asked her daughter if she was certain it was the right choice. She didn’t disapprove outright, but she did let her daughter know she had some doubts. Then, understanding that no daughter wants to be told whom to marry by her parents, Clementine searched for someone her daughter trusted and respected whom she could ask to weigh in, independently and casually. She landed on Averell Harriman, one of Churchill’s advisers, who was dating Mary’s sister-in-law.

Harriman took the young, impulsive girl aside. “He said all the things I should have told myself,” Mary later reflected. He told her that her whole life was before her. And that she “should not accept the first person who comes along. You have not met many people. To be stupid about one’s life is a crime.”

All this began to sink in with Mary, who then, after a few weeks, decided of her own volition to break off the engagement. It was her idea . . . but she came to later understand how lucky she was that her parents had helped her get there. “What would have happened had Mummie not intervened?” she wrote. “Thank God for Mummie’s sense—understanding and love.”

Our kids are going to do stuff we disagree with, but very rarely—especially as they get older—will we be able to convince them of this by force or fiat. We have to be understanding. We have to be patient . . . maybe even a little bit sneaky. We have to give them advice and the tools to make sense of that advice, because ultimately they are the ones who have to figure out the right decision for themselves. And we have to make sure they know that no matter what they decide, we love them."
2025-02-19,"February 19



“Remember to conduct yourself in life as if at a banquet. As something being passed around comes to you, reach out your hand and take a moderate helping. Does it pass you by? Don’t stop it. It hasn’t yet come? Don’t burn in desire for it, but wait until it arrives in front of you. Act this way with children, a spouse, toward position, with wealth—one day it will make you worthy of a banquet with the gods.”

—
E
PICTETUS,
E
NCHIRIDION
, 
 15

T
 he next time you see something you want, remember Epictetus’s metaphor of life’s banquet. As you find yourself getting excited, ready to do anything and everything to get it—the equivalent of reaching across the table and grabbing a dish out of someone’s hands—just remind yourself: that’s bad manners and unnecessary. Then wait patiently for your turn.

This metaphor has other interpretations too. For instance, we might reflect that we’re lucky to have been invited to such a wonderful feast (gratitude). Or that we should take our time and savor the taste of what’s on offer (enjoying the present moment) but that to stuff ourselves sick with food and drink serves no one, least of all our health (gluttony is a deadly sin, after all). That at the end of the meal, it’s rude not to help the host clean up and do the dishes (selflessness). And finally, that next time, it’s our turn to host and treat others just as we had been treated (charity).

Enjoy the meal!","February 19

Assume the Best

You have known your kids since they were little. You’ve seen them do the sweetest things in the entire world. You know who they are.

So here’s a question: When they screw up, when they fail a test, when they crash their car, when they get in trouble, when they talk back to you, why do you assume the worst? Why do you treat them with anger and judgment? Why do you jump all over them with criticism or frustration or suspicion?

You know they are good and decent. You know they generally do their best. You know what they struggle with. You know their fears and vulnerabilities and weaknesses. You know what they’ve been through (deep down, you know one of the things they’ve been through is being raised by you!).

So why isn’t that being reflected in your tone? In your assumptions? Where is the kindness? Where is the good faith? Why aren’t you talking to them like someone who believes in them, who is a fan of them? Where is the patience? Where is the charity? Where is the demonstrable unconditionalness that you purport to have for them?

Mm-hm. That’s right. Oh, and remember, all this could be said about your interactions with your spouse too."
2025-02-20,"February 20



“Robbers, perverts, killers, and tyrants—gather for your inspection their so-called pleasures!”

—
M
ARCUS
A
URELIUS,
M
EDITATIONS
, 
 6.34

I
 t’s never great to judge other people, but it’s worth taking a second to investigate how a life dedicated to indulging every whim actually works out. The writer Anne Lamott jokes in Bird by Bird
 , “Ever wonder what God thinks of money? Just look at the people he gives it to.” The same goes for pleasure. Look at the dictator and his harem filled with plotting, manipulative mistresses. Look how quickly the partying of a young starlet turns to drug addiction and a stalled career.

Ask yourself: Is that really worth it? Is it really that pleasurable?

Consider that when you crave something or contemplate indulging in a “harmless” vice.","February 20

These Are the Richest Kids

Everyone remembers the “rich kids” growing up. Even rich kids remember the other richer kids. We envied their ski trips, their huge houses, their equally big vacation houses, their electronics, their clothes.

And yet how many of those kids, when we look at them now, as adults, appear to have actually been quite poor?

At home they faced a poverty of attention. A deficit of happiness or stability. Maybe their parents fought all the time. Maybe they worked constantly. Maybe they played favorites and none were their kids.

As adults, we now realize that to be rich is not necessarily to be wealthy, especially as “wealth” comes in many forms. This is really good news. All of us have the ability to give our kids a rich life. We can measure wealth in the time and attention they get from us. By whether they feel safe and secure, whether their house feels like a home. Even if we only make $30,000 a year.

You can make your kid the richest kid in the whole school without spending a dollar."
2025-02-21,"February 21



“Remember that it’s not only the desire for wealth and position that debases and subjugates us, but also the desire for peace, leisure, travel, and learning. It doesn’t matter what the external thing is, the value we place on it subjugates us to another . . . where our heart is set, there our impediment lies.”

—
E
PICTETUS,
D
ISCOURSES
, 
 4.4.1–2; 
 15

S
 urely, Epictetus isn’t saying that peace, leisure, travel, and learning are bad, is he? Thankfully, no. But ceaseless, ardent desire
 —if not bad in and of itself—is fraught with potential complications. What we desire makes us vulnerable. Whether it’s an opportunity to travel the world or to be the president or for five minutes of peace and quiet, when we pine for something, when we hope against hope, we set ourselves up for disappointment. Because fate can always intervene and then we’ll likely lose our self-control in response.

As Diogenes, the famous Cynic, once said, “It is the privilege of the gods to want nothing, and of godlike men to want little.” To want nothing makes one invincible—because nothing lies outside your control. This doesn’t just go for not wanting the easy-to-criticize things like wealth or fame—the kinds of folly that we see illustrated in some of our most classic plays and fables. That green light that Gatsby strove for can represent seemingly good things too, like love or a noble cause. But it can wreck someone all the same.

When it comes to your goals and the things you strive for, ask yourself: Am I in control of them or they in control of me?","February 21

Always Be Their Friend

The entrepreneur Ben Horowitz was coached for many years by the legendary Bill Campbell—the so-called Trillion Dollar Coach for his work with Larry Page, Steve Jobs, and Sheryl Sandberg. In a eulogy he wrote for Campbell, Horowitz told the story of one of the toughest things he had gone through as a dad and how Campbell helped him through it:

My oldest child Jules concluded he was transgender and was going to change his gender by taking testosterone and having surgery. It’s impossible to fully describe how one feels as a parent in a situation like that, but mostly all I felt was worry—worry that he wouldn’t be accepted, worry that his health would fail, worry that the surgery would not go well, worry that he would be killed by some intolerant group. I was so filled with worry that I could barely function. . . . So, I decided to tell Bill. When I told him, I could see the tears well up in his eyes and he said, “That’s going to be really hard.” Then he immediately wanted to see Jules. And Bill made sure that he embraced Jules and let him know that he was not alone and would always have a friend in Bill. Bill understood.

This wonderful public moment about a private struggle, shared in honor of a personal mentor, speaks to the heart of what every child needs to hear from their parents, no matter what they’re going through: There are going to be things in your life that are very hard. But you’re not alone. I’ll always be your friend."
2025-02-22,"February 22



“Cato practiced the kind of public speech capable of moving the masses, believing proper political philosophy takes care like any great city to maintain the warlike element. But he was never seen practicing in front of others, and no one ever heard him rehearse a speech. When he was told that people blamed him for his silence, he replied, ‘Better they not blame my life. I begin to speak only when I’m certain what I’ll say isn’t better left unsaid.’”

—
P
LUTARCH,
C
ATO THE
Y
OUNGER
, 
 4

I
 t’s easy to act—to just dive in. It’s harder to stop, to pause, to think: No, I’m not sure I need to do that yet. I’m not sure I am ready.
 As Cato entered politics, many expected swift and great things from him—stirring speeches, roaring condemnations, wise analyses. He was aware of this pressure—a pressure that exists on all of us at all times—and resisted. It’s easy to pander to the mob (and to our ego).

Instead, he waited and prepared.
 He parsed his own thoughts, made sure he was not reacting emotionally, selfishly, ignorantly, or prematurely. Only then would he speak—when he was confident that his words were worthy of being heard.

To do this requires awareness. It requires us to stop and evaluate ourselves honestly. Can you do that?","February 22

Tell Them They Carry This Everywhere

In July 2008, the journalist David Carr saw his daughter Erin off to London for her first real job out of college. Erin had struggled in the previous years. She had the beginnings of a drinking problem. She didn’t always date the best guys. But she never had to wonder if her father loved her deeply.

When Erin landed in London, a letter from her father was waiting in her email inbox. It’s the kind of letter a great parent writes, the kind that in David’s case—due to his tragic and unexpected death at age fifty-eight—would guide his daughter long after he was not around. The letter opens:

Honey, we are so, so excited for you.

Please understand that you carry with you not only our love and support, but our admiration and pride in your decision to bring your ambitions roaring into the world.

Make sure your kids know that no matter what, they are loved, they are supported, they are accepted, they are enough. Make sure they know that no matter where they go, they carry your love and support and pride with them."
2025-02-23,"February 23



“You shouldn’t give circumstances the power to rouse anger, for they don’t care at all.”

—
M
ARCUS
A
URELIUS,
M
EDITATIONS
, 
 7.38

A
 significant chunk of Marcus Aurelius’s Meditations
 is made up of short quotes and passages from other writers. This is because Marcus wasn’t necessarily trying to produce an original work—instead he was practicing
 , reminding himself here and there of important lessons, and sometimes these lessons were things he had read.

This particular quote is special because it comes from a play by Euripides, which, except for a handful of quoted fragments like this, is lost to us. From what we can gather about the play, Bellerophon, the hero, comes to doubt the existence of the gods. But in this line, he is saying: Why bother getting mad at causes and forces far bigger than us? Why do we take these things personally? After all, external events are not sentient beings—they cannot respond to our shouts and cries—and neither can the mostly indifferent gods.

That’s what Marcus was reminding himself of here: circumstances are incapable of considering or caring for your feelings, your anxiety, or your excitement. They don’t care about your reaction. They are not people. So stop acting like getting worked up is having an impact on a given situation. Situations don’t care at all.","February 23

Teach Them Early Where Their Value Lies

Young people must be taught from childhood that it is not right to wear gold on their bodies or to possess it, since they have their own personal gold intermixed into their soul, hinting . . . at the virtue that is part of human nature and received at birth.

—Plutarch

Mister Rogers ended every one of his programs with a message directly to kids that became almost a proverb in its wisdom and timeless truth: “You’ve made this day a special day by just your being you,” he would say. “There’s no person in the whole world like you, and I like you just the way you are.”

We must, as parents, teach our children where their value really lies. It’s not in their accomplishments. It’s not in what they earn or how they look. It’s not to be found in anything external at all. Their value—to us, to the world—is inherent. It exists because they exist. Because there is no one on the planet with their same combination of DNA and experiences and circumstances. That’s what makes them special—what makes them rarer than the rarest jewels and more precious than the most precious metals."
2025-02-24,"February 24



“Keep in mind that it isn’t the one who has it in for you and takes a swipe that harms you, but rather the harm comes from your own belief about the abuse. So when someone arouses your anger, know that it’s really your own opinion fueling it. Instead, make it your first response not to be carried away by such impressions, for with time and distance self-mastery is more easily achieved.”

—
E
PICTETUS,
E
NCHIRIDION
, 
 20

T
 he Stoics remind us that there really is no such thing as an objectively good or bad occurrence. When a billionaire loses $1 million in market fluctuation, it’s not the same as when you or I lose a million dollars. Criticism from your worst enemy is received differently than negative words from a spouse. If someone sends you an angry email but you never see it, did it actually happen? In other words, these situations require our participation, context, and categorization in order to be “bad.”

Our reaction is what actually decides whether harm has occurred. If we feel that we’ve been wronged and get angry, of course that’s how it will seem. If we raise our voice because we feel we’re being confronted, naturally a confrontation will ensue.

But if we retain control of ourselves, we decide whether to label something good or bad. In fact, if that same event happened to us at different points in our lifetime, we might have very different reactions. So why not choose now to not
 apply these labels? Why not choose not
 to react?","February 24

All They Want

It’s tough to know: What do your kids really need? What must a parent do? What’s essential? What’s optional? There’s no easy answer, but in 2008 President Barack Obama came close to articulating one in a Father’s Day speech about what our kids really need and want from us.

Our kids are pretty smart. They understand that life won’t always be perfect, that sometimes the road gets rough, that even great parents don’t get everything right. But more than anything, they just want us to be a part of their lives. . . . In the end, that’s what being a parent is all about—those precious moments with our children that fill us with pride and excitement for their future; the chances we have to set an example or offer a piece of advice; the opportunities to just be there and show them that we love them.

That’s your job, above all others. To be a part of their life—a positive part. They need you to be there. To give advice. To be a good example. To understand them and to love them.

Everything else is extra."
2025-02-25,"February 25



“Keep a list before your mind of those who burned with anger and resentment about something, of even the most renowned for success, misfortune, evil deeds, or any special distinction. Then ask yourself, how did that work out? Smoke and dust, the stuff of simple myth trying to be legend . . .”

—
M
ARCUS
A
URELIUS,
M
EDITATIONS
, 
 12.27

I
 n Marcus Aurelius’s writings, he constantly points out how the emperors who came before him were barely remembered just a few years later. To him, this was a reminder that no matter how much he conquered, no matter how much he inflicted his will on the world, it would be like building a castle in the sand—soon to be erased by the winds of time.

The same goes for those driven to the heights of hate or anger or obsession or perfectionism. Marcus liked to point out that Alexander the Great—one of the most passionate and ambitious men who ever lived—was buried in the same ground as his mule driver. Eventually, all of us will pass away and slowly be forgotten. We should enjoy this brief time we have on earth—not be enslaved to emotions that make us miserable and dissatisfied.","February 25

Hit Them with One of These

Your kid is running upstairs and you stop them: “Hey, before you go . . .” You’re watching TV and your daughter is walking into the other room: “Hey, I need to tell you something . . .” Your boys are wrestling in the backyard and the door opens and you come out: “Hey, guys . . .”

They think you’re going to remind them about some piece of schoolwork. Or criticize what they’re wearing. Or tell them to stop roughhousing.

No, you’re going to hit them with those words we can’t say often enough: I love you.

That it catches our kids by surprise when we tell them we love them? That we only want to put our feelings about them out there in the open, just so they know, and they’re confused by it? That’s our fault, not theirs. It says something about us, not them. And it’s something we, not they, have to fix."
2025-02-26,"February 26



“Another has done me wrong? Let him see to it. He has his own tendencies, and his own affairs. What I have now is what the common nature has willed, and what I endeavor to accomplish now is what my nature wills.”

—
M
ARCUS
A
URELIUS,
M
EDITATIONS
, 
 5.25

A
 braham Lincoln occasionally got fuming mad with a subordinate, one of his generals, even a friend. Rather than taking it out on that person directly, he’d write a long letter, outlining his case why they were wrong and what he wanted them to know. Then Lincoln would fold it up, put the letter in the desk drawer, and never send it. Many of these letters survive only by chance.

He knew, as the former emperor of Rome knew, that it’s easy to fight back. It’s tempting to give them a piece of your mind. But you almost always end up with regret. You almost always wish you hadn’t
 sent the letter. Think of the last time you flew off the handle. What was the outcome? Was there any benefit?","February 26

This Is What You’ll Wish

Johnny Gunther was the pride and joy of two loving parents—a brilliant young boy, fun and funny, headed for Harvard. And then, suddenly, there was a diagnosis, then a fifteen-month battle with a brain tumor, and ultimately a life that ended too soon.

At the end of Death Be Not Proud, the moving memoir by John Gunther about his son Johnny’s short life, John’s wife, Frances, reflects on the loss of her son. What is left, she asks, what does a person think and feel, looking back on the all-too-brief time they had with their child?

“I wish we had loved Johnny more.”

That was it. That was what she kept coming back to. It’s not that they didn’t love him—no one can read the Gunthers’ memoir and not be struck by what a wonderful family they were. It’s that, when everything is stripped away, all Frances could think of were the opportunities she could have seized to appreciate him, and their time, more.

Let us hope that we never have to experience such a loss. No parent should ever have to bury a child. But still, let’s try to think about the end of our own time here on Earth. What will we think then? When we are reflecting on our lives, what will we wish for? We’ll wish we had loved them more. Even if we told them a thousand times in a thousand ways every single day, we’ll think about how woefully short we came up in expressing just how much our kids mean to us.

So let us try, right now, while we still can, to love them more."
2025-02-27,"February 27



“Of all the things that are, some are good, others bad, and yet others indifferent. The good are virtues and all that share in them; the bad are the vices and all that indulge them; the indifferent lie in between virtue and vice and include wealth, health, life, death, pleasure, and pain.”

—
E
PICTETUS,
D
ISCOURSES
, 
 2.19.12
b
–13

I
 magine the power you’d have in your life and relationships if all the things that trouble everyone else—how thin they are, how much money they have, how long they have left to live, how they will die—didn’t matter so much. What if, where others were upset, envious, excited, possessive, or greedy, you were objective, calm, and clearheaded? Can you envision that? Imagine what it would do for your relationships at work, or for your love life, or your friendships.

Seneca was an incredibly wealthy, even famous, man—yet he was a Stoic. He had many material things, yet, as the Stoics say, he was also indifferent to them. He enjoyed them while they were there, but he accepted that they might someday disappear. What a better attitude than desperately craving more
 or fearfully dreading losing even one penny. Indifference is solid middle ground.

It’s not about avoidance or shunning, but rather not giving any possible outcome more power or preference than is appropriate. This not easy to do, certainly, but if you could manage, how much more relaxed would you be?","February 27

Give Them This . . . While You Can

Future love does not exist. Love is a present activity only.

—Leo Tolstoy

The poet William Stafford had some beautiful, thoughtful insights about parenting. But his final insight was his best.

When Stafford fell dead of a heart attack at age seventy-nine, his wife and children found on his desk a piece of paper with a short phrase on it, perhaps the very last words he wrote in a fifty-year career. It was simply “And all my love . . .”

Now love was not a word that Stafford used much. It might not be one that you’re comfortable using much either. But you should . . . while you can . . . while you’re still here. And don’t just say it. Give it.

Your kids, your family, your loved ones . . . they deserve that. All your love . . ."
2025-02-28,"February 28



“The soul is like a bowl of water, and our impressions are like the ray of light falling upon the water. When the water is troubled, it appears that the light itself is moved too, but it isn’t. So, when a person loses their composure it isn’t their skills and virtues that are troubled, but the spirit in which they exist, and when that spirit calms down so do those things.”

—
E
PICTETUS,
D
ISCOURSES
, 
 3.3.20–22

Y
 ou messed up a little. Or maybe you messed up a lot.

So? That doesn’t change the philosophy that you know. It’s not as if your reasoned choice has permanently abandoned you. Rather, it was you who temporarily abandoned it.

Remember that the tools and aims of our training are unaffected by the turbulence of the moment. Stop. Regain your composure. It’s waiting for you.","February 28

Love Is Not a Victory March

Life is warfare and a journey far from home.

—Marcus Aurelius

Leonard Cohen, who had two kids, said that love is not a victory march, it is a cold and a broken hallelujah.

The point is not to discourage you about being a parent. You already bought your ticket and now you’re on the ride. It’s just a reminder: if you go around expecting this to be an unending series of Hallmark moments, you’re fooling yourself and setting yourself up for disappointment. If you’re comparing how you’re doing with what you see on television, you’re being unfair to yourself.

This thing is hard. Really hard. There are dark moments. There are moments when you’re convinced you have no idea what you’re doing and you think you’re the absolute worst. There are moments when you’ll be told you are in fact the worst. But you have to keep going. You can’t give up. You can’t despair.

They’re counting on you."
2025-03-01,"March 1



“An important place to begin in philosophy is this: a clear perception of one’s own ruling principle.”

—
E
PICTETUS,
D
ISCOURSES
, 
 1.26.15

P
 hilosophy is intimidating. Where does one start? With books? With lectures? With the sale of your worldly possessions?

None of these things. Epictetus is saying that one becomes a philosopher when they begin to exercise their guiding reason and start to question the emotions and beliefs and even language that others take for granted. It is thought that an animal has self-awareness when it is able to fully recognize itself in a mirror. Perhaps we could say that we begin our journey into philosophy when we become aware of the ability to analyze our own minds.

Can you start with that step today? When you do, you’ll find that from it we really come alive, that we live lives—to paraphrase Socrates—that are actually worth living.","March 1

You Can Pick Only Two

There isn’t time enough, my friends— / Though dawn begins, yet midnight ends— / To find the time to have love, work, and friends.

—Kenneth Koch

The prolific artist and father of two Austin Kleon was asked how he makes time for it all. “I don’t,” he said. “The artist’s life is about trade-offs.” And then he added a little rule that we should all keep with us always:

Work, family, scene. Pick two.

You can party it up and hang on to a relationship, but you won’t have much time left for work.

You can grind away at your craft, be the toast of the scene, but what will that leave for your family?

If you’re as committed to the work as you are to a happy home, you will have no room for anything else.

It’d be wonderful if you could have the run of all these things all the time . . . but you can’t. Being a parent is about making trade-offs, from the very second our kids enter this world: it’s their needs versus our wants. At first, it can be a shock to the system. But once we know what to say no to, and we know why, we can say yes with comfort and confidence to the things that matter. To the things that last."
2025-03-02,"March 2



“Above all, it is necessary for a person to have a true self-estimate, for we commonly think we can do more than we really can.”

—
S
ENECA,
O
N
T
RANQUILITY OF
M
IND
, 
 5.2

M
 ost people resist the idea of a true self-estimate, probably because they fear it might mean downgrading
 some of their beliefs about who they are and what they’re capable of. As Goethe’s maxim goes, it is a great failing “to see yourself as more than you are.” How could you really be considered self-aware if you refuse to consider your weaknesses?

Don’t fear self-assessment because you’re worried you might have to admit some things about yourself. The second half of Goethe’s maxim is important too. He states that it is equally damaging to “value yourself at less than your true worth.” Is it not equally common to be surprised at how well we’re able to handle a previously feared scenario? The way that we’re able to put aside the grief for a loved one and care for others—though we always thought we’d be wrecked if something were to happen to our parents or a sibling. The way we’re able to rise to the occasion in a stressful situation or a life-changing opportunity.

We underestimate our capabilities just as much and just as dangerously as we overestimate other abilities. Cultivate the ability to judge yourself accurately and honestly. Look inward to discern what you’re capable of and what it will take to unlock that potential.","March 2

Everything but This Is Temporary

When you are a narcissist mama takes the kids away from you . . . when you are a narcissist, things start to just go away.

—Shaquille O’Neal

Charles de Gaulle helped save France. Then he ran it. Yet even at the height of his power, he tried to always remind himself, “The presidency is temporary, family is permanent.” Accordingly, he put up boundaries between his personal and professional lives. He carved out private time. He refused to neglect the children who depended on him so much, particularly his mentally disabled daughter, Anne.

We can’t ever let ourselves forget: we may be very important to the world, but to a small group of people to whom we are related, we are the whole world. Nothing matters more than family, and nothing is more permanent . . . until it isn’t. You can lose family. You can break your family. You can drive your family away. And then it is their loss that becomes permanent.

By all means, pursue your success. Realize your ambition. Just make sure it’s not coming at the expense of what actually matters."
2025-03-03,"March 3



“These things don’t go together. You must be a unified human being, either good or bad. You must diligently work either on your own reasoning or on things out of your control—take great care with the inside and not what’s outside, which is to say, stand with the philosopher, or else with the mob!”

—
E
PICTETUS,
D
ISCOURSES
, 
 3.15.13

W
 e’re all complicated people. We have multiple sides to ourselves—conflicting wants, desires, and fears. The outside world is no less confusing and contradictory. If we’re not careful, all these forces—pushing and pulling—will eventually tear us apart. We can’t live as both Jekyll and Hyde. Not for long, anyway.

We have a choice: to stand with the philosopher and focus strenuously on the inside, or to behave like a leader of a mob, becoming whatever the crowd needs at a given moment.

If we do not focus on our internal integration—on self-awareness—we risk external disintegration.","March 3

You Are Not a Babysitter

The late ESPN broadcaster—and father of two girls—Stuart Scott, was once sitting in a restaurant with some friends and their respective children. It was one of those delightful, idyllic scenes. Everyone was having fun. The kids were behaving. The dads were present. Everyone was bonding. All was well.

Then a well-meaning mom walked by and, recognizing Scott, tried to pay him a compliment for “babysitting the kids.” She did not realize how insulting this was to Scott—and in fact to all fathers. Because dads don’t babysit their kids.

Babysitting is something somebody else does for your children on your behalf, usually for money. By definition, the babysitter is not the child’s parent. These were Scott’s kids. He couldn’t babysit on his own behalf, even if he wanted to. It’d be like calling a homeowner a security guard every time you see them lock their front door.

Scott was doing his job. He was being a dad. No more, but certainly no less. As his friend would observe after Scott’s tragic death from cancer, “We didn’t see ourselves as an occasional parental figure who might take the kids off mom’s hands for a couple hours.”

See what you do as important. Because it is."
2025-03-04,"March 4



“The person is free who lives as they wish, neither compelled, nor hindered, nor limited—whose choices aren’t hampered, whose desires succeed, and who don’t fall into what repels them. Who wishes to live in deception—tripped up, mistaken, undisciplined, complaining, in a rut? No one. These are base people who don’t live as they wish; and so, no base person is free.”

—
E
PICTETUS,
D
ISCOURSES
, 
 4.1.1–3
a

I
 t is sad to consider how much time many people spend in the course of a day doing things they “have” to do—not necessary obligations like work or family, but the obligations we needlessly accept out of vanity or ignorance. Consider the actions we take in order to impress other people or the lengths we’ll go to fulfill urges or sate desires we don’t even question. In one of his famous letters, Seneca observes how often powerful people are slaves to their money, to their positions, to their mistresses, even—as was legal in Rome—to their slaves. “No slavery is more disgraceful,” he quipped, “than one which is self-imposed.”

We see this slavery all the time—a codependent person who can’t help but clean up after a dysfunctional friend, a boss who micromanages employees and sweats every penny. The countless causes, events, and get-togethers we’re too busy to attend but agree to anyway.

Take an inventory of your obligations from time to time. How many of these are self-imposed? How many of them are truly necessary? Are you as free as you think?","March 4

You Have to Make Adjustments

Queen Elizabeth II’s father, King George VI, met with his prime minister, Winston Churchill, every Tuesday at 5:30 p.m. So you might think that when his daughter took over in 1952, she would have continued the tradition. Elizabeth was, after all, a traditionalist.

But she didn’t. At that time, Queen Elizabeth had two young children, and every parent knows that 5:30 p.m. is dinnertime, knocking on bedtime. To avoid the painful question “Why isn’t Mummy going to play with us tonight?” her biographer writes, Queen Elizabeth “moved the audience to 6:30, which allowed her to go to the nursery to join in their nightly bath and tuck them into bed before discussing matters of state with Winston Churchill.”

The point is: whatever your children’s ages, you have to be ready to make adjustments. Whatever your job is, it can and must be adjusted around what we all know is our most important job. If the queen can put off Winston Churchill for an hour, you can reschedule that conference call.

Family comes first. Before business . . . even the business of state."
2025-03-05,"March 5



“So, concerning the things we pursue, and for which we vigorously exert ourselves, we owe this consideration—either there is nothing useful in them, or most aren’t useful. Some of them are superfluous, while others aren’t worth that much. But we don’t discern this and see them as free, when they cost us dearly.”

—
S
ENECA,
M
ORAL
L
ETTERS
, 
 42.6

O
 f Seneca’s many letters, this is probably one of the most important—and one of the least understood. He’s making a point that goes unheard in a society of ever-bigger houses and ever more possessions: that there’s a hidden cost to all that accumulating. And the sooner we’re aware of it, the better.

Remember: even what we get for free has a cost, if only in what we pay to store it—in our garages and in our minds. As you walk past your possessions today, ask yourself: Do I need this? Is it superfluous? What’s this actually worth? What is it costing me?

You might be surprised by the answers and how much we’ve been paying without even knowing it.","March 5

When Is Their Time?

Ruth Bader Ginsburg explained her parenting strategy while she was in law school (at a time when women simply did not do such things) like this:

Our nanny came in at 8 o’clock and left at 4 o’clock. I used the time in between classes to study, to read the next day’s assignment, but 4 o’clock was Jane’s time. We went to the park, played games, sang silly songs. When she went to sleep, I went back to the books. I had to make the most of the time I had. I couldn’t waste time.

Of course you’re busy. You have work. You have your spouse. You have your kids. You have all the obligations of adulthood. All these things are important. How do you fit it all in?

The truth is, if you’re winging it every day, you won’t get it all in. Something will fall by the wayside, and too often, it’s the time with our kids that is the first to go. Because we can turn on the TV. Because we can strap them in the car seat and bring them along on errands. Because we can tell them, “Sorry, kiddo. I’m busy right now.”

This is why it can be a good idea to have very specific, scheduled time. So you can be sure that they have their time. Nonnegotiable time. Just as you do with work or anything else that matters to you.

What does it say about us as parents if all we give them is the leftover time? Nothing good. They are the priority. Remember that the next time you put another new obligation on your calendar."
2025-03-06,"March 6



“In public avoid talking often and excessively about your accomplishments and dangers, for however much you enjoy recounting your dangers, it’s not so pleasant for others to hear about your affairs.”

—
E
PICTETUS,
E
NCHIRIDION
, 
 33.14

M
 odern philosopher Nassim Taleb has warned of the “narrative fallacy”—the tendency to assemble unrelated events of the past into stories. These stories, however gratifying to create, are inherently misleading. They lead to a sense of cohesion and certainty that isn’t real.

If that’s too heady, remember that as Epictetus points out, there is another reason not to tell stories about your past. It’s boring, annoying, and self-absorbed. It might make you feel good to dominate the conversation and make it all about you, but how do you think it is for everyone else? Do you think people are really enjoying the highlights of your high school football days? Is this really the time for another exaggerated tale of your sexual prowess?

Try your best not to create this fantasy bubble—live in what’s real. Listen
 and connect
 with people, don’t perform for them.","March 6

This Is What Putting Them First Looks Like

For his whole career, Archie Manning had been a company man for the New Orleans Saints. He was great but the team was terrible. For years they had lost. For years he had endured poor offensive lines, poor drafting, and never even coming close to playoff contention.

So you’d think when he was traded to the Houston Oilers and then to the Minnesota Vikings, it would have been a blessing. It could have breathed new life into his career. He still had years left in him, and now he had a real shot at being part of a winning team . . . finally! But instead, in 1984, he retired.

Why? His son Eli. As Manning explained in the book My First Coach: Inspiring Stories of NFL Quarterbacks and Their Dads:

I sensed that my relationship wasn’t quite the same with Eli that it had been with Cooper and Peyton at that age. . . . I was gone and I didn’t like it at all. I remember that was one of the real joys for me when I retired: that I would be home, I would be around full-time for Eli.

That’s what great parenting looks like, what true greatness—on and off the field—looks like. Would anyone back then have noticed two more seasons with the Vikings? Would anyone now have bothered to remember them? Maybe. Maybe not. You know who definitely noticed? You know who definitely remembers? Eli. And he benefited unquestionably and immeasurably from his father’s choice. He has a happy family and two Super Bowl victories to show for it.

What could it look like if you put your family first? If you really put them ahead of everything else? You can’t be sure exactly until you do it, but you can be certain that it will feel great."
2025-03-07,"March 7



“Heraclitus called self-deception an awful disease and eyesight a lying sense.”

—
D
IOGENES
L
AERTIUS,
L
IVES OF THE
E
MINENT
P
HILOSOPHERS
, 
 9.7

S
 elf-awareness is the ability to objectively evaluate the self. It’s the ability to question our own instincts, patterns, and assumptions. Oiêsis
 , self-deception or arrogant and unchallenged opinion, requires that we hold all our opinions up to hard scrutiny; even our eyes deceive us.

On the one hand, that’s alarming. I can’t even trust my own senses?!
 Sure, you could think about it that way. Or you could take it another way: because our senses are often wrong, our emotions overly alarmed, our projections overly optimistic, we’re better off not rushing into conclusions about anything. We can take a beat with everything we do and become aware of everything that’s going on so we can make the right decision.","March 7

How Are You Filling Their Bank?

Each day of our lives we make deposits into the memory banks of our children.

—Charles R. Swindoll

Think of your own childhood. What do you remember? Is it those big moments? You know, the planned ones. The ones on the calendar. Is it exclusively Christmas mornings? The annual spring break vacations? The Fourth of July barbecue?

Or are your memories much more mundane?

What we remember about growing up are the little moments. We remember sitting in the passenger seat next to Dad on a long drive. We remember going for pizza after tennis practice. We remember waking up from a nap and coming downstairs and watching a football game. We remember that little piece of advice. We remember thinking they were going to be mad at us for something and getting a hug instead.

Similarly, the wounds that we feel often come from other small moments. The feeling of being ignored. Getting yelled at for leaving our shoes in the living room. The time that Mom didn’t stand up for us. The unspoken tension in the living room between our parents.

Today you’ll be making plenty of these small deposits in their memory banks. How do you want that ledger to read?"
2025-03-08,"March 8



“If a person gave away your body to some passerby, you’d be furious. Yet you hand over your mind to anyone who comes along, so they may abuse you, leaving it disturbed and troubled—have you no shame in that?”

—
E
PICTETUS,
E
NCHIRIDION
, 
 28

I
 nstinctively, we protect our physical selves. We don’t let people touch us, push us around, control where we go. But when it comes to the mind, we’re less disciplined. We hand it over willingly to social media, to television, to what other people are doing, thinking, or saying. We sit down to work and the next thing you know, we’re browsing the Internet. We sit down with our families, but within minutes we have our phones out. We sit down peacefully in a park, but instead of looking inward, we’re judging people as they pass by.

We don’t even know that we’re doing this. We don’t realize how much waste is in it, how inefficient and distracted it makes us. And what’s worse—no one is making
 this happen. It’s totally self-inflicted.

To the Stoics, this is an abomination. They know that the world can control our bodies—we can be thrown in jail or be tossed about by the weather. But the mind? That’s ours. We must
 protect it. Maintain control over your mind and perceptions, they’d say. It’s your most prized possession.","March 8

Being Important Is Not an Excuse

I’ve built an office behind our house. Someday my daughter will look at it and think . . . “That’s where my dad worked to provide for us,” and feel a little sentimental. What I never hope she thinks is, “That’s the place my dad loved more than me.”

—Donald Miller

It would be wonderful if these quotes didn’t exist, but they do. They come from the children of great men. From Albert Einstein’s son. From Nelson Mandela’s daughter. From kids whose dads were presidents or kings or rockstars or CEOs. They go something like this: “You were there for so many people as part of your job, but you were never there for me” or “You were the best in the world at everything you did . . . except for fatherhood.”

It’s heartbreaking. Obviously the world needed Nelson Mandela. It needed Eleanor Roosevelt. It needed Steve Jobs. It needed Albert Einstein. What they did was hard, and important. It required sacrifice. It came at the expense of their families—it had to.

But did it have to come at such a high cost?

There is no job, no career, no amount of responsibility that justifies being absent from the lives of your children. Being important, having a calling, achieving success, is great. But being important doesn’t change what your most important job is: being a parent. Being there for them. Becoming world class at being Mom or Dad.

Because when your days in the spotlight are over, when your fame and import have receded, you will still be a parent and your kids will still need you for the things kids have always needed their parents for."
2025-03-09,"March 9



“Above all, keep a close watch on this—that you are never so tied to your former acquaintances and friends that you are pulled down to their level. If you don’t, you’ll be ruined. . . . You must choose whether to be loved by these friends and remain the same person, or to become a better person at the cost of those friends . . . if you try to have it both ways you will neither make progress nor keep what you once had.”

—
E
PICTETUS,
D
ISCOURSES
, 
 4.2.1; 
 4–5

“From good people you’ll learn good, but if you mingle with the bad you’ll destroy such soul as you had.”

—
M
USONIUS
R
UFUS, QUOTING
T
HEOGNIS OF
M
EGARA,
L
ECTURES
, 
 11.53.21–22

J
 im Rohn’s widely quoted line is: “You are the average of the five people you spend the most time with.” James Altucher advises young writers and entrepreneurs to find their “scene”—a group of peers who push them to be better. Your father might have given you a warning when he saw you spending time with some bad kids: “Remember, you become like your friends.” One of Goethe’s maxims captures it better: “Tell me with whom you consort and I will tell you who you are.”

Consciously consider whom you allow into your life—not like some snobby elitist but like someone who is trying to cultivate the best life possible. Ask yourself about the people you meet and spend time with: Are they making me better? Do they encourage me to push forward and hold me accountable? Or do they drag me down to their level?
 Now, with this in mind, ask the most important question: Should I spend more or less time with these folks?

The second part of Goethe’s quote tells us the stakes of this choice: “If I know how you spend your time,” he said, “then I know what might become of you.”","March 9

This Is the Only Success That Matters Now

Anytime you feel guilty about not meeting some sort of insane, unachievable demand, ask yourself, “Does this help me improve my relationship with my children? And does this help my community?”

—Jessica Grose

All of us, before we were parents, chased success in our own way. Some of us wanted it more than others. Some of us got it. Some of us didn’t.

Then we had kids. And what did that change? Well, it certainly took up more of our time and energy. It made financial security more important. It made us grow up. But mostly what it did was utterly and irrevocably change our definition of success. As Theodore Roosevelt explained:

There are many kinds of success in life worth having. It is exceedingly interesting and attractive to be a successful businessman, or railway man, or farmer, or a successful lawyer or doctor; or a writer, or a President, or a ranchman, or the colonel of a fighting regiment, or to kill grizzly bears and lions. But for unflagging interest and enjoyment, a household of children, if things go reasonably well, certainly makes all other forms of success and achievement lose their importance by comparison.

We still want to be good at our jobs, of course. We want to win championships or land big clients. We want recognition and we want the thrill of the chase. But we know now—because we’ve felt it—how small these things seem compared to a quiet evening at home. A Sunday in the park. Breakfast full of laughter. Watching them on a stage or running from the sidewalk into your arms.

This is the only success that matters now."
2025-03-10,"March 10



“We can remove most sins if we have a witness standing by as we are about to go wrong. The soul should have someone it can respect, by whose example it can make its inner sanctum more inviolable. Happy is the person who can improve others, not only when present, but even when in their thoughts!”

—
S
ENECA,
M
ORAL
L
ETTERS
, 
 11.9

C
 ato the Younger, a Roman politician best known for his self-discipline and for his heroic defense of the Republic against Julius Caesar, appears constantly throughout Stoic literature—which is interesting because he didn’t write anything down. He taught no classes. He gave no interviews. His bold and brave example is what made him such a commonly cited and quoted philosopher.

Seneca tells us that we should each have our own Cato—a great and noble person we can allow into our minds and use to guide our actions, even when they’re not physically present. The economist Adam Smith had a similar concept, which he called the indifferent spectator. It doesn’t have to be an actual person, just someone who, like Seneca said, can stand witness to our behavior. Someone who can quietly admonish us if we are considering doing something lazy, dishonest, or selfish.

And if we do it right, and live our lives in such a way, perhaps we can serve as someone else’s Cato or indifferent spectator when they need it.","March 10

Welcome To Unavoidable Reality

When the columnist and author David Brooks’s son was born, a friend sent him an email that just said, “Welcome to the world of unavoidable reality.”

Every dad knows what that means. It captures being a parent perfectly. The biggest change that comes from having a kid isn’t financial—it’s not the sleep deprivation, it’s not even needing to take care of another person or the stress it puts on your relationships. It’s that it rudely introduces you to the unavoidable reality that you are no longer the center of your own world—something you had been, despite what you thought, utterly ignorant of.

As an adult, you did what you wanted. Things operated on normal timelines. You made decisions and commitments and that was it. The world was logical and in your control. But now and for the rest of your life, reality is different. What time are you going to get to the party? When your daughter wakes up from her nap, that’s when. They’re sick with the flu? You’re sick with the flu. They feel like having a tough morning or are reeling from teenage hormones? Looks like you are too! Unavoidable reality means that you’re not in control. It means you’re going to sit and play in the sandbox for the next ninety minutes because God knows you’re not going to risk a tantrum. Unavoidable reality is weekends of soccer games and evenings of school plays and carpooling and school pickups. It means you can’t just skip dinner or grab something on the go—life doesn’t work that way anymore.

That’s who you are now. That is the unavoidable reality. And guess what? It’s wonderful. Get used to it."
2025-03-11,"March 11



“The unrestricted person, who has in hand what they will in all events, is free. But anyone who can be restricted, coerced, or pushed into something against what they will is a slave.”

—
E
PICTETUS,
D
ISCOURSES
, 
 4.1.128
b
–129
a

T
 ake a look at some of the most powerful, rich, and famous people in the world. Ignore the trappings of their success and what they’re able to buy. Look instead at what they’re forced to trade in return—look at what success has cost them.

Mostly? Freedom. Their work demands they wear a suit. Their success depends on attending certain parties, kissing up to people they don’t like. It will require—inevitably—realizing they are unable to say what they actually think. Worse, it demands that they become a different type of person or do bad things.

Sure, it might pay well—but they haven’t truly examined the transaction. As Seneca put it, “Slavery resides under marble and gold.” Too many successful people are prisoners in jails of their own making. Is that what you want? Is that what you’re working hard toward? Let’s hope not.","March 11

It’s About Being There . . . a Lot

Don’t you think maybe they are the same thing? Love and attention?

—Greta Gerwig

How do you get through to your kids? How do you show them what’s right? How can you make sure they know how much you care about them?

The answer is simple: you can be there. A lot. There is a joke that the word love is actually spelled T-I-M-E. It’s true. Your kids won’t have to wonder, they won’t need to ask—you, or your partner, or other people—how you feel about them if you are constantly there to show them. If you have prioritized your time with them over everything else. Being there also alleviates the pressure to “find the words” in those trying moments, because you’ve been having an ongoing, regular conversation with your kids the whole time. The words are there.

But being a great parent is not just about those pivotal moments. It’s not just providing for them or getting them into a great school so they can get ahead in life. It is mainly, and mostly, the day-to-day T-I-M-E. It’s the modeling, each day, of what being a good person looks like. It’s the showing, each time you see them, that you care, that they’re important, that they are loved.

It’s about being there. A lot."
2025-03-12,"March 12



“Whenever someone has done wrong by you, immediately consider what notion of good or evil they had in doing it. For when you see that, you’ll feel compassion, instead of astonishment or rage. For you may yourself have the same notions of good and evil, or similar ones, in which case you’ll make an allowance for what they’ve done. But if you no longer hold the same notions, you’ll be more readily gracious for their error.”

—
M
ARCUS
A
URELIUS,
M
EDITATIONS
, 
 7.26

S
 ocrates, perhaps the wisest person to ever live, used to say that “nobody does wrong willingly.” Meaning that no one is wrong on purpose either. Nobody thinks
 they’re wrong, even when they are. They think they’re right, they’re just mistaken. Otherwise, they wouldn’t think it anymore!

Could it be that the slights you’ve experienced or the harm that others have done to you was not inflicted intentionally? What if they simply thought they were doing the right thing—for them, even for you? It’s like the memorial for Confederate soldiers at Arlington (obviously a cause that was wrongly fought for by people doing wrong), which states, in part, that the Confederate soldiers served “in simple obedience to duty, as they understood it.
 ” Again—they understood wrongly, but it was their genuine understanding, just as Lincoln was genuine when he ended his famous Cooper Union speech by saying, “Let us, to the end, dare to do our duty as we understand it.”

How much more tolerant and understanding would you be today if you could see the actions of other people as attempts to do the right thing? Whether you agree or not, how radically would this lens change your perspective on otherwise offensive or belligerent actions?","March 12

They Must Come First

Queen Elizabeth II had just returned from a six-month trip abroad. Her kids had been aboard the royal yacht for days, eagerly awaiting her return. Did she have presents? Would she tell them wonderful stories? Would she smother them with kisses?

As she stepped aboard, Prince Charles, the future King, ran to her. Always a stickler for protocol, however, the queen politely greeted a group of dignitaries first. “No, not you, dear,” she chided him, finishing her business before embracing her family.

Even some sixty-five years after the fact, even if you have an important job, even if you’re an avid rule follower, even if you don’t like Charles, it still breaks your heart. Especially when we know that she knew better, having moved her weekly meeting with the prime minister to be there for her babies at dinnertime.

But now, after that much time apart, those were her first words to her six-year-old son? What had changed? Couldn’t she see the awful symbolism? Literally putting work before family? After having already put them on pause for six months?

Your kids must come first. Not just in the very first months or years but always. You must say to them, “Yes, you, dear,” and never ever the opposite."
2025-03-13,"March 13



“Whenever you find yourself blaming providence, turn it around in your mind and you will see that what has happened is in keeping with reason.”

—
E
PICTETUS,
D
ISCOURSES
, 
 3.17.1

P
 art of the reason we fight against the things that happen is that we’re so focused on our
 plan that we forget that there might be a bigger plan we don’t know about. Is it not the case that plenty of times something we thought was a disaster turned out to be, with the passage of time, a lucky break? We also forget that we’re not the only people who matter and that our loss might be someone else’s gain.

This sense of being wronged is a simple awareness problem. We need to remember that all things are guided by reason—but that it is a vast and universal reason that we cannot always see. That the surprise hurricane was the result of a butterfly flapping its wings a hemisphere away or that misfortune we have experienced is simply the prelude to a pleasant and enviable future.","March 13

Don’t Let Them Steal from Your Family

A few weeks before his tragic death, Kobe Bryant got a note from a reporter at ESPN. She was working on a story about a moment in Lakers history and she wanted to feature Kobe in it. It’s one of those requests that public figures get all the time. It’s part of their job—in fact, it’s one of the things that attracted them to the job in the first place. To be in the news, to have people want to hear their opinion, to grow their brand. Kobe replied: “Can’t right now. My girls are keeping me busy. Hit me up in a couple of weeks.”

Do you have the discipline to send a message like that? How strong are you at putting your family first? How good are your defenses against the endless requests, opportunities, impositions, and obligations that come with your work in particular and with life in general? It’s so easy to let people steal your time, to let them take you away from the thing that is keeping you busy: your kids, your family.

Kobe Bryant, tragically, will not get any more time with his kids, and they will not get any more time with him. Which is what makes that text he sent such a powerful reminder—a final feat of performance left there to inspire those of us continuing in the shadow of his death.

Put your family first. Put your kids first. Say that you’re too busy. Politely decline. You have other priorities."
2025-03-14,"March 14



“Zeno would also say that nothing is more hostile to a firm grasp on knowledge than self-deception.”

—
D
IOGENES
L
AERTIUS,
L
IVES OF THE
E
MINENT
P
HILOSOPHERS
, 
 7.23

S
 elf-deception, delusions of grandeur—these aren’t just annoying personality traits. Ego is more than just off-putting and obnoxious. Instead, it’s the sworn enemy of our ability to learn and grow.

As Epictetus put it, “It is impossible for a person to begin to learn what he thinks he already knows.” Today, we will be unable to improve, unable to learn, unable to earn the respect of others if we think we’re already perfect, a genius admired far and wide. In this sense, ego and self-deception are the enemies of the things we wish to have because we delude ourselves into believing that we already possess them.

So we must meet ego with the hostility and contempt that it insidiously deploys against us—to keep it away, if only for twenty-four hours at a time.","March 14

Do You Know Them?

It’s a story so bad it has to be true. The 2nd Earl of Leicester was walking down the hallway of his enormous estate. A young nurse holding the hand of a child passed him in the corridor. “Whose child is that?” he asked her. Taken aback, it was all she could do to utter calmly, “Yours, my lord.”

Needless to say, the earl died unhappy and mostly alone.

Now, thankfully, most of us are not this aloof. No one would accept or condone that kind of absentee parenting anymore—or even just the more benign aristocratic hands-off style the British were known for. But still, it begs the question: How well do you know your kids . . . really?"
2025-03-15,"March 15



“Were you to live three thousand years, or even a countless multiple of that, keep in mind that no one ever loses a life other than the one they are living, and no one ever lives a life other than the one they are losing. The longest and the shortest life, then, amount to the same, for the present moment lasts the same for all and is all anyone possesses. No one can lose either the past or the future, for how can someone be deprived of what’s not theirs?”

—
M
ARCUS
A
URELIUS,
M
EDITATIONS
, 
 2.14

T
 oday, notice how often you look for more. That is, wanting the past to be more than what it was (different, better, still here, etc.) or wanting the future to unfold exactly as you expect (with hardly a thought as to how that might affect other people).

When you do this, you’re neglecting the present moment. Talk about ungrateful! There’s a saying—attributed to Bil Keane, the cartoonist—worth remembering: “Yesterday’s the past, tomorrow’s the future, but today is a gift. That’s why it’s called the present.” This present is in our possession—but it has an expiration date, a quickly approaching one. If you enjoy all of it, it will be enough. It can last a whole lifetime.","March 15

Their Needs Are So Modest

Your kids are not keeping score on your career. . . . They just want a parent who’s emotionally present and supportive of them.

—Ben Stiller

David Letterman was the king of late night. His shows ran for thirty-three seasons, making him the longest-serving late-night talk show host in the history of American television. At its peak, he was making something like $30 million a year, watched by an audience of many millions every week.

In 2014, Letterman announced that he was hanging it up. On the day he made the decision, Letterman went to his young son (whom he’d had later in life) with the news. “I’m quitting. I’m retiring,” he told Harry. “I won’t be at work every day. My life is changing; our lives will change.”

“Will I still be able to watch the Cartoon Network?” his son asked. “I think so. Let me check,” Letterman replied. There he was, walking away from millions of dollars and one of the most coveted slots in all of television, and his son’s main concern was whether he could still watch TV.

Kids will humble us like that. We think we’re so important. We think our work is so important. In fact, that’s what we tell ourselves—that we work those long hours to make the money to provide them a certain kind of life. In fact, our kids’ needs are so humble. Mostly what they want is us. And beyond that? They’re pretty content with snacks. The occasional video game. A sprinkler to play in. Some magnet you picked up at the airport on the way home from a business trip. A parent who doesn’t yell at them all the time. They’re pretty easily impressed. Their needs are small."
2025-03-16,"March 16



“Hold sacred your capacity for understanding. For in it is all, that our ruling principle won’t allow anything to enter that is either inconsistent with nature or with the constitution of a logical creature. It’s what demands due diligence, care for others, and obedience to God.”

—
M
ARCUS
A
URELIUS,
M
EDITATIONS
, 
 3.9

T
 he fact that you can think, the fact that you can read this book, the fact that you are able to reason in and out of situations—all of this is what gives you the ability to improve your circumstances and become better. It’s important to appreciate this ability, because it’s a genuine ability. Not everyone is so lucky.

Seriously—what you take for granted, others wouldn’t even think to dream of.

Take a little time today to remember that you’re blessed with the capacity to use logic and reason to navigate situations and circumstances. This gives you unthinkable power to alter your circumstances and the circumstances of others. And remember that with power comes responsibility.","March 16

It’s Not Possible without Struggle

At an event for female judges in the 1980s, during Sandra Day O’Connor’s term as the first female Supreme Court justice, a law professor asked, “How do you take care of your family and have a career?” O’Connor answered: “Always put your family first.”

It was an inspiring answer, but all the trailblazing women in the room understood it was not the full truth. As her biographer wrote, the women in the audience suspected that the real answer to the question was “By constant struggle,” by painful choice, and by trade-offs. We can’t be flip about it; putting your family first ahead of your ambition is essential; but it’s also tough. If it were easy, every parent would do it.

Indeed, later in life, O’Connor would talk about how “desperately hard” it was to balance work and family. She would try to talk to her law clerks, male and female, about this struggle. She didn’t dance around how hard would it be. She shared what she had learned. And most important, in being up front, she provided them, and now us, the relief of knowing: it’s not possible without struggle."
2025-03-17,"March 17



“You are not your body and hair-style, but your capacity for choosing well. If your choices are beautiful, so too will you be.”

—
E
PICTETUS,
D
ISCOURSES
, 
 3.1.39
b
–40
a

I
 t’s that line in the movie Fight Club
 : “You are not your job, you’re not how much money you have in the bank. You are not the car you drive. You’re not the contents of your wallet.” Obviously our friend Epictetus never saw that movie or read the book—but apparently the consumerism of the 1990s existed in ancient Rome too.

It’s easy to confuse the image we present to the world for who we actually are, especially when media messaging deliberately blurs that distinction.

You might look
 beautiful today, but if that was the result of vain obsession in the mirror this morning, the Stoics would ask, are you actually
 beautiful? A body built from hard work is admirable. A body built to impress gym rats is not.

That’s what the Stoics urge us to consider. Not how things appear, but what effort, activity, and choices they are a result of.","March 17

You’ll Never Regret Playing with Your Kids

Even if you’ve just put on your work clothes. Even if you’re already late. Even if the pool is freezing. Even if they’ve been getting in trouble lately or been difficult to deal with. Even if you’ve got the weight of the world on your shoulders. You will never regret choosing to stop whatever it is you were doing, or were about to do, to play with your kids. You will never regret jumping in the water with them, picking up the video game controller with them, spending a few minutes with them, letting Saturday actually be a Saturday with family.

You will always be glad you took the time. Because none of us know how much of it we’re going to get. There is no message more important to send than the one that says, “There is nothing more important to me than you.” As busy as you are, as much as you’re dealing with, there has never been a mind that was not improved or refreshed by temporarily entering the world of a child.

But of course, you will regret letting too many of these opportunities pass you by. In fact, you know that you already do . . . because you already have."
2025-03-18,"March 18



“Today I escaped from the crush of circumstances, or better put, I threw them out, for the crush wasn’t from outside me but in my own assumptions.”

—
M
ARCUS
A
URELIUS,
M
EDITATIONS
, 
 9.13

O
 n tough days we might say, “My work is overwhelming,” or “My boss is really frustrating.” If only we could understand that this is impossible. Someone can’t frustrate you
 , work can’t overwhelm you
 —these are external objects, and they have no access to your mind. Those emotions you feel, as real as they are, come from the inside, not the outside.

The Stoics use the word hypolêpsis
 , which means “taking up”—of perceptions, thoughts, and judgments by our mind. What we assume, what we willingly generate in our mind, that’s on us. We can’t blame other people for making us feel stressed or frustrated any more than we can blame them for our jealousy. The cause is within us. They’re just the target.","March 18

This Is the Real Dad Tax

One of the perks of parenting is the so-called Dad Tax—the bite of their ice cream, the pieces of their Halloween candy, the biggest pork chop on the serving dish. It’s your house and you are bigger, so you get to exact the iron price from your kids anytime you want.

The basketball coach John Thompson, who grew up poor in Washington, DC, recalls that his father always ate whatever he and his siblings left on their plates. But as he got older, he realized that this was a different kind of Dad Tax—one his father was paying, not collecting. “Now I realize the man must have been hungry but sacrificed so we could have more than him,” Thompson wrote in his memoirs. “Was I so selfish that I didn’t realize the reason he chewed on that pork chop bone I left behind, why he sopped up the gravy on my plate? My father was providing. He didn’t eat so we could eat.”

Putting your family first isn’t just a matter of your schedule. The author Simon Sinek famously wrote that “leaders eat last.” So should dads, because the inherent, unquestionable responsibility that you assumed the minute you brought a child into the world was that they come first. They get the bulk of what’s available. They don’t get the biggest pork chop; they get as many pork chops as they need. They get to experience the fun and the sweetness of life. If there are any leftovers, even if it’s just the scraps, then maybe you get a taste."
2025-03-19,"March 19



“For there are two rules to keep at the ready—that there is nothing good or bad outside my own reasoned choice, and that we shouldn’t try to lead events but to follow them.”

—
E
PICTETUS,
D
ISCOURSES
, 
 3.10.18

I
 n the mid-twentieth century, there was an Indian Jesuit priest named Anthony de Mello. Born in Bombay when it was still under British control, de Mello was an amalgam of many different cultures and perspectives: East, West; he even trained as a psychotherapist. It’s interesting when one sees timeless wisdom develop across schools, across epochs and ideas. Here is a quote from de Mello’s book, The Way to Love
 , that sounds almost exactly like Epictetus:

“The cause of my irritation is not in this person but in me.”

Remember, each individual has a choice. You are always the one in control. The cause of irritation—or our notion that something is bad—that comes from us, from our labels or our expectations. Just as easily, we can change those labels; we can change our entitlement and decide to accept and love what’s happening around us. And this wisdom has been repeated and independently discovered in every century and every country since time began.","March 19

Don’t Do This to Them

When she was a young girl, Angela Merkel’s father was gone a lot. He had to travel to see his congregation. He had meetings and church business to attend to. Like all of us, he was busy. He had work responsibilities, spiritual responsibilities, adult responsibilities.

It took a toll on his family. “The worst was when he said he would be right back,” Merkel later reflected, “but then it took hours for him to return.” Often she would find herself waiting for hours in the street, expecting him home at any minute, always to be disappointed.

All of us do this in some form or another. “It’ll just be a minute,” we tell them as we run an errand. “Let me finish this quick phone call,” we say, shushing them over and over again while they beg to play with us outside. “Dinner will be ready soon,” we say, knowing it will be much longer than that. “I’ll be home before it gets dark, I promise,” we say, as if traffic could not delay us. Or, like Merkel’s father, our trips and travels get extended and we miss things . . . or keep them up waiting.

While none of us fully control our time or our schedule, we do control how we communicate with our children—we control how we give our word and how we keep it. And it’s essential that we take that seriously. Our kids shouldn’t just be expected to deal with it. They should be communicated to and informed with respect. They deserve an explanation for the things that keep us away from them, that keep them away from the things that it is our adult responsibility to provide. It’s a matter of duty, to be sure, but more important, it’s a matter of trust."
2025-03-20,"March 20



“I may wish to be free from torture, but if the time comes for me to endure it, I’ll wish to bear it courageously with bravery and honor. Wouldn’t I prefer not to fall into war? But if war does befall me, I’ll wish to carry nobly the wounds, starvation, and other necessities of war. Neither am I so crazy as to desire illness, but if I must suffer illness, I’ll wish to do nothing rash or dishonorable. The point is not to wish for these adversities, but for the virtue that makes adversities bearable.”

—
S
ENECA,
M
ORAL
L
ETTERS
, 
 67.4

P
 resident James Garfield was a great man—raised in humble circumstances, self-educated, and eventually a Civil War hero—whose presidency was cut short by an assassin’s bullet. In his brief time in office, he faced a bitterly divided country as well as a bitterly and internally divided Republican Party. During one fight, which challenged the very authority of his office, he stood firm, telling an adviser: “Of course I deprecate war, but if it is brought to my door the bringer will find me at home.”

That’s what Seneca is saying here. We’d be crazy to want
 to face difficulty in life. But we’d be equally crazy to pretend that it isn’t going to happen. Which is why when it knocks on our door—as it very well may this morning—let’s make sure we’re prepared to answer. Not the way we are when a surprise visitor comes late at night, but the way we are when we’re waiting for an important guest: dressed, in the right head space, ready to go.","March 20

They’re Going to Ask You Only So Many Times

Sometimes you will never know the value of a moment until it becomes a memory.

—Dr. Seuss

They’re going to ask you only so many times: to get in the pool with them, to sit next to them, to help with their homework, to talk about the problem they’re having.

Not because you only get a certain number of summers and car rides and moments with your kids—though that is true. They’re going to ask you only so many times because at some point they’re going to get the message.

Dad is too busy; he isn’t any fun anymore. Mom judges; she isn’t actually a good person to ask.

That message.

So you can’t defer the opportunity to answer till later. You can’t afford to lose your temper because this is the nth time they’ve asked. You can’t give anything less than your best, your most present, your most fun self. Because this ask—in this moment—is it.

It’s your chance. You can’t waste it. You can’t send them the wrong message. You have to seize it. You have to show them who you are."
2025-03-21,"March 21



“People seek retreats for themselves in the country, by the sea, or in the mountains. You are very much in the habit of yearning for those same things. But this is entirely the trait of a base person, when you can, at any moment, find such a retreat in yourself. For nowhere can you find a more peaceful and less busy retreat than in your own soul—especially if on close inspection it is filled with ease, which I say is nothing more than being well-ordered. Treat yourself often to this retreat and be renewed.”

—
M
ARCUS
A
URELIUS,
M
EDITATIONS
, 
 4.3.1

D
 o you have a vacation coming up? Are you looking forward to the weekend so you can have some peace and quiet? Maybe,
 you think, after things settle down
 or after I get this over with
 . But how often has that ever actually worked?

The Zen meditation teacher Jon Kabat-Zinn coined a famous expression: “Wherever you go, there you are.” We can find a retreat at any time by looking inward. We can sit with our eyes closed and feel our breath go in and out. We can turn on some music and tune out the world. We can turn off technology or shut off those rampant thoughts in our head. That
 will provide us peace. Nothing else.","March 21

If You Want Your Children to Turn Out Well

Seneca called wealth a “preferred indifferent.” It’s not good or bad but nice to have. He was right. Money does make some things better. It’s certainly better to have money than to not have it. But it’s a mistake to think that money will magically create a wonderful childhood for your kids.

It’s not true that money will guarantee your kids a good life. It’s not true that it will prevent them from feeling pain or loss. It’s not true that money is even high on their list of needs.

What kids actually want is you. What kids actually need is you. As Dear Abby quite brilliantly put it in a column back in the 1950s, “If you want your children to turn out well, spend twice as much time with them, and half as much money.”

You can’t pay someone to be there for your kids. You can’t pay someone to do the job only you can do. Sure, money can make things easier; it can buy childcare and tutors. But it will never be as important as what you can provide by being hands on, by being a good example, by showing them you care for them and value them.

The proof of this? Just think about how many great people turned out just fine without much money at all."
2025-03-22,"March 22



“What is it then to be properly educated? It is learning to apply our natural preconceptions to the right things according to Nature, and beyond that to separate the things that lie within our power from those that don’t.”

—
E
PICTETUS,
D
ISCOURSES
, 
 1.22.9–10
a

A
 degree on a wall means you’re educated as much as shoes on your feet mean you’re walking. It’s a start, but hardly sufficient.

Otherwise, how could so many “educated” people make unreasonable decisions? Or miss so many obvious things? Partly it’s because they forget that they ought to focus only on that which lies within their power to control. A surviving fragment from the philosopher Heraclitus expresses that reality:

“Many who have learned

from Hesiod the countless names

of gods and monsters

never understand

that night and day are one.”

Just as you can walk plenty well without shoes, you don’t need to step into a classroom to understand the basic, fundamental reality of nature and of our proper role in it. Begin with awareness and reflection. Not just once, but every single second of every single day.","March 22

They Are Your Work

When you love, you wish to do things for. You wish to sacrifice for. You wish to serve.

—Ernest Hemingway

All of us are busy. We have conflicting responsibilities and a lot to manage besides that. Still, we can’t ever forget what our first, real job is. As the economist Bryan Caplan tells his children, all four of whom he now homeschools, “You are not an interruption of my work. You are my work.”

Our job is to raise great kids. Or, more precisely, our job is to raise great adults. The time we spend with our kids—whether it’s homeschooling or watching a TV show on the couch—is not a distraction from our work. It is the work. Really important work.

Who could really view their life as successful if they were famous but their kids were struggling? Who would be truly happy accepting a Nobel Prize knowing that they had failed as a parent? What good would a billion dollars be if all the money in the world can’t convince your kids to come home for the holidays?

That’s why kids can never “take away” from our careers or “hold us back.” It’s not possible for them to interrupt our work . . . because they are our work."
2025-03-23,"March 23



“The diseases of the rational soul are long-standing and hardened vices, such as greed and ambition—they have put the soul in a straitjacket and have begun to be permanent evils inside it. To put it briefly, this sickness is an unrelenting distortion of judgment, so things that are only mildly desirable are vigorously sought after.”

—
S
ENECA,
M
ORAL
L
ETTERS
, 
 75.11

I
 n the financial disaster of the late 2000s, hundreds of smart, rational people lost trillions of dollars’ worth of wealth. How could such smart people have been so foolish? These people knew the system, knew how the markets were supposed to work, and had managed billions, if not trillions, of dollars. And yet, almost to a person, they were wrong—and wrong to the tune of global market havoc.

It’s not hard to look at that situation and understand that greed was some part of the problem. Greed was what led people to create complex markets that no one understood in the hope of making a quick buck. Greed caused other people to make trades on strange pools of debt. Greed prevented anyone from calling out this situation for what it was—a house of cards just waiting for the slightest breeze to knock it all down.

It doesn’t do you much good to criticize those folks after the fact. It’s better to look at how greed and vices might be having a similar effect in your own life. What lapses in judgment might your vices be causing you? What “sicknesses” might you have?

And how can your rational mind step in and regulate them?","March 23

You Are the Exalted Creator

Whatever you have accomplished or hope to accomplish, there is something you will never be able to top. As the Catholic activist—and possible future saint—Dorothy Day wrote:

If I had written the greatest book, composed the greatest symphony, painted the most beautiful painting or carved the most exquisite figure, I could not have felt the more exalted creator than I did when they placed my child in my arms. . . . No human creature could receive or contain so vast a flood of love and joy as I felt after the birth of my child. With this came the need to worship, to adore.

That feeling, the one you felt the first day you held your children. The feeling when they run into your arms and call you Daddy, or when they come into your room to ask for advice, or when you sit across the table from them and watch them eat. That feeling—the pride, the love, the connection—this is the feeling to carry with you.

You made that. You are the exalted creator of that. Parent in a way that proves it."
2025-03-24,"March 24



“Eat like a human being, drink like a human being, dress up, marry, have children, get politically active—suffer abuse, bear with a headstrong brother, father, son, neighbor, or companion. Show us these things so we can see that you truly have learned from the philosophers.”

—
E
PICTETUS,
D
ISCOURSES
, 
 3.21.5–6

P
 lutarch, a Roman biographer as well as an admirer of the Stoics, didn’t begin his study of the greats of Roman literature until late in life. But, as he recounts in his biography of Demosthenes, he was surprised at how quickly it all came to him. He wrote, “It wasn’t so much that the words brought me into a full understanding of events, as that, somehow, I had a personal experience of the events that allowed me to follow closely the meaning of the words.”

This is what Epictetus means about the study of philosophy. Study, yes, but go live your life as well. It’s the only way that you’ll actually understand what any of it means. And more important, it’s only from your actions and choices over time that it will be possible to see whether you took any of the teachings to heart.

Be aware of that today when you’re going to work, going on a date, deciding whom to vote for, calling your parents in the evening, waving to your neighbor as you walk to your door, tipping the delivery man, saying goodnight to someone you love. All of that is philosophy. All of it is experience that brings meaning to the words.","March 24

Give What You Didn’t Get

NFL wide receiver Marqise Lee didn’t play football in 2020. He could have played for Bill Belichick, but he didn’t. Not because he was worn down or afraid of the grind—as an athlete and a football player, he was in the prime of his career.

No, he opted out of that season because, as it did for so many, COVID-19 disrupted everything. Sports, like business, involves travel and time at the office, away from family. But with COVID-19 protocols, with limited access to family and friends on the road, that NFL season was different. It would have been too much time away for Lee, more than he was willing to bear. As he told ESPN:

People who know my background and where I came from, and things like that, I didn’t really have my pops in my life. I never really had a real father figure besides coaches as I got older. This is my opportunity to be there for my daughter. I was hoping she could be there watching this season, but clearly she wasn’t going to be able to do that. I felt like it was important to just spend this year with her, and get back to it next year. Football is going to be there at the end of the day.

Lee was putting his family first. He was doing something his father didn’t do for him. He was drawing a line. He was deciding not to waste the most precious thing we have with our children: time. Each of us must decide the same."
2025-03-25,"March 25



“. . . freedom isn’t secured by filling up on your heart’s desire but by removing your desire.”

—
E
PICTETUS,
D
ISCOURSES
, 
 4.1.175

T
 here are two ways to be wealthy—to get everything you want or to want everything you have. Which is easier right here and right now? The same goes for freedom. If you chafe and fight and struggle for more, you will never be free. If you could find and focus on the pockets of freedom you already have? Well, then you’d be free right here, right now.","March 25

Why Didn’t You Make Time for Me?

Not to be always ducking my responsibilities to the people around me because of “pressing business.”

—Marcus Aurelius

I hope you are quite well,” a young Winston Churchill wrote to his always-busy father from his boarding school in 1886. “You never came to see me on Sunday when you were in Brighton.” It was not the only time he would write such a thing to his father. “I cannot think why you did not come see me, while you were in Brighton, I was very disappointed but I suppose you were too busy.”

As Josh Ireland observes in the fascinating book Churchill and Son, it’s not just the disappointment of the boy that registers all these years later but also his sad attempts to rationalize his father’s selfishness.

We will not be perfect as parents. We will make mistakes. But we must do our best to avoid inspiring that painful question: Why didn’t you make time for me? Because there is no good answer for it. And the rationalizing answer they come up with has the potential to mess with their minds and redouble the damage of our absence.

Your kids don’t care that you’re president. They don’t care that this is the busy sales season. They don’t care that your own parents were sick. They don’t care that you were fighting over custody. They just care that you weren’t there.

Time is not given. It is made. We have to make time. That’s our job. It’s our biggest priority."
2025-03-26,"March 26



“How does your ruling reason manage itself? For in that is the key to everything. Whatever else remains, be it in the power of your choice or not, is but a corpse and smoke.”

—
M
ARCUS
A
URELIUS,
M
EDITATIONS
, 
 12.33

T
 he Roman satirist Juvenal is famous for this question: Quis custodiet ipsos custodes?
 (Who watches the watchmen?) In a way, this is what Marcus is asking himself—and what you might ask yourself throughout the day. What influences the ruling reason that guides your life?

This means an exploration of subjects like evolutionary biology, psychology, neurology, and even the subconscious. Because these deeper forces shape even the most disciplined, rational minds. You can be the most patient person in the world, but if science shows we make poor decisions on an empty stomach—what good is all that patience?

So don’t stop at Stoicism, but explore the forces that drive and make Stoicism possible. Learn what underpins this philosophy you’re studying, how the body and mind tick. Understand not only your ruling reason—the watchmen—but whoever and whatever rules that too.","March 26

Here’s What You Mean to Them

Sean Lennon, the only son of John Lennon and Yoko Ono, had to grow up without a father. Tragically, John Lennon was assassinated outside his New York City apartment building when Sean was just five years old. Still, it was those few years that Sean got to spend with his father that shaped him into the man he became.

In an interview with Marc Maron, Sean explained that on an almost daily basis, someone will come up to him and say something to the effect of “You have no idea what your dad meant to me” or “You can’t understand how important your dad’s music is to me.”

It’s a strange claim, Sean explained, because of course he understands. John Lennon and his music are even more important in Sean’s life. Because John Lennon was Sean’s father. Because he has been holding on to that relationship every minute since his father was taken from him. Because John’s music is the only way he gets to talk to his son anymore.

Each parent should take to heart what that means: even the greatest musician of all time is more important as a parent to his children than he is as an artist to the world. It doesn’t matter how great our work is, how wealthy it makes us, or what it ends up meaning to billions of people—nothing will eclipse the impact we have on our kids."
2025-03-27,"March 27



“Diogenes of Sinope said we sell things of great value for things of very little, and vice versa.”

—
D
IOGENES
L
AERTIUS,
L
IVES OF THE
E
MINENT
P
HILOSOPHERS
, 
 6.2.35
b

Y
 ou can buy a Plume Blanche diamond-encrusted sofa for close to two hundred thousand dollars. It’s also possible to hire one person to kill another person for five hundred dollars. Remember that next time you hear someone ramble on about how the market decides what things are worth. The market might be rational . . . but the people who comprise it are not.

Diogenes, who founded the Cynic school, emphasized the true worth (axia
 ) of things, a theme that persisted in Stoicism and was strongly reflected in both Epictetus and Marcus. It’s easy to lose track. When the people around you dump a fortune into trinkets they can’t take with them when they die, it might seem like a good investment for you to make too.

But of course it isn’t. The good things in life cost what they cost. The unnecessary things are not worth it at any price. The key is being aware of the difference.","March 27

It’s Okay to Be Ambitious

You have things you want to do in this life. Maybe you want to write a book or you’re in the middle of starting a company. Maybe you’re trying to win a championship or run for president. But you want to be a great parent too, obviously, which necessarily makes your other goals more difficult to achieve.

Is this a moral quandary? A Sophie’s choice? Is it possible to yearn for personal achievement and desire to be a great parent and expect to accomplish both? Or does one, as the stories of Justice Ginsburg’s and Justice O’Connor’s early careers might remind us, require sacrifice from the other?

For most of history, it’s been women who have felt the tension of these conflicting desires the most and have been forced to choose one over the other. Fathers, on the other hand, have been encouraged—expected even—to look outside the home for fulfillment and recognition, because for men professional success was good parenting.

As society has evolved, however, every parent has had to manage the tension of serving two masters, even prime ministers and billionaires.

In her autobiography, Margaret Thatcher, the first woman to be UK prime minister, quotes Irene Ward, a pioneering British politician: “While the home must always be the centre of one’s life, it should not be the boundary of one’s ambition.”

You’re allowed to think bigger. It’s okay to have a career and want to be great at it. It’s okay to strive to change the world. Because in these things, as long as you share them and open them up to a wider view, you are teaching your kids about you and about the world. You are teaching them about hard work, about doing what’s right, about fulfilling one’s potential, about being of use to others."
2025-03-28,"March 28



“Life without a design is erratic. As soon as one is in place, principles become necessary. I think you’ll concede that nothing is more shameful than uncertain and wavering conduct, and beating a cowardly retreat. This will happen in all our affairs unless we remove the faults that seize and detain our spirits, preventing them from pushing forward and making an all-out effort.”

—
S
ENECA,
M
ORAL
L
ETTERS
, 
 95.46

T
 he opposing team comes out strong, establishes an early lead, and you never had time to recover. You walk into a business meeting, are caught off guard, and the whole thing goes poorly. A delicate conversation escalates into a shouting match. You switched majors halfway through college and had to start your coursework over and graduate late. Sound familiar?

It’s the chaos that ensues from not having a plan. Not because plans are perfect, but because people without plans—like a line of infantrymen without a strong leader—are much more likely to get overwhelmed and fall apart. The Super Bowl–winning coach Bill Walsh used to avoid this risk by scripting the beginning of his games. “If you want to sleep at night before the game,” he said in a lecture on game planning, “have your first 25 plays established in your own mind the night before that. You can walk into the stadium and you can start the game without that stress factor.” You’ll also be able to ignore a couple of early points or a surprise from your opponent. It’s irrelevant to you—you already have your marching orders.

Don’t try to make it up on the fly. Have a plan.","March 28

It’s a Family Affair

Taylor Branch’s incredible series on Martin Luther King Jr. and the civil rights movement spans three volumes. It’s almost three thousand pages with hundreds of footnotes. It won awards like the Pulitzer Prize for Nonfiction and the National Book Critics Circle Award.

Undoubtedly, Branch is quite pleased with this masterwork of historical scholarship, which he spent untold hours researching, writing, editing, and talking about. But there is a note tucked away in the acknowledgments of the final volume that truly captures both the experience and the family effort such an achievement required. Branch writes,

Our son, Franklin, who was born weeks before my first trip to the Lorraine Motel, finished college in time to help me with my final research.

Your kids are with you on this journey, whatever it is. It can be so easy to see your career as something that is you-centric. It’s not. It’s a family affair. The same is true of the ambitions of every member of your household. And the more you can be involved with each other on these personal journeys, the better. It makes the accomplishments sweeter, the work more complete . . . and the sacrifices less painful. Because all of them have been done together."
2025-03-29,"March 29



“If you should ever turn your will to things outside your control in order to impress someone, be sure that you have wrecked your whole purpose in life. Be content, then, to be a philosopher in all that you do, and if you wish also to be seen as one, show yourself first that you are and you will succeed.”

—
E
PICTETUS,
E
NCHIRIDION
, 
 23

I
 s there anything sadder than the immense lengths we’ll go to impress someone? The things we’ll do to earn someone’s approval can seem, when examined in retrospect, like the result of some temporary form of insanity. Suddenly we’re wearing uncomfortable, ridiculous clothes we’ve been told are cool, eating differently, talking differently, eagerly waiting for a call or text. If we did these things because we
 liked it, that would be one thing. But that’s not what it is. It’s just a means to an end—to get someone to give us the nod.

The irony, as Marcus Aurelius points out repeatedly, is that the people whose opinion we covet are not all that great. They’re flawed—they’re distracted and wowed by all sorts of silly things themselves. We know this and yet we don’t want to think about it. To quote Fight Club
 again, “We buy things we don’t need, to impress people we don’t like.”

Doesn’t that sound pretty ridiculous? But more than that, isn’t it about as far as possible as you can get from the serenity and security that philosophy can provide?","March 29

Here’s How to Spend More Time with Them

Every parent wishes they could have more time with their kids. We envy the parents who don’t seem to have this problem, who don’t work the same hours we do, who have the flexibility we dream about to spend more time with their kids.

If only we could be so lucky . . .

The comedian Aziz Ansari tells a joke about a conversation he had with the musician Frank Ocean. Marveling at the autonomy Ocean seems to have in his career, Aziz asks how he gets away with making music only when he wants, touring only when he wants, doing only the kinds of things he wants.

It’s not that hard, Ocean tells him; you just have to be comfortable making less money.

If we’re being honest, how much of the time we spend away from our kids for work is actually related to putting food on the table? How much of it is truly rooted in need? In the basics of a healthy, sustainable life? Probably not nearly as much as we tell ourselves (or them).

We work for other reasons—often good reasons—but not because we have to. We could have more flexibility if we wanted. We could choose a different job. We could choose to put family over career advancement, over six- or seven-figure salaries, over keeping up with the Joneses.

Let us stop acting as if the freedom—and opportunity—we crave isn’t within our grasp. We can spend more time with our kids. We can be there more than we are. We just have to be comfortable making less money."
2025-03-30,"March 30



“Hurry to your own ruling reason, to the reason of the Whole, and to your neighbor’s. To your own mind to make it just; to the mind of the Whole to remember your place in it; and to your neighbor’s mind to learn whether it’s ignorant or of sound knowledge—while recognizing it’s like yours.”

—
M
ARCUS
A
URELIUS,
M
EDITATIONS
, 
 9.22

I
 f our lives are not ruled by reason, what are they ruled by? Impulse? Whim? Mimicry? Unthinking habit? As we examine our past behavior, it’s sad how often we find this to be the case—that we were not acting consciously or deliberately but instead by forces we did not bother to evaluate. It also happens that these are the instances that we’re mostly likely to regret.","March 30

An Important Rule

The economist Russ Roberts lives his life by a number of rules and rituals. He keeps Shabbat, for instance, and he commits to regularly tithing his income. He has another rule, as a father, that we should all observe as parents:

If your child offers you a hand to hold, take it.

Life and relationships are an endless dance of reaching out and pulling away. You reach out to your kids, they pull away—they’re busy, they’re in front of their friends, they’re mad at you. You try to help them and they don’t want it. You want what’s best for them but they don’t understand.

We can’t control that. What we can control is that whenever they do reach out—whenever they offer us a hand to hold—we take that opportunity and grab it. When they want to lie in our bed with us, we can let them. When they call on the phone, we can answer—even if we’re in a meeting. When they ask to talk about something, we can listen, whatever it’s about. We can hold them tight every chance we have.

We can’t demand that those things happen, but we can make a rule that when they do, we take it for as long as it’s being given."
2025-03-31,"March 31



“Chasing what can’t be done is madness. But the base person is unable to do anything else.”

—
M
ARCUS
A
URELIUS,
M
EDITATIONS
, 
 5.17

A
 dog that’s allowed to chase cars will chase cars. A child who is never given any boundaries will become spoiled. An investor without discipline is not an investor—he’s a gambler. A mind that isn’t in control of itself, that doesn’t understand its power to regulate itself, will be jerked around by external events and unquestioned impulses.

That can’t be how you’d like tomorrow to go. So you must be aware of that. You must put in place training and habits now to replace ignorance and ill discipline. Only then will you begin to behave and act differently. Only then will you stop seeking the impossible, the shortsighted, and the unnecessary.

","March 31

This Must Be the Top Priority

What does it actually look like to put family first? It looks like Ricky Rubio letting it be known publicly that his professional basketball career would be over before anyone expected. The NBA star said,

When my son starts school, the NBA will not be worth it. I will have to go back [to Spain]. I don’t want to make him dizzy moving around when he’s six years old, at the age of starting to make friends. It was discussed with my wife and we have it very clear. There will come a time when basketball will not be the priority.

Will he follow through on this? Is our career inherently at odds with being a good parent? That’s for him and for each of us to decide. Still, at some point our kids must come first. We must do what’s best for them. We must sacrifice for them. We must give them the life they deserve—a life with us in it.

Your career is important. But family is forever. It must be the top priority."
2025-04-01,"April 1



“Your mind will take the shape of what you frequently hold in thought, for the human spirit is colored by such impressions.”

—
M
ARCUS
A
URELIUS,
M
EDITATIONS
, 
 5.16

I
 f you bend your body into a sitting position every day for a long enough period of time, the curvature of your spine changes. A doctor can tell from a radiograph (or an autopsy) whether someone sat at a desk for a living. If you shove your feet into tiny, narrow dress shoes each day, your feet begin to take on that form as well.

The same is true for our mind. If you hold a perpetually negative outlook, soon enough everything you encounter will seem negative. Close it off and you’ll become closed-minded. Color it with the wrong thoughts and your life will be dyed the same.","April 1

Always Grab the Right Handle

Every event has two handles—one by which it can be carried, and one by which it can’t. If your brother does you wrong, don’t grab it by his wronging, because this is the handle incapable of lifting it. Instead, use the other—that he is your brother, that you were raised together, and then you will have hold of the handle that carries.

—Epictetus

Each day, possibly hundreds of times per day, you’re presented with situations you have to deal with. A kid who lied to you about doing their homework. A wife who snapped at you. A car that’s got to be taken in for an oil change. A boss with their head up their ass. Grandparents whom your kids love but who drive you nuts. A family you’ve got to get to the airport two hours before takeoff.

How will you react? Will you get angry, pull away, argue, hold a grudge? Or take a deep breath, have some empathy, apologize, let go a little bit, and not be such a control freak?

Every day, with every situation, there is a choice. Which handle will we grab? Which handle will we show our kids how to grab? The easy one? Or the right one?"
2025-04-02,"April 2



“Drama, combat, terror, numbness, and subservience—every day these things wipe out your sacred principles, whenever your mind entertains them uncritically or lets them slip in.”

—
M
ARCUS
A
URELIUS,
M
EDITATIONS
, 
 10.9

H
 ow much harder is it to do the right thing when you’re surrounded by people with low standards? How much harder is it to be positive and empathetic inside the negativity bubble of television chatter? How much harder is it to focus on your own issues when you’re distracted with other people’s drama and conflict?

We’ll inevitably be exposed to these influences at some point, no matter how much we try to avoid them. But when we are, there is nothing that says we have to allow those influences to penetrate our minds. We have the ability to put our guard up and decide what we actually allow in. Uninvited guests might arrive at your home, but you don’t have to ask them to stay for dinner. You don’t have to let them into your mind.","April 2

Your Job Is to Make Fast Transitions

The leadership coach Randall Stutman, who has worked with nearly every major hedge fund and CEO on Wall Street, talks about what it means to be a leader at home:

Your job as a leader is to make really fast transitions. You play many different roles in many different places—your job is not to carry the last conversation. . . . If that means you need to settle yourself and sit out in your car for a couple of minutes before you walk in the house so you can now be Dad, then that’s what you need to do. But your job is not to walk into that house and carry with you anything that came from before.

You can’t let a bad day or a bad person prevent you from being a good parent. You can’t bring your garbage from the office into your home. You must keep a clean house—free of the detritus of adult responsibility that your kids couldn’t possibly understand. You must leave that stuff outside, and you must do it quickly, in the space between leaving work and walking into your home."
2025-04-03,"April 3



“Circumstances are what deceive us—you must be discerning in them. We embrace evil before good. We desire the opposite of what we once desired. Our prayers are at war with our prayers, our plans with our plans.”

—
S
ENECA,
M
ORAL
L
ETTERS
, 
 45.6

A
 woman says she wants to meet a nice guy and get married—yet she spends all her time around jerks. A man says that he wishes he could find a great job, but he hasn’t actually bothered to do the looking. Business executives try to pursue two different strategies at the same time—straddling it’s called—and they are shocked when they succeed at neither.

All of these people, just as is often true for us too, are deceived and divided. One hand is working against the other. As Martin Luther King Jr. once put it, “There is something of a civil war going on within all of our lives,” a war inside each individual between the good parts of their soul and the bad.

The Stoics say that that war is usually a result of our conflicting desires, our screwed-up judgments or biased thoughts. We don’t stop and ask: OK, what do I really want? What am I actually after here?
 If we did, we’d notice the contradictory and inconsistent wishes that we have. And then we’d stop working against ourselves.","April 3

Again, Which Will It Be?

Anger always outlasts hurt. Best to take the opposite course. Would anyone think it normal to return a kick to a mule or a bite to a dog?

—Seneca

Arthur Ashe’s time with his daughter was cut tragically short. At the end of his memoir, as he lay dying, knowing how little time he had left, he wrote some advice to her that touched on something we spoke about on January 5.

“We are being watched by our ancestors, as I am watching you,” he told her. “We possess more than they ever dreamed of having, so we must never let them down.”

We are watched by our ancestors, yes, but we are also, as Bruce Springsteen put it, haunted by their ghosts. Which will you be for your child?

Are you the kind of example they need? Have you left the kind of legacy that will protect them? That will guide them? That will inspire them to be decent and disciplined, great and good, as Arthur did for his young daughter? Or will you haunt them with your mistakes, with the pain you inflicted on them, with the things left unsaid or unresolved?"
2025-04-04,"April 4



“Make sure you’re not made ‘Emperor,’ avoid that imperial stain. It can happen to you, so keep yourself simple, good, pure, saintly, plain, a friend of justice, god-fearing, gracious, affectionate, and strong for your proper work. Fight to remain the person that philosophy wished to make you. Revere the gods, and look after each other. Life is short—the fruit of this life is a good character and acts for the common good.”

—
M
ARCUS
A
URELIUS,
M
EDITATIONS
, 
 6.30

I
 t is difficult even to conceive of what life must have been like for Marcus Aurelius—he wasn’t born emperor, nor did he obtain the position deliberately. It was simply thrust upon him. Nevertheless, he was suddenly the richest man in the world, head of the most powerful army on earth, ruling over the largest empire in history, considered a god among men.

It’s no wonder he wrote little messages like this one to remind himself not to spin off the planet. Without them, he might have lost his sense of what was important—falling prey to the lies from all the people who needed things from him. And here we are, whatever we happen to be doing, at risk of spinning off ourselves.

When we experience success, we must make sure that it doesn’t change us—that we continue to maintain our character despite the temptation not to. Reason must lead the way no matter what good fortune comes along.","April 4

You’re Too Old to Act Out

Being silly is still allowed, not excluded by adulthood. What’s excluded by adulthood is thoughtlessness, so be thoughtful and silly.

—Hank Green

We have all sorts of rules of thumb for when various behaviors are age appropriate: the age they should stop having accidents; the age they should stop throwing a tantrum just because they’re tired; the age it stops being okay for other people to have to pick up after them.

Then, when our kids mess up, we say: Aren’t you a little old to act this way? Grow up!

Unfortunately, we apply this standard to ourselves far less often. Whether it’s as serious as an affair or as silly as getting hangry because we neglected to eat, we seem to forget that we should be policing ourselves first. Our kids are at least still kids, even when they’re acting a bit beneath their age. You’re an adult. What excuse do you have?

Remind yourself today and every day that you are getting older, that it’s time to grow out of these silly habits you’ve lazily allowed yourself to fall into. Remind yourself that you’re too old to act out, to stoop this low, to not be responsible for yourself. And remember, your kids are always watching, so act like the adult that they believe you are."
2025-04-05,"April 5



“First off, don’t let the force of the impression carry you away. Say to it, ‘hold up a bit and let me see who you are and where you are from—let me put you to the test’ . . .”

—
E
PICTETUS,
D
ISCOURSES
,


2.18.24

O
 ne of the wonders of your mind is the quickness with which it can comprehend and categorize things. As Malcolm Gladwell wrote in Blink
 , we are constantly making split-second decisions based on years of experience and knowledge as well as using the same skill to confirm prejudices, stereotypes, and assumptions. Clearly, the former thinking is a source of strength, whereas the latter is a great weakness.

We lose very little by taking a beat to consider our own thoughts. Is this really so bad? What do I really know about this person? Why do I have such strong feelings here? Is anxiety really adding much to the situation? What’s so special about
__________
?

By asking these questions—by putting our impressions to the test as Epictetus recommends—we’re less likely to be carried away by them or make a move on a mistaken or biased one. We’re still free to use our instincts, but we should always, as the Russian proverb says, “trust, but verify.”","April 5

Don’t Forget How Small They Are

The world would be a terrible place without children, who bring with them innocence, and the hope of man’s further perfection.

—John Ruskin

There’s a wrenching scene in the haunting novel The Sweet Hereafter. A widowed husband is folding up the clothes of his late wife. He’s struck, holding her things, by just how physically small she was. This tiny person he loved and misses, she took up so much space in his heart, occupied so much of his waking thoughts, that he came to see her as much bigger than she really was.

This is true for our kids too. They take up so much space in our lives. They have such big presences. They are so loud. So we can easily forget that they are tiny, tiny people. They barely have control of themselves. They are dwarfed by us physically, by our experiences, by our confidence in the way things will go.

We have to be careful. Whether they are teenagers or toddlers, we can’t forget how small they are. When they fall asleep in the car and you carry them to bed, take a second to notice their size. As you pack up their stuff to take them to college, take a look at just how little stuff they have—because their life is still so new.

The smaller you realize your kids are, the kinder you will be. The more protective and patient you will be. The more you will appreciate how hard they are trying to figure things out—themselves, their relationships, the world.

They are so tiny. Don’t forget it."
2025-04-06,"April 6



“When you first rise in the morning tell yourself: I will encounter busybodies, ingrates, egomaniacs, liars, the jealous and cranks. They are all stricken with these afflictions because they don’t know the difference between good and evil. Because I have understood the beauty of good and the ugliness of evil, I know that these wrong-doers are still akin to me . . . and that none can do me harm, or implicate me in ugliness—nor can I be angry at my relatives or hate them. For we are made for cooperation.”

—
M
ARCUS
A
URELIUS,
M
EDITATIONS
, 
 2.1

Y
 ou can be certain as clockwork that at some point today you’re going to interact with someone who seems like a jerk (as we all have been). The question is: Are you going to be ready for it?

This exercise calls to mind a joke from the eighteenth-century writer and witticist Nicolas Chamfort, who remarked that if you “swallow a toad every morning,” you’ll be fortified against anything else disgusting that might happen the rest of the day. Might it not be better to understand up front—right when you wake up—that other people often behave in selfish or ignorant ways (the toad) than it is to nibble it throughout the day?

But there is a second part to this, just as there is a second half of Marcus’s quote: “No one can implicate me in ugliness—nor can I be angry at my relative or hate him.” The point of this preparation is not to write off everyone in advance. It’s that, maybe, because you’ve prepared for it, you’ll be able to act with patience, forgiveness, and understanding.","April 6

Are You Using This Power?

Between stimulus and response there is a space. In that space is our power to choose our response.

—Viktor Frankl

In her book Bringing Up Bébé, the author Pamela Druckerman talks about “le pause”—the pause—as the secret to French parenting. Druckerman describes it in the context of sleep training, but le pause can actually be a great strategy for parents in all facets of their kids’ lives.

When your son trips and falls, do you need to rush over? Or can you pause and let him figure out how hurt he is first, whether he wants or needs to cry? When your daughter comes over and tries to tell you something, do you have to complete her sentences? Or can you pause and let her struggle to find the words and work through what she is trying to say? When your teenager announces that they are quitting the basketball team, do you have to start arguing right away? Or can you pause and listen to their reasons and what they want to do instead? When your kid is home from college and scratches the car while borrowing it for the weekend, what if you don’t get upset? Can you pause and consider that it was almost certainly not intentional?

As parents, we have to choose our responses wisely, not reflexively. We have to suspend judgment, listen, and think things over. We have to practice le pause so that our kids never have to stop and think about whether they will come to us with their problems, their questions, their hopes, and their dreams."
2025-04-07,"April 7



“There are two things that must be rooted out in human beings—arrogant opinion and mistrust. Arrogant opinion expects that there is nothing further needed, and mistrust assumes that under the torrent of circumstance there can be no happiness.”

—
E
PICTETUS,
D
ISCOURSES
, 
 3.14.8

H
 ow often do we begin some project certain we know exactly how it will go? How often do we meet people and think we know exactly who and what they are? And how often are these assumptions proved to be completely and utterly wrong?

This is why we must fight our biases and preconceptions: because they are a liability. Ask yourself: What haven’t I considered? Why is this thing the way it is? Am I part of the problem here or the solution? Could I be wrong here?
 Be doubly careful to honor what you do not know, and then set that against the knowledge you actually have.

Remember, if there is one core teaching at the heart of this philosophy, it’s that we’re not as smart and as wise as we’d like to think we are. If we ever do want to become wise, it comes from the questioning and from humility—not, as many would like to think, from certainty, mistrust, and arrogance.","April 7

You Have to Move On

Let the dead Past bury its dead!

—Henry Wadsworth Longfellow

Remember that time you really needed your dad and he wasn’t there? Because he had his own emotional issues. Because he worked too much. Because he was an alcoholic. Remember how your mother’s overweening affection made you feel smothered or small? Remember how her strictness kept you from enjoying the things that children should get to enjoy? Remember her jealousy or her pettiness or her mood swings? Remember how their self-absorption seemed to make everything—including the things you really needed help with—about them?

Of course you remember. How could you not? These were defining experiences. They hurt so much. And now you’re angry. As you should be. They had a job they were supposed to do. And they didn’t do it—not well, anyway. You, the innocent child, suffered for this. You carry the wounds of their failure.

But here’s the thing: you have to move on. As justified as your anger is—as ongoing as these behaviors may still be with your parents—you have to get beyond this. Because now you have children of your own. And they deserve a parent who is all there. Not one who is clinging to the past. Not one who is putting his or her baggage on their shoulders.

It will not be easy moving on. No one said it will be. You’ll have to process it. You’ll have to go to therapy. Or read books. Or find a support group. You’ll have to sit alone with your thoughts. You’ll have to forgive—or cut people out of your life. As they say: your problems might not be your fault, but they are your responsibility.

It’s your responsibility to move on. Your kids need you to. You need to."
2025-04-08,"April 8



“When it comes to money, where we feel our clear interest, we have an entire art where the tester uses many means to discover the worth . . . just as we give great attention to judging things that might steer us badly. But when it comes to our own ruling principle, we yawn and doze off, accepting any appearance that flashes by without counting the cost.”

—
E
PICTETUS,
D
ISCOURSES
, 
 1.20.8; 
 11

W
 hen coins were much more rudimentary, people had to spend a lot of time testing them to confirm the currency they’d just received was genuine. The Greek word dokimazein
 means “to assay” or check the quality of a mineral ore. Merchants were often skilled enough that they could test coinage by throwing it against a hard surface and listen to the note it rang. Even today, though, if someone were to hand you a hundred-dollar bill, you might rub it between your fingers or hold it up to the light, just to confirm it wasn’t a fake.

All this for an imaginary currency, an invention of society. The point of this metaphor is to highlight how much effort we put into making sure money is real, whereas we accept potentially life-changing thoughts or assumptions without so much as a question. One ironic assumption along these lines: that having a lot of money makes you wealthy. Or that because a lot of people believe something, it must be true.

Really, we should be testing these notions as vigilantly as a money changer. For, as Epictetus reminds us, “the first and greatest task of the philosopher is to test and separate appearances, and to act on nothing that is untested.”","April 8

To Have a More Peaceful Home, Have Fewer of These

These things are not asking to be judged by you. Leave them alone.

—Marcus Aurelius

At the core of most of the conflict between parents and children—and so often spouses—is one thing: judgment. We have opinions and they have opinions, and these opinions are the source of disagreement. If we, as parents, would like to have a better relationship with our children, there is one simple thing we can do: we can have fewer opinions.

Do you really need to have an opinion on what kind of food is served at your daughter’s wedding (even if you are paying for it)? Do you need to have an opinion on the way they do their hair? Their friends are their friends—what does it matter what you think of them or their parents? So what if they like music that sounds weird to you? So what if they want to raise their own kids a different way?

Few things in life are better off with your judgment hovering over them . . . your family most of all."
2025-04-09,"April 9



“From the very beginning, make it your practice to say to every harsh impression, ‘you are an impression and not at all what you appear to be.’ Next, examine and test it by the rules you possess, the first and greatest of which is this—whether it belongs to the things in our control or not in our control, and if the latter, be prepared to respond, ‘It is nothing to me.’”

—
E
PICTETUS,
E
NCHIRIDION
, 
 1.5

I
 n an overly quantified world of policies and processes, some are swinging back in the other direction. Bold leaders will “trust their gut.” A spiritual guru will say that it’s important to “let your body guide you.” A friend trying to help us with a difficult decision might ask, “What feels
 right here?”

These approaches to decision making contradict voluminous case studies in which people’s instincts have led them right into trouble. Our senses are wrong all the time! As animals subjected to the slow force of evolution, we have developed all sorts of heuristics, biases, and emotional responses that might have worked well on the savannah but are totally counterproductive in today’s world.

Part of Stoicism is cultivating the awareness that allows you to step back and analyze your own senses, question their accuracy, and proceed only with the positive and constructive ones. Sure, it’s tempting to throw discipline and order to the wind and go with what feels right—but if our many youthful regrets are any indication, what feels
 right right now
 doesn’t always stand up well over time. Hold your senses suspect. Again, trust, but always verify.","April 9

Leave It at the Door

All day at work you experience stress. You witness other people’s stupidity. You are the victim of their moods and emotions. Your phone pings constantly with alarming news of the world, the pangs and envies that drive social media.

What are you to do? Much in the way that politics are supposed to stop at the water’s edge, so must the stresses of the world stop at the threshold of your front door. You can’t bring that crap home with you. You definitely can’t have it running on CNN in the background while you eat dinner as a family.

As Randall Stutman said, you need to make that fast transition from frustrated professional to fully present parent so that your home remains a safe place that you are the protector of. Not a protector in the sense of a warrior but closer to the role of a bouncer: No, sorry, you’re not on the guest list. You have to be Teflon. Your boss’s temper can’t be allowed to stick to you. The contagion of panic or divisiveness shouldn’t be tracked into the living room on the bottom of your shoes. You must keep a clean house. You must turn these things away.

When you arrive home, you must be ready to be present. Ready to have fun. Ready to be the parent they need . . . not the one that’s left over after the ravages of the day."
2025-04-10,"April 10



“It isn’t events themselves that disturb people, but only their judgments about them.”

—
E
PICTETUS,
E
NCHIRIDION
, 
 5

T
 he samurai swordsman Musashi made a distinction between our “perceiving eye” and our “observing eye.” The observing eye sees what is. The perceiving eye sees what things supposedly mean. Which one do you think causes us the most anguish?

An event is inanimate. It’s objective. It simply is what it is. That’s what our observing eye sees.

This will ruin me. How could this have happened?
Ugh!
It’s so-and-so’s fault.
 That’s our perceiving eye at work. Bringing disturbance with it and then blaming it on the event.","April 10

Embrace This Mindset

In Tibet, Buddhist monks make beautiful mandalas out of sand. They spend hours, even days, crafting these complex, geometric designs . . . only to wipe them clean and start over as soon as they’re finished.

Isn’t that a way we might see all the work we do as parents?

You clean, then the house is dirty. You do the dishes, then five minutes later the sink is full again. Literally before you’ve even finished helping your kids put their toys away, the toys are splayed out across the floor. Those new clothes you just bought them? Now they’re filthy and frayed.

This can drive you nuts if you let it. It can piss you off. Or you can learn to love it. You can learn to see it all like the mandala—an unending, ephemeral process that we begin again and again and again. You can learn to see it not as work we’re doing but as art. Finish? To be finished would mean the end of this—the end of their childhood, the end of our lives together.

No, we like that it’s a little bit like Groundhog Day. We love that it means a chance to wake up and do this with them again.

To do it beautifully. To do it well. To do it together."
2025-04-11,"April 11



“Throw out your conceited opinions, for it is impossible for a person to begin to learn what he thinks he already knows.”

—
E
PICTETUS,
D
ISCOURSES
, 
 2.17.1

O
 f all the Stoics, Epictetus is the closest one to a true teacher. He had a school. He hosted classes. In fact, his wisdom is passed down to us through a student who took really good lecture notes. One of the things that frustrated Epictetus about philosophy students—and has frustrated all college professors since time began—is how students claim to want to be taught but really secretly believe they already know everything.

The reality is that we’re all guilty of thinking we know it all, and we’d all learn more if we could set that attitude aside. As smart or successful as we may be, there is always someone who is smarter, more successful, and wiser than us. Emerson put it well: “Every man I meet is my master in some point, and in that I learn of him.”

If you want to learn, if you want to improve your life, seeking out teachers, philosophers, and great books is a good start. But this approach will only be effective if you’re humble and ready to let go of opinions you already have.","April 11

Don’t Be Mad at Good People

Speak when you are angry and you will make the best speech you will ever regret.

—Ambrose Bierce

When you lose your temper, whom does it inevitably seem to be with? Your family. It’s strange. We’ll stomach some pretty rude behavior from strangers on the street, but God forbid your son leaves his shoes out! You were professional while asking your assistant (for the thousandth time) to do something, but you’ll get short with your spouse because they couldn’t hear you over the noise in the other room.

It feels like a paradox, but really this is a problem of proximity. Precisely because they’re closest to you, you have more opportunities to get upset with them than with anyone else. It’s a sad, twisted state of affairs. The people who are all bad but far away are rarely targets for our rage. But the people who are mostly good—who on the whole have helped and loved us many times more than they’ve hurt us—they’re the ones who get the brunt of it?

“Let’s not be angry at good people,” Seneca writes in “On Anger.” Today, when you find yourself getting upset at someone you love, remind yourself that their positive traits far outweigh whatever is bothering you in the moment. Remind yourself that yelling doesn’t make them hear you better. Remind yourself that they probably know they messed up and probably feel bad enough already. Remind yourself how small they are. Remind yourself how good they are.

The fact that we can get mad at someone, because they love us enough to put up with it or because they’re kids and they just have to live with it (and us), is not an excuse. We should try not to get upset with anyone, but if we are going to get mad, let’s make sure the object of our frustration is a target of offense, not of opportunity."
2025-04-12,"April 12



“Atreus: Who would reject the flood of fortune’s gifts?

Thyestes: Anyone who has experienced how easily they flow back.”

—
S
ENECA,
T
HYESTES
, 
 536

T

hyestes
 is one of Seneca’s darkest and most disturbing plays. Even two thousand years later it remains a classic of the revenge genre. Without spoiling it, the quote above comes from the scene in which Atreus is attempting to lure his hated brother Thyestes into a cruel trap by offering him tempting and generous gifts. At first, Thyestes declines, to the complete bafflement of his enemy.

We are typically surprised when someone turns down an expensive gift or a position of honor or success. General William T. Sherman emphatically rejected offers to run for president of the United States, saying at one point: “I will not accept if nominated and will not serve if elected.” If his friend Ulysses S. Grant had made such a “Shermanesque statement” (as such rejections are now known), Grant certainly would have preserved his own legacy from the disastrous turn of events it suffered.

Despite his initial misgivings, Thyestes is ultimately tempted and persuaded to accept “fortune’s gifts,” . . . which turned out to be a ruse hiding devastating tragedy. Not every opportunity is fraught with danger, but the play was intended to remind us that our attraction toward what is new and shiny can lead us into serious trouble.","April 12

What Kind of Energy Are You Bringing?

The ubiquity of the word energy these days is probably a sign of how pervasive pseudoscience and charlatans have become in our culture. We are inundated with energy healers and energy crystals. You can hire consultants to analyze your company’s energy. You can take a sound bath to remove negative energy or have an aura reader interpret the energy you put out into the world. The amount of sage that has been burned in apartments after breakups rivals the amount of sage that has been used in restaurant dishes.

Yet for all that nonsense, energy is a real thing in parenting. Just as Cesar Millan talks about projecting the right energy to your dog, so too can your kids pick up on the energy emanating from you. Bad day at work? They can feel it. Hate where you live? They can feel it. Pissed off at your spouse? They can tell, even if you argue only when they’re asleep.

Why are your kids running around like crazy, acting like monsters today? Well, maybe you ought to check what kind of energy you’re generating. Why is your son hitting his little brother? Maybe because you’re a ball of tension and frustration, and it’s contagious. Why is your daughter being such a terror? Maybe that resentment your wife is holding onto has something to do with it. Maybe your daughter just couldn’t stand how things were at breakfast this morning—how awkward and weird it was.

When you see behavior and attitude problems, adjust your energy. Look in the mirror first. If you want a happy home, a home with kindness and love and peace, then bring that energy with you. Project it consciously and deliberately—show that things are good with you, and they will be better with everyone else."
2025-04-13,"April 13



“Don’t act grudgingly, selfishly, without due diligence, or to be a contrarian. Don’t overdress your thought in fine language. Don’t be a person of too many words and too many deeds. . . . Be cheerful, not wanting outside help or the relief others might bring. A person needs to stand on their own, not be propped up.”

—
M
ARCUS
A
URELIUS,
M
EDITATIONS
, 
 3.5

I
 n most areas of life, the saying “Less is more” stands true. For instance, the writers we admire tend to be masters of economy and brevity. What they leave out is just as important—sometimes more important—than what they leave in. There is a poem by Philip Levine titled “He Would Never Use One Word Where None Would Do.” And from Hamlet
 , the best of all—the retort from Queen Gertrude after a long, rhetorical speech from Polonius: “More matter with less art,” she tells him. Get to the point!

Imagine the emperor of Rome, with his captive audience and unlimited power, telling himself not to be a person of “too many words and too many deeds.” Let that be a reminder the next time you feel self-indulgent or a little full of yourself, the next time you feel like impressing people.","April 13

This Is Their Language

The primary language of children is behavior. Not words. If you want to know what they’re thinking or how they’re feeling, watch what they do, not what they say.

When we say that “actions speak louder than words,” this is what we mean. The younger your kids are, the more likely they are to speak entirely with actions instead of words. This is for one simple, undeniable reason: they don’t have the words yet. But even if they did, kids don’t understand their feelings—the physical ones or the emotional ones—enough to know how to put words to them. Quite often they don’t even know they’re having feelings.

Watch an eighteen-month-old with an earache—there are no words, there is only discomfort and pawing at the side of their head or waking up in the middle of the night screaming. Watch an eight-year-old with anxiety—there are no words, there are only stomachaches and panic and wet beds. A teenager who has been hurt by someone may in turn hurt others.

This is why we need to “listen” to our kids in more ways than just the obvious, literal way. We have to watch them. We have to be patient. We have to understand that a screaming tantrum about the iPad is almost certainly about something else. We have to understand that lethargy and sliding grades are statements; they are symptoms. It’s your child speaking to you through behavior.

Will you hear them? Will you be able to talk to them about it, not just with your words but with your own actions?"
2025-04-14,"April 14



“Believe me, it’s better to produce the balance-sheet of your own life than that of the grain market.”

—
S
ENECA,
O
N THE
B
REVITY OF
L
IFE
, 
 18.3
b

T
 he things that some people manage to be experts in: fantasy sports, celebrity trivia, derivatives and commodities markets, thirteenth-century hygiene habits of the clergy.

We can get very good at what we’re paid
 to do, or adept at a hobby we wish we could be paid to do. Yet our own lives, habits, and tendencies might be a mystery to us.

Seneca was writing this important reminder to his father-in-law, who, as it happened, was for a time in charge of Rome’s granary. But then his position was revoked for political purposes. Who really cares, Seneca was saying, now you can focus that energy on your inner life.

At the end of your time on this planet, what expertise is going to be more valuable—your understanding of matters of living and dying, or your knowledge of the ’87 Bears? Which will help your children more—your insight into happiness and meaning, or that you followed breaking political news every day for thirty years?","April 14

It’s the Hardest Thing

Chesty Puller fought in the banana wars. He fought in guerrilla wars. He took islands in the Pacific during World War II. He fought in Korea. So you’d think that he would have been able to handle just about anything life threw at him. But like you, he was a parent, and he found that it was just about the hardest thing a person can ever do.

When he was just home from Korea, where he had landed at Inchon and fought in the brutal cold at close quarters, Chesty and his wife had to take their daughter to get her tonsils out. Chesty, who had always been a sweetheart underneath, carried the girl to the operating room. Talking to her softly, he tried to lay her down on the bed and let the nurse prepare her for surgery. But his daughter, scared and overwhelmed, refused to let go. She cried and screamed and clung to him until they were eventually able to separate and sedate her. “She will never forgive me, Virginia,” he said to his wife when he returned to the waiting room. “This is worse than Peleliu.”

He was only half exaggerating. This thing called parenthood demands more of us than just about anything else in life. It challenges us emotionally, physically, mentally. It tugs on every one of our heartstrings. You can toughen yourself up for war, you can coolly bet millions of dollars at work, but there’s nothing you can do about the gaping soft spot your kids have access to. Nothing can get you quite like they do . . . because nothing matters to you quite like they do.

This is the hardest thing you’ll ever do. Know it. Accept it. Be grateful for it."
2025-04-15,"April 15



“Nothing will ever befall me that I will receive with gloom or a bad disposition. I will pay my taxes gladly. Now, all the things which cause complaint or dread are like the taxes of life—things from which, my dear Lucilius, you should never hope for exemption or seek escape.”

—
S
ENECA,
M
ORAL
L
ETTERS
, 
 96.2

A
 s your income taxes come due, you might be like many people—complaining at what you have to fork over to the government. Forty percent of everything I make goes to these people? And for what?!

First off, taxes go to a lot of programs and services you almost certainly take for granted. Second, you think you’re so special? People have been complaining about their taxes for thousands of years, and now they’re dead. Get over it. Third, this is a good problem to have. Far better than, say, making so little there is nothing left to pay the government or living in an anarchy and having to pay for every basic service in a struggle against nature.

But more important, income taxes are not the only taxes you pay in life. They are just the financial form. Everything we do has a toll attached to it. Waiting around is a tax on traveling. Rumors and gossip are the taxes that come from acquiring a public persona. Disagreements and occasional frustration are taxes placed on even the happiest of relationships. Theft is a tax on abundance and having things that other people want. Stress and problems are tariffs that come attached to success. And on and on and on.

There are many forms of taxes in life. You can argue with them, you can go to great—but ultimately futile—lengths to evade them, or you can simply pay them and enjoy the fruits of what you get to keep.","April 15

Have You Seen Their Perspective?

Have my parents forgotten that they were young once? Apparently, they have.

—Anne Frank

We think they’re making excuses. We think they’re making stuff up. We just want them to go back and sleep in their bed. Or listen to their coach. Or get their work done. It’s fine, we tell them. Just give it a try. Wear your jacket; it’s not that uncomfortable. Do your homework; it’s not that difficult.

Do you remember reading To Kill a Mockingbird? Where Atticus talks about climbing into somebody’s skin and walking around in it? Well, have you actually done that? Not with someone you pity or someone you wish to be, but with someone you aspire to lead and teach and nourish? Someone like your own child?

Your kid wakes up and comes into your room at night? Try sleeping in their bed. Maybe it really is scary in there. Watch hockey practice. Maybe the coach really is a jerk. How do you think that jacket feels to a kid? Maybe it really is way too hot in there. Did you like doing your homework when you were their age?

See their perspective. Crawl inside it, walk around in it. Then take a step back and parent accordingly."
2025-04-16,"April 16



“Pay close attention in conversation to what is being said, and to what follows from any action. In the action, immediately look for the target, in words, listen closely to what’s being signaled.”

—
M
ARCUS
A
URELIUS,
M
EDITATIONS
, 
 7.4

T
 hrough the work of the psychologist Albert Ellis, Stoicism has reached millions of people through what’s known as cognitive-behavioral therapy (CBT). As a form of a therapy, CBT helps patients identify destructive patterns in their thoughts and behavior so they can, over time, direct and influence them in a more positive direction.

Of course, Marcus Aurelius had no formal training in psychology, but his words here are as important as any doctor’s. He’s asking you to become an observer of your own thoughts and the actions those thoughts provoke. Where do they come from? What biases do they contain? Are they constructive or destructive? Do they cause you to make mistakes or engage in behavior you later regret? Look for patterns; find where cause meets effect.

Only when this is done can negative behavior patterns be broken; only then can real life improvements be made.","April 16

This Solves Most Problems

Any experienced parent can tell you about the magical panacea called food.

Why is your kid screaming? Why are they terrorizing their sibling? Why can’t they focus during homeschooling? Why can’t they fall asleep? Why is your teenager so moody?

The answer is simple. They are hungry. They’re hangry. And they don’t know it.

Moms have long carried snacks in their purses for a reason. Because it will solve most problems. Soothe most frayed nerves. Calm down most difficult situations.

Somebody always forgets to eat. So feed them. Ask them if they’re hungry. Remind them that they’re hungry. Keep a tight meal schedule. Watch what happens.

Oh, also, when you’re grouchy and frustrated and anxious and short with your spouse and your kids—you might be hangry yourself. In 2014, researchers from Ohio State University found that most fights between couples are because someone is hungry. So, like taking a walk or taking five deep breaths, grabbing something to eat will probably solve most of your adult problems too."
2025-04-17,"April 17



“Do away with the opinion I am harmed, and the harm is cast away too. Do away with being harmed, and harm disappears.”

—
M
ARCUS
A
URELIUS,
M
EDITATIONS
, 
 4.7

A
 word can have multiple meanings. One usage can be harsh and another might be completely innocent. The same word can mean a cruel slur or a pile of sticks. In the same way, something said sarcastically differs drastically from something that was pointed and mean.

The interpretation of a remark or a word has an immense amount of power. It’s the difference between a laugh and hurt feelings. The difference between a fight breaking out and two people connecting.

This is why it is so important to control the biases and lenses we bring to our interactions. When you hear or see something, which interpretation do you jump to? What is your default interpretation of someone else’s intentions?

If being upset or hurt is something you’d like to experience less often, then make sure your interpretations of others’ words make that possible. Choose the right inference from someone’s actions or from external events, and it’s a lot more likely that you’ll have the right response.","April 17

Do You Know What You Look Like Angry?

It has often been useful for angry people to look in a mirror. The great transformation in themselves has disturbed them.

—Seneca

Anger might feel deserved or appropriate, but it almost always looks awful.

The next time you are out, try watching for other parents who are getting angry at something their kids are doing. Observe the crowd at your son or daughter’s next soccer game. Track that family traveling on vacation at the airport. Pay attention to the group at the big family table across from you at the pizza place.

It’s as close to a look in the mirror as you’re likely to get.

How do you think you look when you tell your child way too loudly, “Sit down. I told you already, sit down!” when they bounce around with too much energy? How do you think you look as you grab their arm in frustration and jerk them closer to you in line? Do you think you sound good when threatening to take away some basic privilege of theirs—like a tyrant—because they’re not behaving exactly as you like? Or when you shout at them to hurry up at the airport? You think you don’t look like a monster when, after the argument escalates beyond your ability to manage with words, you slap them across the face?

You look terrible. You look as awful and shameful as the people looked when you saw them do the same thing in public, to their kids, as you tried to avert your gaze. No one looks good angry. Worse still, that image can etch itself into our kids’ brains for a long time."
2025-04-18,"April 18



“What is bad luck? Opinion. What are conflict, dispute, blame, accusation, irreverence, and frivolity? They are all opinions, and more than that, they are opinions that lie outside of our own reasoned choice, presented as if they were good or evil. Let a person shift their opinions only to what belongs in the field of their own choice, and I guarantee that person will have peace of mind, whatever is happening around them.”

—
E
PICTETUS,
D
ISCOURSES
, 
 3.3.18
b
–19

O
 pinions. Everyone’s got one.

Think about all the opinions you have: about whether today’s weather is convenient, about what liberals and conservatives believe, about whether so-and-so’s remark is rude or not, about whether you’re successful (or not), and on and on. We’re constantly looking at the world around us and putting our opinion on top of it. And our opinion is often shaped by dogma (religious or cultural), entitlements, expectations, and in some cases, ignorance.

No wonder we feel upset and angry so often! But what if we let these opinions go? Let’s try weeding (ekkoptein
 ; cutting or knocking out) them out of our lives so that things simply are.
 Not good or bad, not colored with opinion or judgment. Just are.","April 18

This Is the Enemy

Do not be afraid to get rid of things which distract your attention.

—Leo Tolstoy

You’re distracted because this weird work email just came in. You’re in a bad mood because of something you saw. You’re feeling off because of something somebody said to you. And what happens? Well, your kids get the brunt of it. Or they get only 50 percent of you at dinner, because you’re home but not really home.

Preoccupation is the enemy of good parenting. And the worst part? Kids can sense it. They are simultaneously sponges and mirrors, and unflattering ones at that. When they act out, make a mess, bite their brother, dye their hair pink—that’s what is happening. They sense your energy and are responding to it.

The sad truth is that most of what we’re preoccupied with doesn’t even matter. We give the jerk at the office free space in our head. We choose to go on Twitter and doomscroll. We don’t need to check our email as much as we do. Worrying about money never solves our money problems.

We have to push all that stuff away. So we can be present. So we can be patient. So we can be parents."
2025-04-19,"April 19



“Epictetus says we must discover the missing art of assent and pay special attention to the sphere of our impulses—that they are subject to reservation, to the common good, and that they are in proportion to actual worth.”

—
M
ARCUS
A
URELIUS,
M
EDITATIONS
, 
 11.37

H
 ere we have the emperor, the most powerful man in the world, quoting in his diary the wisdom of a former slave (and from what we know, Marcus might have had direct notes from Epictetus’s lectures via one of his former students). That wisdom was ultimately about surrender and serving the common good—about the limits of our power and the importance of checking our impulses—something every person in authority needs to hear.

Power and powerlessness seem so rarely to enter the same orbit—but when they do it can change the world. Think about President Abraham Lincoln meeting with, corresponding with, and learning from Frederick Douglass, another former slave of considerable wisdom and insight.

In any case, all those men lived by the principles expressed here: that in our lives—whether we’re experiencing great power or powerlessness—it’s critical to leave room for what may happen and keep the common good and the actual worth of things front and center. And, above all, be willing to learn from anyone and everyone, regardless of their station in life.","April 19

Don’t Waste These Opportunities

Yes, it was annoying—those hours delayed at the airport on the way to your vacation. Yes, it was disappointing when your daughter came home with a terrible report card. Yes, it was scary when you came home with that diagnosis from your doctor. Yes, it was exhausting that you spent another sleepless night with your toddler.

But the question, or rather the opportunity, is: Did it bring you closer together?

It doesn’t have to, of course. You can get angry. You can be annoyed. You can be overwhelmed and distracted. Or . . . or you can relish the moment—even if they’re crying, even if you’re disappointed, even if you’re crying. You can feel love and gratefulness and happiness instead.

Because this is a chance to talk. This is a chance to see them from a different angle. This is a chance to ask questions. This is a chance to spend time together. A crisis, as politicians like to say, is a terrible thing to waste. It’s a chance to do things you couldn’t do before. Things that wouldn’t be possible in ordinary circumstances.

It’s always a chance to get closer. To love more. To understand better."
2025-04-20,"April 20



“Here’s a way to think about what the masses regard as being ‘good’ things. If you would first start by setting your mind upon things that are unquestionably good—wisdom, self-control, justice, courage—with this preconception you’ll no longer be able to listen to the popular refrain that there are too many good things to experience in a lifetime.”

—
M
ARCUS
A
URELIUS,
M
EDITATIONS
, 
 5.12

I
 s it that controversial to say that there are the things that people value (and pressure you to value as well)—and there are the things that are actually good? Or to question whether wealth and fame are all they are cracked up to be? As Seneca observed in one of his plays:

“If only the hearts of the wealthy were opened to all!

How great the fears high fortune stirs up within them.”

For centuries, people have assumed that wealth would be a wonderful cure-all for their unhappiness or problems. Why else would they have worked so hard for it? But when people actually acquired the money and status they craved, they discovered it wasn’t quite what they had hoped. The same is true of so many things we covet without really thinking.

On the other hand, the “good” that the Stoics advocate is simpler and more straightforward: wisdom, self-control, justice, courage. No one who achieves these quiet virtues experiences buyer’s remorse.","April 20

It’s Not Fair

Old people are always very impatient with young ones. Fathers always expect their sons to have their virtues without their faults.

—Winston Churchill

We expect so much of our kids. We push them. We prod them. We tell them what to do. We punish them—however lightly—when they fall short.

What we lose track of is how impossible our expectations often are for these little humans who lack the decades of life experience we’re absent-mindedly taking for granted.

There is no blueprint. To assume there is or, worse, to imagine there is and then hold your kids to those expectations is wildly unfair. Can we have expectations for our kids? Yes. Can we try to make sure they don’t fall into the same traps or develop the same vices as us? It would be criminal if we didn’t.

But we have to remember that they are like us . . . for better and for worse. They’ve lived their whole lives in the same house as us. They’ve learned from our examples—even the bad ones . . . especially the bad ones in many cases. They’re not going to be perfect. They’re going to have our weaknesses . . . perhaps some of their own too. And to punish them with our unrealistic expectations, even unintentionally, quite literally for the sins of the father, is profoundly unfair.

Our job is to love them and to be patient with them, not to demand the impossible from them."
2025-04-21,"April 21



“When you let your attention slide for a bit, don’t think you will get back a grip on it whenever you wish—instead, bear in mind that because of today’s mistake everything that follows will be necessarily worse. . . . Is it possible to be free from error? Not by any means, but it is possible to be a person always stretching to avoid error. For we must be content to at least escape a few mistakes by never letting our attention slide.”

—
E
PICTETUS,
D
ISCOURSES
, 
 4.12.1; 
 19

W
 inifred Gallagher, in her book Rapt
 , quotes David Meyer, a cognitive scientist at the University of Michigan: “Einstein didn’t invent the theory of relativity while he was multitasking at the Swiss patent office.” It came after, when he really
 had time to focus and study. Attention matters—and in an era in which our attention is being fought for by every new app, website, article, book, tweet, and post, its value has only gone up.

Part of what Epictetus is saying here is that attention is a habit, and that letting your attention slip and wander builds bad habits and enables mistakes.

You’ll never complete all your tasks if you allow yourself to be distracted with every tiny interruption. Your attention is one of your most critical resources. Don’t squander it!","April 21

Don’t Ever, Ever Do This

[Cato the Elder] used to say that a man who beats his wife or child is laying sacrilegious hands on the most sacred thing in the world.

—Plutarch

Thankfully, we’re at a place in history where most people don’t need to hear this anymore, but unfortunately, some people still do. Maybe they’re reading this book. Maybe they’re not. But it’s worth laying it down again; it’s worth a reminder of the precious treasure you’ve been entrusted with.

To raise your hand, open or closed, to your spouse or your children is unacceptable.

It doesn’t matter how angry you are. It doesn’t matter who started it. It doesn’t matter how many times you told your son. It doesn’t matter that your parents used to do it. It doesn’t matter that some cultures still accept it.

For two thousand years, we’ve known deep down that it’s wrong. You are here to protect and to serve and to love them. To violate that obligation because you can’t control yourself in the moment, because you’re mad? This is to violate a sacred oath. And once done, it can never be undone.

You cannot do it. Ever."
2025-04-22,"April 22



“These are the characteristics of the rational soul: self-awareness, self-examination, and self-determination. It reaps its own harvest. . . . It succeeds in its own purpose . . .”

—
M
ARCUS
A
URELIUS,
M
EDITATIONS
, 
 11.1–2

To be rational today, we have to do just three things:

First, we must look inward.

Next, we must examine ourselves critically.

Finally, we must make our own decisions—uninhibited by biases or popular notions.","April 22

Is It Good When They’re Bad?

In a New York Times piece, Melinda Wenner Moyer (author of the fantastic How to Raise Kids Who Aren’t Assholes) asks you to consider perhaps the most counterintuitive idea in all of parenting: that maybe, just maybe, it’s not such a big deal when your kids misbehave. Perhaps, she proposes, this is actually a sign of how loved and safe they feel. She writes:

Think of it this way: When kids are always respectful, complacent and obedient with adults, it is often because they are afraid of those adults. It’s not a coincidence that people who boast about how well behaved their children are may also be those who throw around phrases like, “Spare the rod, spoil the child.”

This is not to say that chaos is a good thing, that no rules should be enforced. It’s a reminder that before you write yourself off as a terrible parent because your kid challenged you or because they had a meltdown, consider what it means that they feel comfortable doing that in front of you.

It might actually be that they do listen to you—especially when you tell them that you’re there for them, that you love them unconditionally, that you want them to think for themselves. It’s possible they actually respect you quite deeply. But even more than that, it could be that they trust you more than anyone in the world."
2025-04-23,"April 23



“You have been formed of three parts—body, breath, and mind. Of these, the first two are yours insofar as they are only in your care. The third alone is truly yours.”

—
M
ARCUS
A
URELIUS,
M
EDITATIONS
, 
 12.3

T
 he body can be ravaged by disease or injured or disabled in a sudden accident. It can be imprisoned or subjected to torture. The breath can suddenly cease because our time has come, or because someone has taken it from us. Breathing can grow labored because of exertion or illness as well. But up until the very end, our mind is ours.

It’s not that the other two parts of life that Marcus mentions—our body and our breath—don’t matter. They’re just less “ours” than our mind. You wouldn’t spend much time fixing up a house that you rent, would you? Our mind is ours—free and clear. Let’s make sure we treat it right.","April 23

Don’t Thrust Them Away

Of course, kids can be annoying. Painfully so.

Kids scream in your ears and ruin your clothes with their food- and dirt-covered hands. Kids can cut off your air supply as they crawl onto your back for a piggyback ride.

Yet you have to absorb all of this. Even though it hurts. Even though you love that shirt. Even though you can’t breathe. You can’t thrust them away.

Yes, of course, you have to explain to them what’s appropriate and what isn’t. You have to protect your own physical well-being. But the point is, they have no idea yet how their actions affect other people. Even teenagers don’t fully comprehend the concept of consequences, of cause and effect. (Why do you think they drive like crazy, eat like crap, and talk all kinds of trash?) What they do comprehend is you getting upset, you pulling away.

Kids can feel your energy changing, even if they can’t put words to what it is they are sensing or how it makes them feel. And what’s most difficult about all this is that it very well might be this painful, confusing feeling—as provoked and instinctual as it is—that sticks with them forever. So work on getting control of yourself. Work on toughening yourself up a bit.

You can gently unwrap their arms from your throat. You can get a new shirt. You can turn the game around and chase them instead. You can make what was annoying become fun. You can talk to them calmly, correct them, and then gently turn the pain into a moment of profound connection. That’s entirely up to you."
2025-04-24,"April 24



“Just as when meat or other foods are set before us we think, this is a dead fish, a dead bird or pig; and also, this fine wine is only the juice of a bunch of grapes, this purple-edged robe just sheep’s wool dyed in a bit of blood from a shellfish; or of sex, that it is only rubbing private parts together followed by a spasmic discharge—in the same way our impressions grab actual events and permeate them, so we see them as they really are.”

—
M
ARCUS
A
URELIUS,
M
EDITATIONS
, 
 6.13

T
 here is one Stoic exercise that might well be described as contemptuous expressions. Stoics use an almost cynical language as a way to dismantle some of the fanciest or most coveted parts of life. Marcus’s joke about sex—why would he say something like that? Well, if you take a second to consider sex in such an absurd light, you may be less likely to do something shameful or embarrassing in the pursuit of it. It’s a counterbalance to the natural bias we have toward something that feels really good.

We can apply this same way of thinking to a lot of things that people prize. Consider that envy-inducing photo you see on social media—imagine the person painstakingly staging it. What about that job promotion that means so much? Look at the lives of other so-called successful people. Still think it holds magical power? Money, which we want more of and are reluctant to part with—consider how covered in bacteria and filth it is. That beautiful, perfect person you’re admiring from afar? Remember that if they’re single, other people must have dumped them at some point. There must be something
 wrong with them.

This exercise won’t turn you into a cynic. But it will provide some much-needed objectivity.","April 24

What If Someone Else Treated Your Kids This Way?

If you hired a babysitter or a nanny and caught them staring at their phone instead of watching your kids, you’d be livid. If you walked into a room and discovered a teacher or a grandparent or anyone yelling at your kids, you’d be difficult to stop. If you heard someone make a snide remark or tease them or bully them, you’d put an immediate end to it.

And yet . . . you do some of these things all the time! You feel your frustration rising as they refuse to listen and bam, you grab their arm and yell, “STOP IT NOW!” right into their little faces. You’re ignoring the track meet. You tune out their incessant attempts to get your attention. Worse, your attention is elsewhere while they’re playing in the pool . . . and for what? For an email? For a text? To scroll Twitter? You think you’re funny and you like to joke around . . . but if you saw someone else doing it, you know what you’d call it? You’d call it bullying.

We’d never let anyone else get away with what we rationalize or excuse of our own behavior. That’s not to say you’re abusive or a bad parent—not at all. It’s just a reminder: Your job isn’t just to protect your kids from other people. It’s to protect them from your own bad habits, your own temper, your own flaws too. It’s to demand of yourself what you’d expect from anyone to whom you’d entrust your children’s safety. That is to say: you have to demand the best of yourself.

No excuses. No double standards. Watch yourself as you’d watch a nanny cam. Trust but verify, just as you would a new school or day care. Ask yourself: Would I let anyone else get away with what I’m doing right now?"
2025-04-25,"April 25



“If anyone can prove and show to me that I think and act in error, I will gladly change it—for I seek the truth, by which no one has ever been harmed. The one who is harmed is the one who abides in deceit and ignorance.”

—
M
ARCUS
A
URELIUS,
M
EDITATIONS
, 
 6.21

S
 omeone once attempted to argue with the philosopher Cicero by quoting something he had said or written. This person claimed Cicero was saying one thing now but had believed something different in the past. His response: “I live from one day to the next! If something strikes me as probable, I say it; and that is how, unlike everyone else, I remain a free agent.”

No one should be ashamed at changing his mind—that’s what the mind is for. “A foolish consistency is the hobgoblin of little minds,” Emerson said, “adored by little statesmen and philosophers and divines.” That’s why we go to such lengths to learn and expose ourselves to wisdom. It would be embarrassing if we didn’t
 end up finding out if we were wrong in the past.

Remember: you’re a free agent. When someone points out a legitimate flaw in your belief or in your actions, they’re not criticizing you. They’re presenting a better alternative. Accept it!","April 25

Delay, Delay, Delay

An angry man opens his mouth and shuts his eyes.

—Cato the Elder

Seneca said that “delay is the greatest remedy for anger.” That’s the truth.

Delay is the best way to let your mind clear, to make sure that anger doesn’t drive you to do something you regret. Anger is an exaggerator. It magnifies the worst in every situation. Anger is an exacerbator too. It takes a bad situation and makes it worse with the overreaction it produces in us.

Delay will help you make sure that doesn’t happen, that anger doesn’t win. The next time you’re angry, take five deep breaths and see if you can get yourself that wound up again. It’s next to impossible.

Now, no one is saying you can’t respond at all. You probably will have to address whatever has made your blood boil. You will have to say something. Your kids do need to learn that lying is not acceptable, talking back to their mother will not be tolerated, leaving the stove on could burn the house down. But wait a minute. Take a walk. Put a reminder down to bring it up tomorrow. Deal with it when you get home from work. Let cooler heads prevail.

Make it a teachable moment. Teach them that it’s possible to control how you react."
2025-04-26,"April 26



“When your sparring partner scratches or head-butts you, you don’t then make a show of it, or protest, or view him with suspicion or as plotting against you. And yet you keep an eye on him, not as an enemy or with suspicion, but with a healthy avoidance. You should act this way with all things in life. We should give a pass to many things with our fellow trainees. For, as I’ve said, it’s possible to avoid without suspicion or hate.”

—
M
ARCUS
A
URELIUS,
M
EDITATIONS
, 
 6.20

B
 y seeing each day and each situation as a kind of training exercise, the stakes suddenly become a lot lower. The way you interpret your own mistakes and the mistakes of others is suddenly a lot more generous. It’s certainly a more resilient attitude than going around acting like the stakes of every encounter put the championship on the line.

When you catch an elbow or an unfair blow today, shake off the pain and remind yourself: I’m learning. My sparring partner is learning too. This is practice for both of us—that’s all. I know a bit more about him or her, and from my reaction, they’re going to learn a little bit more about me too.","April 26

The Moments of Leniency Matter

To err is human; to forgive, divine.

—Alexander Pope

In Georgia in the mid-1930s, when he was but ten years old, Jimmy Carter was fishing with his father. As they caught fish, his father attached their growing haul to a trotline that he hooked onto Jimmy’s belt loop, a point of great pride for the boy.

But then, several hours later, Jimmy looked down and realized that the line had broken or become unclipped without him noticing. Frantically, desperately, he dove into the water, searching, hoping, terrified his father would be upset. “What’s wrong?” his father asked. “I’ve lost the fish, Daddy.” “All of them?” his father replied. “Yes, sir, yes, sir” was all Jimmy could say through his tears.

“Daddy was rarely patient with foolishness or mistakes,” Carter would reflect eighty years later. But then, after a long pause, his father smiled and said, “Let them go, Hot. There are a lot more fish in the river. We’ll get them tomorrow.” All those years later, it was this moment of patience and kindness and forgiveness that Carter remembered. The fish no longer mattered; in fact, they never did matter. What mattered was that his father knew what Jimmy needed in that moment.

What about you? Do you understand the power of leniency and tolerance? Can you let things go? Can you control your temper and frustrations? Do you know when it’s time to push and when it’s time to pull them in close to you?"
2025-04-27,"April 27



“Turn it inside out and see what it is like—what it becomes like when old, sick, or prostituting itself. How short-lived the praiser and praised, the one who remembers and the remembered. Remembered in some corner of these parts, and even there not in the same way by all, or even by one. And the whole earth is but a mere speck.”

—
M
ARCUS
A
URELIUS,
M
EDITATIONS
, 
 8.21

S
 toicism is about looking at things from every angle—and certain situations are easier to understand from different perspectives. In potentially negative situations, the objective, even superficial gaze might actually be superior. That view might let us see things clearly without diving too much into what they might represent or what might have caused them. In other situations, particularly those that involve something impressive or praiseworthy, another approach, like that of contemptuous expressions, is helpful. By examining situations from the inside out, we can be less daunted by them, less likely to be swayed by them.

Dig into your fear of death or obscurity, and what will you find? Turn some fancy ceremony inside out and you’ll find—what?","April 27

You’re the Voice in Their Heads

The power broker in your life is the voice that no one hears. How well you revisit the tone and content of your private voice is what determines the quality of your life.

—Dr. Jim Loehr

You’re just trying to get them to behave, to listen to you, to stop hitting their sister, to take school seriously, to do whatever. So you speak firmly, even harshly. You’re tired, you’ve had this conversation a thousand times, you’re not as kind as you could be. Maybe you try to make a joke out of it, to soften the delivery of your honest opinion about what they’re doing—except the joke hits a soft spot and cuts too close to the bone.

You know what you’re doing, really, in these moments? You’re cementing a very specific voice in their head.

Everything we say, every interaction we have with our kids, is shaping them. How we speak to them informs how they will speak to themselves. If you want proof of this, think about all the complexes and scripts you picked up from your parents—maybe things you’re working on in therapy right now, decades later.

So while you can, before it’s too late . . . catch yourself. Think about how you can be an ancestor instead of a ghost. Make this interaction a kind one, a patient one, a friendly one. Speak to them the way you’d want them to speak to themselves. Because it’s not a matter of if they will internalize the things they heard growing up; it’s a matter of what they will internalize. Put a good voice in their head so they might remember the good stuff."
2025-04-28,"April 28



“Tantalus: The highest power is—

Thyestes: No power, if you desire nothing.”

—
S
ENECA,
T
HYESTES
, 
 440

I
 n the modern world, our interactions with tyranny are a bit more voluntary than they were in ancient times. We put up with our controlling boss, though we could probably get a different job if we wanted. We change how we dress or refrain from saying what we actually think? Because we want to fit in with some cool group. We put up with cruel critics or customers? Because we want their approval. In these cases, their power exists because of our wants. You change that, and you’re free.

The late fashion photographer Bill Cunningham occasionally declined to invoice magazines for his work. When a young upstart asked him why that was, Cunningham’s response was epic: “If you don’t take money, they can’t tell you what to do, kid.”

Remember: taking the money, wanting the money—proverbially or literally—makes you a servant to the people who have it. Indifference to it, as Seneca put it, turns the highest power into no power
 , at least as far as your life is concerned.","April 28

Do You Really Care?

A key point to bear in mind. . . . You’re better off not giving the small things more time than they deserve.

—Marcus Aurelius

It seems like it’s really important to you. That the door not be slammed. That the chores be done a certain way. That everything be put away immediately. That feet go on the ground, not the furniture.

But the truth is, you don’t actually care about the things themselves. You don’t. If you had to choose between your kids having fond memories and you having clean walls, you’d choose your kids having fun. If you had to choose between slightly lower grades and better self-worth, you’d choose their self-worth. If you had to choose between just about anything and your kids’ safety, happiness, and self-image, you’d never choose that other stuff.

Yet here you are, arguing about it again. Choosing to die on some stupid hill. Choosing to protect a piece of Sheetrock that—admit it—you don’t actually care about. What you really care about—what these rules actually represent—is obedience and control. What you’re really worried about, hence the fixation, is the deep-seated anxiety that you might be screwing them up.

Relax! Let this stuff go. Seriously, just let it go. You won’t regret it."
2025-04-29,"April 29



“Watch the stars in their courses and imagine yourself running alongside them. Think constantly on the changes of the elements into each other, for such thoughts wash away the dust of earthly life.”

—
M
ARCUS
A
URELIUS,
M
EDITATIONS
, 
 7.47

I
 t is almost impossible to stare up at the stars and not feel something. As cosmologist Neil deGrasse Tyson has explained, the cosmos fills us with complicated emotions. On the one hand, we feel an infinitesimal smallness in comparison to the vast universe; on the other, an extreme connectedness to this larger whole.

Obviously, given that we’re in our bodies every day, it’s tempting to think that’s the most important thing in the world. But we counteract that bias by looking at nature—at things much bigger than us. A line from Seneca, which has since become a proverb, expresses Marcus’s insight well: Mundus ipse est ingens deorum omnium templum
 (The world itself is a huge temple of all the gods).

Looking at the beautiful expanse of the sky is an antidote to the nagging pettiness of earthly concerns. And it is good and sobering to lose yourself in that as often as you can.","April 29

How Long Can You Go?

Kind people are never involved in arguments, and those who like to argue are never kind.

—Lao Tzu

At the end of it, you’ll wish you’d fought less with your kids. You’ll wish you’d made less of an issue of so many things. Nobody looks back on their lives or their kids’ lives and thinks: I’m so glad we got in all those arguments. I’m glad I was so hard on them. I’m glad they finally learned all the rules.

You know this. Okay, so today, how long can you go?

How long can you go without chiding your kids about this or that? Without making remarks about your teenager’s choices? Without reminding your young one to stop dragging their feet, leaning on the table, leaving their things lying about?

See if you can make the majority of your interactions uncritical. That doesn’t mean you have to be disingenuously positive about them, only that you try to stop bothering them about so much piddly crap. None of that stuff matters now—as much as you might try to convince them, and yourself, otherwise—and it definitely won’t matter years from now when you’re all reflecting on your lives together.

So dial back the criticism. Remember: you don’t need to have an opinion about everything. If you can keep some of that stuff in your back pocket, you’ll both be happier for it."
2025-04-30,"April 30



“Just as what is considered rational or irrational differs for each person, in the same way what is good or evil and useful or useless differs for each person. This is why we need education, so that we might learn how to adjust our preconceived notions of the rational and irrational in harmony with nature. In sorting this out, we don’t simply rely on our estimate of the value of external things, but also apply the rule of what is in keeping with one’s character.”

—
E
PICTETUS,
D
ISCOURSES
, 
 1.2.5–7

I
 t is easy to get wrapped up in our own opinions of things. It’s as if we’re adhering to invisible scripts—following instructions or patterns we don’t even understand. The more you question these scripts and the more you subject them to the rigorous test of your education, the more you’ll be your own compass. You’ll have convictions and thoughts that are your own and belong to no one else.

Character is a powerful defense in a world that would love to be able to seduce you, buy you, tempt you, and change you. If you know what you believe and why you believe it, you’ll avoid poisonous relationships, toxic jobs, fair-weather friends, and any number of ills that afflict people who haven’t thought through their deepest concerns. That’s your education. That’s why you do this work.

","April 30

Who Gets Your Patience?

The father of the former chancellor of Germany Angela Merkel was a pastor in East Germany. He was beloved by his flock. He forged a deep bond with them over many years. But at home, things were a little different. At home, he was stern and impatient. “What really made me angry as a child was his way of showing so much understanding for everyone else,” his daughter would reflect, “but if we children did something wrong, his reaction was completely different.”

Clearly he was capable of being understanding and kind—he did it all day every day as part of his job. But maybe that was the problem: he’d used up all his patience at work and had none left for his family when he got home. Or maybe he held himself to a different standard professionally than personally, because it wasn’t in public. Or maybe he made the mistake that many of us do, forgetting that our children are little people with the same problems as everyone else, just of a different size. And because of that, we sometimes fail to treat them with the appropriate level of dignity, respect, and compassion.

You don’t yell at a colleague just because they left a door open. You don’t punish one of your players for wanting more of your attention and counsel. And yet children all over the world, throughout all time, can speak to relationships where that was the exact kind of treatment they received from parents who were at the end of their ropes and had run out of patience.

Be kind to your family. Make sure they get the same patience and understanding as everyone else. Actually, scratch that. Make sure they get more. Because long after you’ve left this job or stopped coaching that team, they will still be your kids."
2025-05-01,"May 1



“For philosophy doesn’t consist in outward display, but in taking heed to what is needed and being mindful of it.”

—
M
USONIUS
R
UFUS,
L
ECTURES
, 
 16.75.15–16

T
 he monk dresses in his robes. A priest puts on his collar. A banker wears an expensive suit and carries a briefcase. A Stoic has no uniform and resembles no stereotype. They are not identifiable by look or by sight or by sound.

The only way to recognize them? By their character.","May 1

This Predicts Everything

Character is fate.

—Heraclitus

Who a person is determines what will happen and what they can do. It’s true in sports. It’s true in politics. It’s true in business. No matter how talented a person is, how great the incentives, how great the system around them—in the end, character is everything. It can’t be hidden. It can’t be compensated for.

It comes out.

Your job as a parent, as you seek to create a better world for your kids and raise them to be good in that world, is to value character. To teach it to them. To model it for them. To reward it when you see it in them. Yes, you want them to be smart. Yes, you want them to be ambitious. Yes, you want them to be creative and hardworking. But these traits are worthless if not yoked behind good character.

We’re seeing the costs of ignoring that fact in every facet of life right now. We need to fix it. And the fix starts at home."
2025-05-02,"May 2



“First tell yourself what kind of person you want to be, then do what you have to do. For in nearly every pursuit we see this to be the case. Those in athletic pursuit first choose the sport they want, and then do that work.”

—
E
PICTETUS,
D
ISCOURSES
, 
 3.23.1–2
a

A
 n archer is highly unlikely to hit a target she did not aim for. The same goes for you, whatever your target. You are certain
 to miss the target if you don’t bother to draw back and fire. Our perceptions and principles guide us in the selection of what we want—but ultimately our actions determine whether we get there or not.

So yes, spend some time—real, uninterrupted time—thinking about what’s important to you, what your priorities are. Then, work
 toward that and forsake all the others.
 It’s not enough to wish and hope. One must act
 —and act right.","May 2

Your Character Builds Theirs

The image of the black Escalade crashed into the tree was everywhere. Then women began to come forward—first one, then another, then still more. Eventually, he admitted it. Tiger Woods confessed to extramarital infidelity . . . with more than 120 women.

It was news to almost everyone. But those who knew him were less surprised. And those who knew him well weren’t surprised at all. Tiger Woods’s biographers Jeff Benedict and Armen Keteyian note the “well-worn clichés”: “Like father like son . . . The apple doesn’t fall far from the tree.” For years, when Earl Woods took his son Tiger to golf tournaments around the country, he didn’t make “any effort to camouflage his vices.” Women came and went from hotel rooms. He’d stop at convenience stores and come out with paper bags holding forty-ounce bottles of liquor. He’d ask waitresses to join him for a cigarette.

The gambling, the waitresses, the infidelity—it wasn’t out of character for Tiger. It was his character, or rather, it was character traits taught by his father. Built from the blueprint drawn from his father’s example. The apple didn’t fall far from the tree, because the tree made the apple."
2025-05-03,"May 3



“Those who receive the bare theories immediately want to spew them, as an upset stomach does its food. First digest your theories and you won’t throw them up. Otherwise they will be raw, spoiled, and not nourishing. After you’ve digested them, show us the changes in your reasoned choices, just like the shoulders of gymnasts display their diet and training, and as the craft of artisans show in what they’ve learned.”

—
E
PICTETUS,
D
ISCOURSES
, 
 3.21.1–3

M
 any of the Stoic aphorisms are simple to remember and even sound smart when quoted. But that’s not what philosophy is really about. The goal is to turn these words into works.
 As Musonius Rufus put it, the justification for philosophy is when “one brings together sound teaching with sound conduct.”

Today, or anytime, when you catch yourself wanting to condescendingly drop some knowledge that you have, grab it and ask: Would I be better saying words or letting my actions and choices illustrate that knowledge for me?","May 3

Nourish This Wonderful Trait

The primary and most important influence on Queen Victoria was not her mother but her beloved governess Baroness Lehzen, who later became her adviser and friend.

It was from Louise Lehzen that Victoria got the backbone that made her one of England’s great queens—one who ruled for some sixty-three years, more than forty of them by herself. As Lehzen said with trademark modesty:

I have, to be sure, not created, but nourished in the Princess, one quality which is to test, consider, and to stand firmly by that which the Princess finds right and good.

You have a lot of responsibilities as a parent, but none of them trump this one. Yes, you want your kids to be smart. You want them to be helpful and healthy. You want them to do well in school. But none of that will be possible without having nourished the ability that Lehzen helped Victoria cultivate.

So do it. Every day."
2025-05-04,"May 4



“How much better is it to be known for doing well by many than for living extravagantly? How much more worthy than spending on sticks and stones is it to spend on people?”

—
M
USONIUS
R
UFUS,
L
ECTURES
, 
 19.91.26–28

T
 hink of all you know about the lifestyles of the rich and the famous. That so-and-so bought a home for so many millions. That so-and-so travels with their own barber. That so-and-so owns a pet tiger or an elephant.

The exact same gossip and notoriety was popular in Roman times. Certain Romans were known for the thousands of sesterces they spent on their koi ponds. Others were notorious for orgiastic parties and sumptuous feasts. The works of Roman poets such as Juvenal and Martial abound with tidbits about these types.

The conspicuously wealthy earn and ultimately get what they want out of spending: their reputation. But what an empty one! Is it really that impressive to spend, spend, spend? Given the funds, who wouldn’t
 be able to do that?

Marcus Aurelius courageously sold off some of the imperial furnishings to pay down war debts. More recently, José Mujica, the former president of Uruguay, stood out for giving 90 percent of his presidential salary to charity and driving a twenty-five-year-old car. Who can do stuff like that? Not everyone. So who’s the more impressive?","May 4

Teach Them These Four Virtues

If, at some point in your life, you should come across anything better than justice, truth, self-control, courage—it must be an extraordinary thing indeed.

—Marcus Aurelius

Aristotle worshipped them. The Christians and Stoics too. In the West, we call them the “cardinal virtues”—from the Latin word cardo, which means “hinge.” These are the virtues upon which the good life hinges. These are the virtues that every parent is obligated to teach their children:

Courage: To stand up. To charge ahead. To not be afraid or timid in life.

Moderation: To know balance. To be in control of oneself. To avoid excess or extremes.

Justice: To do the right thing. To care for others. To do your duty.

Wisdom: To learn. To study. To keep an open mind.

Those are the four essential tenets for living.

As a parent, you must worship these virtues . . . and raise kids who do the same. You have to model these virtues and teach them—by example and by instruction—how they can too. Their life—and the future—hinges on it."
2025-05-05,"May 5



“The raw material for the work of a good and excellent person is their own guiding reason, the body is that of the doctor and the physical trainer, and the farm the farmer’s.”

—
E
PICTETUS,
D
ISCOURSES
, 
 3.3.1

P
 rofessionals don’t have to justify spending time training or practicing their work. It’s what they do, and practice is how they get good at it. The raw materials vary from career to career, just as the locations and duration vary depending on the person and the profession. But the one constant is the working of those materials, the gradual improvements and proficiency.

According to the Stoics, your mind is the asset that must be worked on most—and understood best.","May 5

Everything You Do Is Teaching Them

Preach the Gospel at all times. Use words if necessary.

—Francis of Assisi

As a young man, the champion boxer and civil rights activist Floyd Patterson was all trouble. He stole. He skipped school. He got into fights. He once, tragically, took a picture of himself and scratched out the eyes looking back at him—because he didn’t like himself. So finally the authorities sent him away.

It could have been another sad chapter in a sad life. Instead, Patterson was lucky enough to be sent away to a boys’ commune in upstate New York. There, under the guidance of a kind and unconventional psychologist, Dr. Papanek, Patterson’s world was changed. For the first time, he was seen. He was more than “reformed,” in the language of the American prison system; he was loved. As Dr. Papanek explained his philosophy:

Punishment teaches the child only how to punish. Scolding teaches him how to scold. By showing him that we understand, we teach him to understand. By helping him, we teach him to help. He learns cooperation by cooperating.

Most likely, your children have not found themselves in such serious trouble. Hopefully they are not as far gone as most of the people around Floyd felt he was. Regardless, the lesson is the same: In everything we do with, to, and around our kids, we are teaching them. Even when we mean well, even when they are screwing up, just as Dr. Papanek explained, we are teaching . . . often the very opposite of what we’d like to show them."
2025-05-06,"May 6



“Then what makes a beautiful human being? Isn’t it the presence of human excellence? Young friend, if you wish to be beautiful, then work diligently at human excellence. And what is that? Observe those whom you praise without prejudice. The just or the unjust? The just. The even-tempered or the undisciplined? The even-tempered. The self-controlled or the uncontrolled? The self-controlled. In making yourself that kind of person, you will become beautiful—but to the extent you ignore these qualities, you’ll be ugly, even if you use every trick in the book to appear beautiful.”

—
E
PICTETUS,
D
ISCOURSES
, 
 3.1.6
b
–9

C
 ontemporary notions of beauty are ridiculous. Our standards for what’s attractive are incredibly un-
 Stoic in that we prize and extol things people have almost no control over—high cheekbones, complexion, height, piercing eyes.

Is it really beautiful to win the genetic lottery? Or should beauty be contingent on the choices, actions, and attributes we develop? An even keel, a sense of justice, a commitment to duty. These are beautiful traits—and they go much deeper than appearances.

Today, you can choose to be without prejudice, to act with justice, to keep an even keel, to be in control of yourself—even when that means dedication and sacrifice. If that’s not beautiful, what is?","May 6

Teach Them to Sweep the Sheds

The New Zealand All Blacks are the most successful rugby franchise of all time. They have a legacy that rivals the great teams in nearly every other sport, from the San Antonio Spurs to the New England Patriots to the U.S. women’s national soccer team. How have they done this?

By being tough, of course. By being extremely talented, obviously. But there is a lesser-known and counterintuitive element to their success as well: they clean up after themselves. In his book Legacy, James Kerr portrays the team tidying up the locker room after a game:

Sweeping the sheds.

Doing it properly.

So no one else has to.

Because no one looks after the All Blacks.

The All Blacks look after themselves.

If you want your kids to clean up after themselves, you have to teach them why it matters. If you want them to look after themselves, you have to teach them to find pride and satisfaction in that. If you want them to sweep the sheds, you have to teach them that it isn’t just a chore. It’s a statement of priority. A statement of character and commitment and self-sufficiency—an illustration of who you are.

How we do anything is how we do everything is the lesson parents have to pass along to their kids. Leaving a mess isn’t just a mess—it shows that you’re a mess."
2025-05-07,"May 7



“God laid down this law, saying: if you want some good, get it from yourself.”

—
E
PICTETUS,
D
ISCOURSES
, 
 1.29.4

H
 ere is how to guarantee
 you have a good day: do good things.

Any other source of joy is outside your control or is nonrenewable. But this one is all you, all the time, and unending. It is the ultimate form of self-reliance.","May 7

Don’t Give Them an Ego

You love your kids more than anything. You think they’re God’s gift (which they are, to you!). You want them to know how you feel about them, and you feel bad when they feel bad about themselves. These are all perfectly healthy and laudable feelings.

At the same time, we have to make sure we’re not puffing up their ego with our endless praise. We have to manage our natural bias toward their virtues and limit our blindness to their vices. As Seneca wrote, this requires speaking honestly—with kindness—and holding them accountable for their actions. Even if that pains us. He explains:

Flattery must be kept well out of the way of children. Let a child hear the truth, and sometimes fear it: let him always reverence it. Let him rise in the presence of his elders. Let him obtain nothing by flying into a passion: let him be given when he is quiet what was refused him when he cried for it. Let him behold, but not make use of his father’s wealth: let him be reproved for what he does wrong.

Seneca knew this balance was not easy—it isn’t for any parent. But if our goal is to raise well-adjusted, self-aware kids, we’ll have to work for it. Even if our instinct is to rush over and tell them they’re the greatest, most specialest little kiddos there ever were."
2025-05-08,"May 8



“Where is Good? In our reasoned choices. Where is Evil? In our reasoned choices. Where is that which is neither Good nor Evil? In the things outside of our own reasoned choice.”

—
E
PICTETUS,
D
ISCOURSES
, 
 2.16.1

T
 oday, as things happen and you find yourself wondering what they all mean—as you find yourself contemplating various decisions, remember: the right thing to do always comes from our reasoned choice. Not whether something is rewarded. Not whether something will succeed, but whether it is the right choice.

Epictetus’s dictum helps us cut through all this with clarity and confidence. Is something good or bad? Is this right or wrong?

Ignore everything else. Focus only on your choices.","May 8

Punishment Should Make Them Better

To punish others is like putting more wood in the fire. Every crime already has punishment in itself, and it is more cruel and more just than the punishment created by people.

—Leo Tolstoy

Randall Stutman is asked a lot about parenting by the CEOs and executives with whom he works as a leadership coach. We already know his admonition about making fast transitions between work and home, but he has another piece of advice for high-powered leaders who also want to be great parents:

Punishment should make them better.

It’s pretty fitting advice coming from a coach too. Think about it: A basketball coach who is disappointed in someone’s effort makes them do sprints or push-ups. It’s not fun and it makes the kid stronger. A football player who didn’t make their GPA has to go to extra study sessions. An athlete who gets in trouble off the court might have to do community service or write an apology letter. These are more than simple deterrents. They’re punishments that make the transgressors better both as players and as people.

When you get upset, when you catch your kid doing something they’re not supposed to do, make sure that you don’t punish them from a place of heightened emotion—whether that’s anger or fear or shame. Take a minute. Come up with a punishment that makes them better. Something that they wouldn’t choose to do but that is good for them. Vocab drills. Memorizing state capitals. Volunteering somewhere. Picking up trash. Painting the house.

They won’t like it, but one day they may actually thank you for it."
2025-05-09,"May 9



“Let us therefore set out whole-heartedly, leaving aside our many distractions and exert ourselves in this single purpose, before we realize too late the swift and unstoppable flight of time and are left behind. As each day arises, welcome it as the very best day of all, and make it your own possession. We must seize what flees.”

—
S
ENECA,
M
ORAL
L
ETTERS
, 
 108.27
b
–28
a

Y
 ou will only get one shot at today. You have only twenty-four hours with which to take it. And then it is gone and lost forever. Will you fully inhabit all of today? Will you call out, “I’ve got this,” and do your very best to be your very best?

What will you manage to make of today before it slips from your fingers and becomes the past? When someone asks you what you did yesterday, do you really want the answer to be “nothing”?","May 9

Too Busy to Be Bad

Harry Truman was once asked if he ever got in trouble as a kid. “Very, very seldom,” he said. “I was too busy. I told you I’d read all three thousand books in the library by the time I was fourteen years old.” Were there any troublemakers in your neighborhood or at school? “We had boys who were terrible,” he said. “But I was too busy reading books to be bad.”

The September chapter of this book is filled with the benefits of raising a reader, but Truman gives us a great one to add here in May: readers very, very seldom get into trouble. They’re too busy. They already live in a world of high stakes—that of history, of great novels, of epic stories—why do they need to go around creating drama and problems in the real world?

Of course, kids get in trouble for a lot of reasons, but “not having anything better to do” is one you can solve for right now. Introduce them to the world of books. Challenge them, incentivize them to read. Let them fall in love with those worlds and live there as much as they want.

It’ll cause a lot less trouble for the both of you."
2025-05-10,"May 10



“Let us also produce some bold act of our own—and join the ranks of the most emulated.”

—
S
ENECA,
M
ORAL
L
ETTERS
, 
 98.13
b

I
 t was common in Greek and Roman times, just as it is now, for politicians to pander to their audience. They would lavish effusive praise on the crowd, on their country, on inspiring military victories of the past. How many times have you heard a political candidate say, “This is the greatest country in the history of the world”? As orator Demosthenes pointed out, we’ll gladly sit for hours to hear a speaker who stands in front of some famous or sacred landmark, “praising [our] ancestors, describing their exploits and enumerating their trophies.”

But what does this flattery accomplish? Nothing. Worse, the admiration of shiny accolades distracts us from their true purpose. Also, as Demosthenes explains, it betrays the very ancestors who inspire us. He concluded his speech to the Athenian people with words that Seneca would later echo and still resounds centuries later. “Reflect, then,” he said, “that your ancestors set up those trophies, not that you may gaze at them in wonder, but that you may also imitate the virtues of the men who set them up.”

The same goes for the quotes in this book and for other inspiring words you might hear. Don’t just admire them. Use them. Follow their example.","May 10

Remember What Success Looks Like

The Bible puts forth a pretty good definition of an actual successful life: “An elder must be blameless, faithful to his wife, a man whose children are trustworthy and are not open to the charge of being wild and disobedient.”

We can strip the gender out of this and it’s still true. Our job is to:

live an honorable life

treat our spouse well (and respect our marriage)

teach our children to be honest and reliable

refrain from spoiling them

If you can be successful or famous or respected at your chosen craft above all that? Fantastic. Just remember: no amount of worldly gains will matter—especially at the end of your life—if you have failed at being a parent to those with whom you would most love to share those gains."
2025-05-11,"May 11



“The greatest portion of peace of mind is doing nothing wrong. Those who lack self-control live disoriented and disturbed lives.”

—
S
ENECA,
M
ORAL
L
ETTERS
, 
 105.7

C
 onsider the fugitives who willingly turn themselves in after years on the run. Why would they do that? They were free, one step ahead of the law, but they gave up! Because the guilt and the stress of the fugitive life eventually gets worse than the prospect of lost freedom—in fact, it was its own kind of prison.

It’s the same reason why, as a child, you might have confessed to a lie to completely unsuspecting parents. It’s the reason why one partner might voluntarily admit to a crushing infidelity—even though the other partner had no idea. “Why are you telling me this?!” the betrayed shouts as she walks out the door. “Because things have been going so well and I couldn’t take it anymore!”

There are immense costs of doing wrong, not only to society, but to the perpetrator. Look at the lives of most people who reject ethics and discipline, and the chaos and misery that so often follows. This punishment is almost always as bad or worse than whatever society metes out.

This is why so many petty criminals confess or voluntarily surrender. They don’t always stick to it, but at the lowest moment, they finally realize: this is no way to live. They want the peace of mind that comes with doing right
 . And so do you.","May 11

Are You the Good Guys?

That’s what the boy asks his father in Cormac McCarthy’s The Road: “Are we still the good guys?”

It’s the boy’s sweetness, his insistence on doing the right and kind thing, despite the darkness of the world, that keeps the father from spiraling into despair or cruelty.

Are you the good guys? Or have you curdled along with your political party? Have you been corrupted by your industry? Have you grown callous and indifferent with all the responsibilities and stresses of life? Are you too busy worrying about your mortgage and your golf game to care about other people? Are you too far down the road to change? To question and reflect? To see things from a new perspective?

The good news is that you have a boy like that in your own life. Your kids are a wonderful source of innocence and purity. They see things with fresh eyes. They are not yet jaded. They are also a kind of warrant. Why should you change? Why should you be one of the good guys? For them.

Give them hope. Give them a model. Be one of the good guys."
2025-05-12,"May 12



“Kindness is invincible, but only when it’s sincere, with no hypocrisy or faking. For what can even the most malicious person do if you keep showing kindness and, if given the chance, you gently point out where they went wrong—right as they are trying to harm you?”

—
M
ARCUS
A
URELIUS,
M
EDITATIONS
, 
 11.18.5.9
a

W
 hat if the next time you were treated meanly, you didn’t just restrain yourself from fighting back—what if you responded with unmitigated kindness? What if you could “love your enemies, do good to those who hate you”? What kind of effect do you think that would have?

The Bible says that when you can do something nice and caring to a hateful enemy, it is like “heap[ing] burning coals on his head.” The expected reaction to hatred is more hatred. When someone says something pointed or mean today, they expect you to respond in kind—not with kindness.
 When that doesn’t happen, they are embarrassed. It’s a shock to their system—it makes them and you better.

Most rudeness, meanness, and cruelty are a mask for deep-seated weakness. Kindness in these situations is only possible for people of great strength. You have that strength. Use it.","May 12

What Matters More Than Results

The actress Tracee Ellis Ross has a famous, successful mother in the multiple Grammy Award winner and Motown legend Diana Ross. You might think that someone that successful would care a lot about success. The driven parent drives their children—to get good grades, to win games, to be the strongest, prettiest, or most popular, to follow in their footsteps. Their high standards extend right down through the college their kids go to or the profession they pursue.

But Tracee got lucky. Her mom did it right. Most parents would ask their kids, “How are your grades?” “Did you win?” “Are you number one in your class?” But after school, Diana Ross would ask, “Did you do your best? How do you feel about it, Tracee?” Tracee—who, amid some fits and starts, went on to become a very accomplished actress—would explain that her mother’s emphasis taught her an essential perspective shift: “how to navigate a life through how it feels to you, as opposed to how it looks to everyone else.”

What matters more than your kids’ grades in school is the priorities they pick up and the values they absorb. So that’s the question: Are you teaching them that test scores matter or that learning counts? Are you teaching them that success is winning arbitrary competitions or that it is becoming the best version of themselves?

Results don’t matter—not the obvious ones, anyway. What counts is the person your kids are shaping themselves into and the things you do along the way to help them."
2025-05-13,"May 13



“Every habit and capability is confirmed and grows in its corresponding actions, walking by walking, and running by running . . . therefore, if you want to do something make a habit of it, if you don’t want to do that, don’t, but make a habit of something else instead. The same principle is at work in our state of mind. When you get angry, you’ve not only experienced that evil, but you’ve also reinforced a bad habit, adding fuel to the fire.”

—
E
PICTETUS,
D
ISCOURSES
, 
 2.18.1–5

“W
 e are what we repeatedly do,” Aristotle said, “therefore, excellence is not an act but a habit.” The Stoics add to that that we are a product of our thoughts (“Such as are your habitual thoughts, such also will be the character of your mind,” Marcus Aurelius put it).

Think about your activities of the last week as well as what you have planned for today and the week that follows. The person you’d like to be, or the person you see yourself as—how closely do your actions actually correspond to him or her? Which fire are you fueling? Which person are you becoming?","May 13

Ask Them This Question Every Day

Wherever there is a human being there is an opportunity for kindness.

—Seneca

We’re always asking our kids questions: How was school? How did baseball practice go? Did you stay out of trouble? What did your teacher say about your math grade? Did you have fun with your friends?

We ask these questions because we want to have something to talk about. We ask these questions because we’re concerned. We ask these questions because the answers matter to us. Our kids realize this. They are smart enough to understand that these questions are a reflection of their parent’s values, of how the world measures a person and determines what success looks like.

Which is why it’s important that we go out of our way to ask questions that reinforce what is actually important in life. That we don’t just consider it insignificant small talk. The way Diana Ross asked Tracee Ellis Ross about her day is a great example.

But here’s another. Instead of asking your kids if they behaved well or performed well or even if they had fun, be sure to check in with them about whether they did something kind. Ask them, every day: What good turn did you do today? What was something you did for someone else? Who did you help?

Think of the message this sends. Think of how it makes them think about their own day—to review their own actions through the lens of empathy, how their actions affect others. Think of the priorities it sets through your monitoring—that their parents are on top of not how many answers they got right but how many right things they did. Think about how much better the world would be if everyone thought this way, if everyone was raised this way."
2025-05-14,"May 14



“Those obsessed with glory attach their well-being to the regard of others, those who love pleasure tie it to feelings, but the one with true understanding seeks it only in their own actions. . . . Think on the character of the people one wishes to please, the possessions one means to gain, and the tactics one employs to such ends. How quickly time erases such things, and how many will yet be wiped away.”

—
M
ARCUS
A
URELIUS,
M
EDITATIONS
, 
 6:51, 
 59

I
 f your happiness is dependent on accomplishing certain goals, what happens if fate intervenes? What if you’re snubbed? If outside events interrupt? What if you do achieve everything but find that nobody is impressed? That’s the problem with letting your happiness be determined by things you can’t control. It’s an insane risk.

If an actor focuses on the public reception to a project—whether critics like it or whether it’s a hit, they will be constantly disappointed and hurt. But if they love their performance
 —and put everything they have into making it the best that they’re capable of—they will always find satisfaction in their job. Like them, we should take pleasure from our actions—in taking the right actions—rather than the results that come from them.

Our ambition should not be to win, then, but to play with our full effort. Our intention is not to be thanked or recognized, but to help and to do what we think is right. Our focus is not on what happens to us but on how we respond. In this, we will always find contentment and resilience.","May 14

Compete on This

Compete with yourself and root for everybody else.

—Candice Millard

We all find ourselves in competition with other parents. Maybe we see how our car compares with everyone else’s at school drop-off, or we dress up really fancy for that school fundraiser, hoping to turn heads. Very quickly, that kind of competition can transfer to our kids: we want to make sure they have the same gadgets as their peers; we look at what colleges they can get into compared with their friends, and we start to push them to be valedictorian or captain of the baseball team or president of the student council.

This is not just a superficial competition but a stupid and possibly destructive one (as those Varsity Blues parents serving prison sentences should remind us), not just because it’s one we’ll inevitably lose—there will always be someone richer, someone hotter, someone whose kids are more naturally gifted—but because it can rub off on our kids in the worst way.

If you’re going to compete with anyone, we should tell our kids, compete with yourself, to be the best version of yourself. Compete over things you actually control. And make no mistake, we should take that advice ourselves.

Compete with yourself to be more present, to be kinder, to have more fun with your kids . . . to beat what you got from your own parents. Focus on the stuff that’s up to you, that can be an example for your kids as they grow into the people you want them to become."
2025-05-15,"May 15



“Don’t set your mind on things you don’t possess as if they were yours, but count the blessings you actually possess and think how much you would desire them if they weren’t already yours. But watch yourself, that you don’t value these things to the point of being troubled if you should lose them.”

—
M
ARCUS
A
URELIUS,
M
EDITATIONS
, 
 7.27

W
 e regularly covet what other people have. We desperately try to keep up with the Joneses, all the while the Joneses are miserable trying to keep up with us.

It would be funny if it weren’t so sad. So today, stop trying to get what other people have. Fight your urge to gather and hoard. That’s not the right way to live and act. Appreciate and take advantage of what you already do have, and let that attitude guide your actions.","May 15

Teach Them Empathy

One of the wonderful benefits of reading fiction, studies show, is that it helps cultivate empathy. By reading and experiencing the interior lives of the characters on the page, we are reminded that not everyone thinks and acts like we do. We are reminded that not everyone has been as lucky as we’ve been.

It also happens that fiction can teach us this empathy by way of specific advice and admonition. Perhaps you remember this opening line from The Great Gatsby:

In my younger and more vulnerable years my father gave me some advice that I’ve been turning over in my mind ever since.

“Whenever you feel like criticizing anyone,” he told me, “just remember that all the people in this world haven’t had the advantages that you’ve had.”

We need our kids to understand this. That’s why they have to read Gatsby and every other great novel. It’s also something we have to explicitly remind them—the way Nick Carraway’s father did in the book. Most important, it’s something we have to model ourselves."
2025-05-16,"May 16



“If you don’t wish to be a hot-head, don’t feed your habit. Try as a first step to remain calm and count the days you haven’t been angry. I used to be angry every day, now every other day, then every third or fourth . . . if you make it as far as 30 days, thank God! For habit is first weakened and then obliterated. When you can say ‘I didn’t lose my temper today, or the next day, or for three or four months, but kept my cool under provocation,’ you will know you are in better health.”

—
E
PICTETUS,
D
ISCOURSES
, 
 2.18.11
b
–14

T
 he comedian Jerry Seinfeld once gave a young comic named Brad Isaac some advice about how to write and create material. Keep a calendar, he told him, and each day that you write jokes, put an X. Soon enough, you get a chain going—and then your job is to simply not
 break the chain. Success becomes a matter of momentum. Once you get a little, it’s easier to keep it going.

Whereas Seinfeld used the chain method to build a positive habit, Epictetus was saying that it can also be used to eliminate a negative one. It’s not all that different than taking sobriety “one day at a time.” Start with one day doing whatever it is, be it managing your temper or wandering eyes or procrastination. Then do the same the following day and the day after that. Build a chain and then work not to break it. Don’t ruin your streak.","May 16

What We Do Ripples Through

It is from numberless diverse acts of courage . . . that human history is thus shaped. Each time a man stands up for an ideal, or acts to improve the lot of others, or strikes out against injustice, he sends forth a tiny ripple of hope, and crossing each other from a million different centers of energy and daring those ripples build a current which can sweep down the mightiest walls of oppression and resistance.

—Robert F. Kennedy

In the beautiful children’s book Each Kindness, Jacqueline Woodson tells the story of a young girl named Chloe who, in the casual way that kids often do, treats a classmate cruelly. She is moved to change one day when her teacher demonstrates the way that water ripples when a stone is dropped in it.

So it goes with kindness, the teacher explains. When we do something nice for someone, it ripples through their lives and into the world, radiating goodness outward. Chloe is inspired by this . . . but it’s too late. The girl she was cruel to has moved away. Now when she throws a rock into the pond near her house, all she can think of are the lost opportunities she had to improve someone’s life, to make their day brighter.

This is something we must teach our kids—moreover, we must demonstrate to our kids. By treating them well, by showing them compassion and empathy and unconditional love, we help not only them but everyone they encounter. We can take heart knowing that this kindness, big and small, will ripple through their lives long after they’ve moved out, they’ve grown up, and we’re long gone."
2025-05-17,"May 17



“Show me someone sick and happy, in danger and happy, dying and happy, exiled and happy, disgraced and happy. Show me! By God, how much I’d like to see a Stoic. But since you can’t show me someone that perfectly formed, at least show me someone actively forming themselves so, inclined in this way. . . . Show me!”

—
E
PICTETUS,
D
ISCOURSES
, 
 2.19.24–25
a
, 
 28

I
 nstead of seeing philosophy as an end to which one aspires, see it as something one applies
 . Not occasionally, but over the course of a life—making incremental progress along the way. Sustained execution, not shapeless epiphanies.

Epictetus loved to shake his students out of their smug satisfaction with their own progress. He wanted to remind them—and now you—of the constant work and serious training needed every day if we are ever to approach that perfect form.

It’s important for us to remember in our own journey to self-improvement: one never arrives
 . The sage—the perfect Stoic who behaves perfectly in every situation—is an ideal, not an end.","May 17

Teach Them to Give It Their All

Rudyard Kipling’s beautiful poem “If,” which was written as advice for Kipling’s son, is about toughness and virtue, honor and duty. But there is one line that doesn’t get as much attention, maybe because it’s a bit confusing:

If you can fill the unforgiving minute

With sixty seconds’ worth of distance run

Kipling is talking about the importance of giving your all to something, physical or otherwise. There is an expression in sports about “playing through the whistle.” In boxing and martial arts, you punch through the opponent until you hear the bell. In baseball, you swing through the ball. In running, they talk about running through the finish line. It’s about completing the action. Giving 100 percent. Playing the right way.

This is an important lesson to teach our kids. We don’t stop at the finish line. We give our all to something. We concentrate on a single task until it’s done or until the clock runs out. We fill that unforgiving minute.

It’s the proper way to play . . . and to live."
2025-05-18,"May 18



“Pay attention to what’s in front of you—the principle, the task, or what’s being portrayed.”

—
M
ARCUS
A
URELIUS,
M
EDITATIONS
, 
 8.22

I
 t’s fun to think about the future. It’s easy to ruminate on the past. It’s harder to put that energy into what’s in front of us right at this moment—especially if it’s something we don’t want to do. We think: This is just a job; it isn’t who I am. It doesn’t matter.
 But it does matter. Who knows—it might be the last thing you ever do. Here lies Dave, buried alive under a mountain of unfinished business.

There is an old saying: “How you do anything is how you do everything.” It’s true. How you handle today is how you’ll handle every day. How you handle this minute is how you’ll handle every minute.","May 18

Teach Them to Do the Right Thing

Just that you do the right thing. The rest doesn’t matter.

—Marcus Aurelius

In the beautiful and hilarious novel A Man Called Ove, a young Ove is working at the same rail yard as his father. He is cleaning a car with another worker, Tom, when they find a briefcase left by a passenger. Instinctively, Tom goes to steal it. Ove is surprised. A few seconds later, he finds and picks up a wallet left by a different passenger.

Just then, Ove’s father walks in. He asks Ove what he wants to do with the wallet. Ove suggests that they return it to the lost and found, where it is quickly claimed by the woman who lost it. “Not many people have ever handed in this much money,” the woman says. Well, Ove’s father replies, “many people don’t have any decency either.” Later that evening, Ove asks his father why he didn’t tell management about the briefcase that Tom had stolen. His father shakes his head and replies, “We’re not the sort of people who tell tales about what others do.”

In both instances, Ove’s father is showing his boy what decency looks like. Decency is about what you do. It’s not a standard you hold others to. Decency is what you do with money you find. It’s how you raise your kids. It’s not something you wield; it’s not something you gossip about. It’s something you embody and embrace."
2025-05-19,"May 19



“That’s why the philosophers warn us not to be satisfied with mere learning, but to add practice and then training. For as time passes we forget what we learned and end up doing the opposite, and hold opinions the opposite of what we should.”

—
E
PICTETUS,
D
ISCOURSES
, 
 2.9.13–14

V
 ery few people can simply watch an instructional video or hear something explained and then know, backward and forward, how to do it. Most of us actually have to do
 something several times in order to truly learn. One of the hallmarks of the martial arts, military training, and athletic training of almost any kind is the hours upon hours upon hours of monotonous practice. An athlete at the highest level will train for years to perform movements that can last mere seconds—or less. The two-minute drill, how to escape from a chokehold, the perfect jumper. Simply knowing isn’t enough. It must be absorbed into the muscles and the body. It must become part of us. Or we risk losing it the second that we experience stress or difficulty.

It is true with philosophical principles as well. You can’t just hear something once and expect to rely on it when the world is crashing down around us. Remember, Marcus Aurelius wasn’t writing his meditations for other people. He was actively meditating for himself.
 Even as a successful, wise, and experienced man, he was until the last days of his life practicing and training himself to do the right thing. Like a black belt, he was still showing up to the dojo every day to roll; like a professional athlete, he still showed up to practice each week—even though others probably thought it was unnecessary.","May 19

Teach Them to Be Bigger

A ten-year-old Jim Lawson was walking down the street when, as he passed a car, a small child looked at him and called him the N-word. Stunned by the hate and the meanness of it, Lawson reached into the car and slapped the boy in the face.

When his mother found out about this, she was understandably worried. In the then-segregated and racist South, the actions of a young black boy could so easily lead to something terrible and tragic at the hands of awful and unaccountable adults. But more than that, she wanted her son not to be defined or changed by the hate of the world around him.

“What good did that do, Jimmy?” his mother asked him. “We all love you, Jimmy, and God loves you,” she explained, “and we all believe in you and how good and intelligent you are. We have a good life and you are going to have a good life. With all that love, what harm does that stupid insult do? It’s nothing, Jimmy, it’s empty. Just ignorant words from an ignorant child who is gone from your life the moment it was said.”

This was a life-changing exchange. It put Jim Lawson onto his world-changing path of nonviolence. (He would organize the first sit-ins in Nashville in the 1960s.) It helped him realize that he was above the horrible things that other people said and did, that what mattered was what he said and did. What mattered was responding with kindness and love. What mattered was knowing that he was good and that he was loved and nothing anyone else thought could change that.

Lawson’s parents gave him the gift of teaching him that he was bigger than the small people who lived around him. That he could be the bigger person and do bigger things. Now, here today, can you do the same for your children?"
2025-05-20,"May 20



“What’s the point of having countless books and libraries, whose titles could hardly be read through in a lifetime. The learner is not taught, but burdened by the sheer volume, and it’s better to plant the seeds of a few authors than to be scattered about by many.”

—
S
ENECA,
O
N
T
RANQUILITY OF
M
IND
, 
 9.4

T
 here is no prize for having read the most books before you die. Even if you were the most dedicated reader in the world—a book a day, even—your collection would probably never be bigger than a small branch library. You’ll never even come close to matching what’s stored in the servers at Google Books or keep up with the hundreds of thousands of new titles published on Amazon each year.

What if, when it came to your reading and learning, you prioritized quality over quantity? What if you read the few great books deeply instead of briefly skimming all the new books? Your shelves might be emptier, but your brain and your life would be fuller.","May 20

Don’t Just Assume It Will Work Out

In Meditations, Marcus Aurelius takes a moment to remind himself of the “malice, cunning and hypocrisy that power produces,” and the “peculiar ruthlessness often shown by people from ‘good families.’ ”

Even though you’re well educated, and you’ve done well for your family, and you’re not some monster, there are no guarantees that you will pass these laudable traits down to your kids. Life is full of temptations. Bad habits and bad influences are easy to fall prey to. Look at Marcus Aurelius’s own children. Marcus and his wife were calm and wise . . . and still, something went wrong with his son and heir Commodus, who was deranged and a terror for the empire—exactly as bad as Commodus in the movie Gladiator. Or worse.

The point of this is: just because you’re successful, just because you can pay to send your kids to the right schools, just because you showed up more than your own parents, doesn’t mean you’re out of the woods. This is a hard job we’ve committed to. The stakes are high. The margin for error is low. Kids don’t just “turn out” as good people. They are made that way—molded, guided by ancestors, taught by example, and buoyed by a constancy of parental presence.

You must provide all of this. You cannot slack. You cannot assume it will handle itself. They need you."
2025-05-21,"May 21



“But what is philosophy? Doesn’t it simply mean preparing ourselves for what may come? Don’t you understand that really amounts to saying that if I would so prepare myself to endure, then let anything happen that will? Otherwise, it would be like the boxer exiting the ring because he took some punches. Actually, you can leave the boxing ring without consequence, but what advantage would come from abandoning the pursuit of wisdom? So, what should each of us say to every trial we face? This is what I’ve trained for, for this my discipline!”

—
E
PICTETUS,
D
ISCOURSES
, 
 3.10.6–7

T
 he Stoics loved to use boxing and wrestling metaphors the way we use baseball and football analogies today. This is probably because the sport of pankration
 —literally, “all strength,” but a purer form of mixed martial arts than one sees today—in the UFC was integral to boyhood and manhood in Greece and Rome. (In fact, recent analysis has found instances of “cauliflower ear,” a common grappling injury, on Greek statues.) The Stoics refer to fighting because it’s what they knew.

Seneca writes that unbruised prosperity is weak and easy to defeat in the ring, but “a man who has been at constant feud with misfortunes acquires a skin calloused by suffering.” This man, he says, fights all the way to the ground and never gives up.

That’s what Epictetus means too. What kind of boxer are you if you leave because you get hit? That’s the nature of the sport! Is that going to stop you from continuing?","May 21

“And What Did You Do?”

In the 1920s, long before he was a poet, before he was a conscientious objector, before he had kids of his own, William Stafford was just a kid living in an era when bullying and racism and all sorts of cruelty existed out in the open.

One day, young William came home and reported to his parents that two young black kids were being taunted at school. His parents had one question for him: “And what did you do, Billy?”

Notice that the elder Staffords didn’t dismiss what was happening as not their kid. Nor did they rush to the phone to call his teachers. They did not yell. They did not make assumptions. They used the incident as an opportunity to emphasize a core life teaching: We are responsible for each other. We cannot sit on the sidelines while bad things happen in front of us.

One can imagine they were hoping to hear an answer that revealed their son had absorbed the lessons they’d been trying to teach in their home his whole life. Like any good parent, their question was a test to see if he understood how virtue and duty and kindness and human decency must be practiced to be perfected. And one can only imagine how they felt when they heard his reply . . .

“I went and stood by them.”"
2025-05-22,"May 22



“You get what you deserve. Instead of being a good person today, you choose instead to become one tomorrow.”

—
M
ARCUS
A
URELIUS,
M
EDITATIONS
, 
 8.22

“I don’t complain about the lack of time . . . what little I have will go far enough. Today—this day—will achieve what no tomorrow will fail to speak about. I will lay siege to the gods and shake up the world.”

—
S
ENECA,
M
EDEA
, 
 423–425

W
 e almost always know what
 the right thing is. We know we should not get upset, that we shouldn’t take this personally, that we should walk to the health food store instead of swinging by the drive-through, that we need to sit down and focus for an hour. The tougher part is deciding to do it in a given moment.

What stops us? The author Steven Pressfield calls this force The Resistance. As he put it in The War of Art
 , “We don’t tell ourselves, ‘I’m never going to write my symphony.’ Instead we say, ‘I’m going to write my symphony; I’m just going to start tomorrow.’”

Today, not tomorrow, is the day that we can start to be good.","May 22

Teach Them These Three Duties

Life is vexing, especially when you’re little. As children, we constantly find ourselves in situations for which we have no experience, for which we have not been prepared, for which there does not seem to be a clear or obvious answer. Some of these are big situations, like being bullied or breaking an arm; some are small, like being nervous to go to your first sleepover or being jealous of something you wanted that your best friend got instead. Sometimes it’s a blessing; sometimes it’s the curse of misfortune.

How are they supposed to respond? Well, it’s your job to show them. Because as disparate and vexing and unique as every moment of life can be, each of us has a set of duties that we can find guidance from in any and all situations.

You can teach your kids that whatever they’re facing, they can respond with:

hard work

honesty

helping others as best they can

It’s not always going to lead to success, of course, but it will always lead to something they can be proud of. It will always serve them well. Whether it’s a sudden reversal or a sudden bounty, whether they’re at fault or an innocent bystander, what life demands—what we as their parents expect of them—is work, honesty, and compassion."
2025-05-23,"May 23



“Show me that the good life doesn’t consist in its length, but in its use, and that it is possible—no, entirely too common—for a person who has had a long life to have lived too little.”

—
S
ENECA,
M
ORAL
L
ETTERS
, 
 49.10
b

T
 here’s no need to show Seneca. Show yourself. That no matter how many years you’re ultimately given, your life can be clearly and earnestly said to have been a long and full one. We all know someone like that—someone we lost too early but even now think, If I could do half of what they did, I’ll consider my life well lived.

The best way to get there is by focusing on what is here right now, on the task you have at hand—big or small. As he says, by pouring ourselves fully and intentionally into the present, it “gentle[s] the passing of time’s precipitous flight.”","May 23

It’s Better to Be Kind Than Clever

There is a story about Jeff Bezos, the founder of Amazon, from when he was a young boy. He was with his grandparents, both of whom were smokers. Bezos had recently heard an antismoking PSA on the radio that explained how many minutes each cigarette takes off a person’s life span. And so, sitting there in the back seat, like a typical precocious kid, he put his math skills to work with this new knowledge and proudly explained to his grandmother as she puffed away, “You’ve lost nine years of your life, Grandma!”

The typical response to this kind of innocent cheekiness is to pat the child on the head and tell them how smart they are. Bezos’s grandmother didn’t do that. Instead, she quite understandably burst into tears. It was after this exchange that Bezos’s grandfather took his grandson aside and taught him a lesson that he says has stuck with him for the rest of his life. “Jeff,” his grandfather said, “one day you’ll understand that it’s harder to be kind than clever.”

Cleverness comes easily when you want attention. It takes work to be a nice person and patience to reap its rewards. It requires extra effort to stop and think about how what you say and do affects other people. But a truly successful person—a truly great kid—is the result of parents who take the time to equip them with this skill. Parents who reward them for their kindness and compassion, not just their intelligence or their grades or their clever tongue. Because these self-obsessed traits, if not balanced with empathy and with kindness, can become a wicked and lonely combination."
2025-05-24,"May 24



“You say, good fortune used to meet you at every corner. But the fortunate person is the one who gives themselves a good fortune. And good fortunes are a well-tuned soul, good impulses and good actions.”

—
M
ARCUS
A
URELIUS,
M
EDITATIONS
, 
 5.36

W
 hat is the more productive notion of good luck? One that is defined by totally random factors outside your control, or a matter of probability that can be increased—though not guaranteed—by the right decisions and the right preparation? Obviously, the latter. This is why successful yet mysteriously “lucky” people seem to gravitate toward it.

According to the wonderful site Quote Investigator, versions of this idea date back at least to the sixteenth century in the proverb “Diligence is the mother of good luck.” In the 1920s, Coleman Cox put a modern spin on it by saying, “I am a great believer in luck. The harder I work, the more of it I seem to have.” (That saying has been incorrectly attributed to Thomas Jefferson, who said nothing of the kind.) Today, we say, “Luck is where hard work meets opportunity.” Or is it typically flipped?

Today, you can hope that good fortune and good luck magically come your way. Or you can prepare yourself to get lucky by focusing on doing the right thing at the right time—and, ironically, render luck mostly unnecessary in the process.","May 24

Remember This About Most People

No intelligent man believes that anybody ever willingly errs or willingly does base or evil deeds.

—Socrates

There are a lot of selfish people out there. Cruel people. Stupid people. Even evil people. Sometimes they’re all one person. Your kids are going to meet some of these people. Are they ready? Perhaps a better question is, are you ready? To protect them from the worst of that sort, of course, but also to make sure that your cynicism about the world—about people—does not affect your children too early.

There’s a great children’s book called Most People that reminds us: Most people are good. Most people are trying as hard as they can. Most people will help you if they can. Most people want the same things, the book says. Most people are happy . . . and even the people who aren’t, its author reminds us, would rather be happy if they could.

With our life experience, we might struggle to believe that is true. Regardless, we can’t pass on the psychic burden of our own experiences and frustrations with the people from our past. This is the difficult tension we have to resolve as parents. We have to prepare our children for a world that is not all sunshine and kittens. We also have to get them to understand that the darkness in the world is not complete. In fact, it’s distinctly the minority.

We want our kids to carry the fire, to keep the brightness alive. We want them to seek it out in other people. And we want them to be like most people: Good. Kind. Happy. Helpful.

It’s we who will chart that path."
2025-05-25,"May 25



“Joy for human beings lies in proper human work. And proper human work consists in: acts of kindness to other human beings, disdain for the stirrings of the senses, identifying trustworthy impressions, and contemplating the natural order and all that happens in keeping with it.”

—
M
ARCUS
A
URELIUS,
M
EDITATIONS
, 
 8.26

W
 hen dog trainers are brought in to work with a dysfunctional or unhappy dog, they usually start with one question: “Do you take it for walks?” They ask because dogs were bred to do certain tasks—to do work—and when deprived of this essential part of their nature, they suffer and act out. This is true no matter how spoiled and nice their life might be.

The same is true for humans. When you hear the Stoics brush aside certain emotions or material luxuries, it’s not because they don’t enjoy them. It’s not because the Stoic life is one bereft of happiness or fun. The Stoics simply mean to help us find our essence—to experience the joy of our proper human work.","May 25

Are You Teaching Them Values?

Any system of education which does not inculcate moral values simply furnishes the intellectual equipment whereby men and women can better satisfy their pride, greed and lust.

—Hyman Rickover

It’s true, we want them to go to great schools. We want them to learn as much as possible. This is why we monitor their grades. This is why parents are concerned about changes in curriculum, why they save and invest in order to pay for college.

But are we really focused on the right things? This isn’t just to make the tried-and-true point that education must give our kids actual job skills they can use out in the world. It’s also to question whether our kids are being taught how to be good people—at home, in the classroom, and out in the world.

Plenty of children go to expensive private schools or make it to the Ivy League. Yet they end up being corrupt politicians or soulless businesspeople who devastate industries. Plenty of children learn how to succeed but are deprived of the skills and the decency necessary to manage this success ethically and responsibly.

The purpose of education is not to make your kids more selfish, more greedy, more convinced of their own ideas or superiority. No, it’s to make them better citizens, better human beings, and hopefully, someday, better parents themselves."
2025-05-26,"May 26



“I’m constantly amazed by how easily we love ourselves above all others, yet we put more stock in the opinions of others than in our own estimation of self. . . . How much credence we give to the opinions our peers have of us and how little to our very own!”

—
M
ARCUS
A
URELIUS,
M
EDITATIONS
, 
 12.4

H
 ow quickly we can disregard our own feelings about something and adopt someone else’s. We think a shirt looks good at the store but will view it with shame and scorn if our spouse or a coworker makes an offhand remark. We can be immensely happy with our own lives—until we find out that someone we don’t even like has more. Or worse and more precariously, we don’t feel good about our accomplishments or talents until some third party validates them.

Like most Stoic exercises, this one attempts to teach us that although we control our own opinions, we don’t control what other people think—about us least of all. For this reason, putting ourselves at the mercy of those opinions and trying to gain the approval of others are a dangerous endeavor.

Don’t spend much time thinking about what other people think. Think about what you
 think. Think instead about the results, about the impact, about whether it is the right thing to do
 .","May 26

Epithets for Your Kid

One of the most interesting passages in Marcus Aurelius’s Meditations is this one:

Epithets for yourself: Upright. Modest. Straightforward. Sane. Cooperative. Try not to exchange for others.

These were essentially the words Marcus wanted to live by—his principles expressed in the fewest syllables possible. What if, as a parent, you sat down—ideally with your coparent—and fleshed out what those words mean for each of your children too? As in, what kind of kid are you trying to raise? What are the watchwords that you are attempting to move them toward with the choices you make as parents?

Some obvious ones: Kind. Loyal. Moral. Honest.

And maybe some more specific ones to help them succeed in the world: Creative. Bilingual. Hardworking. Lifelong learner.

Maybe to some parents it’s important for their kids to be athletic. For others, that they be readers. For others still, that their kids live a life of service. There is a lot of room here for choice and, thankfully, most of the answers you come up with will be right. The important thing is not so much which epithets you choose but that you have chosen at all.

For, if you don’t know what you’re aiming for, how can you expect to hit a target? How do you know you’re not accidentally teaching them to exchange one epithet for another? The truth is you can’t. So get writing."
2025-05-27,"May 27



“Well-being is realized by small steps, but is truly no small thing.”

—
Z
ENO, QUOTED IN
D
IOGENES
L
AERTIUS,
L
IVES OF THE
E
MINENT
P
HILOSOPHERS
, 
 7.1.26

T
 he famous biographer Diogenes Laertius attributes this quote to Zeno but admits that it might have also been said by Socrates, meaning that it may be a quote of a quote of a quote. But does it really matter? Truth is truth.

In this case, the truth is one we know well: the little things add up. Someone is a good person not because they say they are, but because they take good actions. One does not magically get one’s act together—it is a matter of many individual choices. It’s a matter of getting up at the right time, making your bed, resisting shortcuts, investing in yourself, doing your work. And make no mistake: while the individual action is small, its cumulative impact is not.

Think about all the small choices that will roll themselves out in front of you today. Do you know which are the right way and which are the easy way? Choose the right way, and watch as all these little things add up toward transformation.","May 27

The Main Thing We Have to Teach Them

Michael Schur’s fun book of moral philosophy, How to Be Perfect, ends with a meditation on what is one of the toughest jobs for even the wisest and best of us: how to pass the important lessons of life on to our kids.

This passage captures perfectly what those lessons are:

You are people on earth. You are not alone here, and that means you owe the other people on earth certain things. What you owe them, more or less, is to live by rules they wouldn’t reject as unfair (assuming they’re decent, reasonable people).

He has a great little exercise for his kids to remember too. As you go through life and are thinking about doing something, he says, ask if your brother or sister would think it was a good idea. Then keep going, and ask if a friend would think it was a good idea, or a teacher, even a kid you don’t like but think is smart. Explaining Kant’s categorical imperative to a five-year-old, ask, “Would it be okay if everyone did this? What would the world be like if every single person were allowed to do whatever I’m about to do?”

The way to raise decent and kind human beings is to teach them how their actions affect other people, what their obligations to other people are. You don’t have to be a philosopher to pull that off . . . just a good and decent person yourself."
2025-05-28,"May 28



“The first thing to do—don’t get worked up. For everything happens according to the nature of all things, and in a short time you’ll be nobody and nowhere, even as the great emperors Hadrian and Augustus are now. The next thing to do—consider carefully the task at hand for what it is, while remembering that your purpose is to be a good human being. Get straight to doing what nature requires of you, and speak as you see most just and fitting—with kindness, modesty, and sincerity.”

—
M
ARCUS
A
URELIUS,
M
EDITATIONS
, 
 8.5

I
 magine, for a second, what Marcus’s life as an emperor must have been like. He would preside over the Senate. He would lead the troops in battle, direct the grand strategy of the army as its highest commander. He would also hear appeals—from citizens, from lawyers, from foreign governments. In other words, like most people in power, he was called on to make decisions: all day, every day, decision after decision.

His formula for decision making is a battle-tested method for doing and acting right—literally. Which is why we ought to try to use it ourselves.

First, don’t get upset—because that will color your decision negatively and make it harder than it needs to be.

Second, remember the purpose and principles you value most. Running potential actions through this filter will eliminate the bad choices and highlight the right ones.

Don’t get upset.

Do the right thing.

That’s it.","May 28

It’s Usually Not an Accident

Florence Nightingale was an incredible woman. She revolutionized nursing. She saved thousands of lives. This came as a surprise to the high society of Victorian England, because women weren’t supposed to do career type things, let alone something as hands-on as work in a hospital.

But anyone who looked at Florence’s family tree should not have been surprised. She wasn’t just some saint who came from nowhere. Her great-grandfather was a philanthropist who supported the American Revolution, even donating large chunks of his holdings in Savannah to the cause. His son—Florence’s grandfather—was a member of the British House of Commons and a leading abolitionist in the UK. The fact that his daughter, Fanny (Florence’s mother), didn’t seem to care much about the less fortunate was the exception, not the rule, in their family.

It wasn’t an accident that Florence Nightingale was inclined to charity and selflessness. She learned it in the fashion that all great traditions are created—from the choices made by family. She was inspired by her ancestors.

We can’t choose the family tree from which we spring. But as parents we can choose who in our family tree we look to for guidance. We can, like Florence Nightingale, pick which family members to be inspired by, whose example to follow. As parents, we can choose which branches of the family to tell our kids about, which stories we want to highlight and which lessons we want to fill their heads with.

Raising great, selfless, courageous kids is not an accident. They aren’t sui generis or ex nihilo. They come from a tradition. They come from us."
2025-05-29,"May 29



“Work nourishes noble minds.”

—
S
ENECA,
M
ORAL
L
ETTERS
, 
 31.5

Y
 ou know that feeling you get when you haven’t been to the gym in a few days? A bit doughy. Irritable. Claustrophobic. Uncertain. Others get a similar feeling when they’ve been on vacation for too long or right after they first retire. The mind and the body are there to be used—they begin to turn on themselves when not put to some productive end.

It’s sad to think that this kind of frustration is an everyday reality for a lot of people. They leave so much of their potential unfulfilled because they have jobs where they don’t really do much or because they have too much time on their hands. Worse is when we try to push these feelings away by buying things, going out, fighting, creating drama—indulging in the empty calories of existence instead of finding the real nourishment.

The solution is simple and, thankfully, always right at hand. Get out there and work.","May 29

Always Think About How Other People Are Doing

Perhaps you’re familiar with the scene in the Bible where Moses—aided by God—parts the Red Sea. It was a miracle of epic proportions that allowed the Israelites to race through and escape the Egyptians who were chasing them. Less known about the miracle is what happened next. When Moses released the sea, the Egyptians were trapped. The water crashed around them and thousands perished.

Naturally, the Israelites broke out in song and celebration. As the angels went to join them, God rebuked them, according to the Talmud. “How dare you sing for joy,” it was written, “when My creatures are dying.”

Whether any of these events actually occurred is beside the point—it doesn’t change the lesson. It is easy in the midst of victory and success to think of how wonderful this is for you. It’s also easy to forget whom you defeated and what your victory has cost them. It’s not unlikely that they’ve lost more than you’ve gained.

We must be careful to be good sports in this life, to be empathetic and caring enough to realize that things are not always as great for other people as they are for us. “Rejoice not when thine enemy falleth, and let not thine heart be glad when he stumbleth,” the Bible says in Proverbs 24:17.

It’s these kinds of ancient and timeless lessons that we must pass along to our children. You can still enjoy what you have, and you should still want to win in life. But don’t be so clueless as to think that other people are not suffering; don’t be so self-absorbed as to not care. And don’t raise children who are indifferent to either."
2025-05-30,"May 30



“I can’t call a person a hard worker just because I hear they read and write, even if working at it all night. Until I know what a person is working for, I can’t deem them industrious. . . . I can
 if the end they work for is their own ruling principle, having it be and remain in constant harmony with Nature.”

—
E
PICTETUS,
D
ISCOURSES
, 
 4.4.41; 
 43

W
 hat are the chances that the busiest person you know is actually the most productive? We tend to associate busyness with goodness and believe that spending many hours at work should be rewarded.

Instead, evaluate what
 you are doing, why
 you are doing it, and where
 accomplishing it will take you. If you don’t have a good answer, then stop.","May 30

You Make Debts Your Children Must Pay

Nobody wrote more beautifully about the history of conquest and adventure than Theodore Roosevelt. Nobody wrote more poetically about war and glory and empire than Rudyard Kipling.

In the end, though, these things left them grieving the sons they loved so much. Roosevelt lost his son Quentin, shot down over France. Kipling lost his son Jack in the trenches in 1915, so destroyed by “shot and shell” that they never identified the body. Roosevelt was broken by the loss of his eldest boy and followed him soon to the grave. Kipling, who had written “If” to his son when he was just twelve years old, would write one of his last poems in grief:

“Have you news of my boy Jack?”

Not this tide.

“When d’you think that he’ll come back?”

Not with this wind blowing, and this tide.

These were tragic, devastating events that no parent should ever have to experience. But it’s also indisputable that these two great men were not blameless in their occurrence—not only because of the pressure and impossible expectations they put on their children but because they were part of a generation that had encouraged, celebrated, and glibly supported the policies that led to the carnage that claimed their sons.

It’s a cautionary tale for all parents. Our generation, just like all past generations, makes decisions in the present that have consequences borne primarily by future generations. Our children and grandchildren will live in the world created by your choices . . . and you yourself may live long enough for it to break your heart."
2025-05-31,"May 31



“What is your vocation? To be a good person.”

—
M
ARCUS
A
URELIUS,
M
EDITATIONS
, 
 11.5

T
 he Stoics believed, above all else, that our job on this earth is to be a good human being. It is a basic duty, yet we are experts at coming up with excuses for avoiding it.

To quote Belichick again: “Do your job.”

","May 31

A Theory About Life

In the 1930s, languishing in college and struggling to live up to the expectations of his illustrious family, a young Walker Percy wrote a letter to his uncle and adopted father, Will Percy. He probably expected to receive a lecture about his grades in reply. Or to be admonished for letting the family down. Or perhaps to be sent money for a tutor.

But the reply surprised him. Because there wasn’t any of that. Instead, Will waved off those concerns, telling Walker:

My whole theory about life is that glory and accomplishment are of far less importance than the creation of character and the individual good life.

Isn’t that wonderful? Isn’t that exactly what every stressed, self-critical, confused kid needs to hear about life? Who you are is more important than what you do. I’d rather you be good than successful. Character is more important than cash.

It can be easy to lose sight of this. We all know how competitive the world is, and we see the potential our kids have. We don’t want them to make the same mistakes we did. But ultimately, those things will take care of themselves if we raise them right.

The ancients knew that character was fate, and we need to remember that with our own kids. The good life, a life lived well, full of doing good, will be a successful life—and a more important one too."
2025-06-01,"June 1



“Indeed, no one can thwart the purposes of your mind—for they can’t be touched by fire, steel, tyranny, slander, or anything.”

—
M
ARCUS
A
URELIUS,
M
EDITATIONS
, 
 8.41

O
 bstacles are a part of life—things happen, stuff gets in our way, situations go awry. But nothing can stop the Stoic mind when it’s operating properly, because in every course of action, it has retained “a reverse clause.”

What’s that? It’s a backup option. If a friend betrays us, our reverse clause is to learn from how this happened and how to forgive this person’s mistake. If we’re thrown in prison, our reverse clause is that we can refuse to be broken by this change of events and try to be of service to our fellow prisoners. When a technical glitch erases our work, our reverse clause is that we can start fresh and do it better this time. Our progress can be impeded or disrupted, but the mind can always be changed—it retains the power to redirect the path.

Part of this is remembering the usual course of things—Murphy’s Law states that “if anything can go wrong, it will.” So we keep this reverse clause handy because we know we’re probably going to have to use it. No one can thwart that.","June 1

It’s Okay to Ask for Help

Don’t be ashamed to need help. Like a soldier storming a wall, you have a mission to accomplish. And if you’ve been wounded and you need a comrade to pull you up? So what?

—Marcus Aurelius

If your kid was struggling, you’d want them to tell you, right? If they didn’t understand something in class, you’d want them to ask the teacher. If your neighbor needed something, you wouldn’t mind if they mentioned it. If your spouse was overwhelmed and needed a hand, you’d expect them to come to you.

Okay. But what about you? Are you okay? More important, are you asking for help where you need it when you are not okay?

Remember, we have to model the behavior we want our kids to learn. So if you refuse to ask for directions when you’re obviously lost, what does that tell them? If you refuse to admit you don’t know something, and you make up an answer to a question instead of looking it up with them, what does that show them about learning and problem-solving? Why would they be okay being vulnerable with a doctor or a therapist, with Mom and Dad, if they have been regularly shown that this is something to be ashamed of?

But this is about more than even that. You can’t be a good parent if you’re hurting and not getting help. You can’t be a good parent all by yourself. None of us are islands or invincible or omniscient. To do our best, we have to be able to learn, to rely on others, to admit mistakes, to ask for help. Show them that it’s okay to ask for help. Be better, for them, by asking for the help you know that you need."
2025-06-02,"June 2



“How beautifully Plato put it. Whenever you want to talk about people, it’s best to take a bird’s-eye view and see everything all at once—of gatherings, armies, farms, weddings and divorces, births and deaths, noisy courtrooms or silent spaces, every foreign people, holidays, memorials, markets—all blended together and arranged in a pairing of opposites.”

—
M
ARCUS
A
URELIUS,
M
EDITATIONS
, 
 7.48

T
 here is a beautiful dialogue called “Icaromenippus, an Aerial Expedition” by the poet Lucian in which the narrator is given the ability to fly and sees the world from above. Turning his eyes earthward, he sees how comically small even the richest people, the biggest estates, and entire empires look from above. All their battles and concerns were made petty in perspective.

In ancient times, this exercise was only theoretical—the highest anyone could get was the top of a mountain or a building a few stories tall. But as technology has progressed, humans have been able to actually take that bird’s-eye view—and greater.

Edgar Mitchell, an astronaut, was one of the first people to see the earth from outer space. As he later recounted:

“In outer space you develop an instant global consciousness, a people orientation, an intense dissatisfaction with the state of the world, and a compulsion to do something about it. From out there on the moon, international politics look so petty. You want to grab a politician by the scruff of the neck and drag him a quarter of a million miles out and say, ‘Look at that, you son of a bitch.’”

Many a problem can be solved with the perspective of Plato’s view. Use it.","June 2

The Most Important Decision You Make

The most important decision you make is to be in a good mood.

—Voltaire

When you’re in a bad mood, you know what your kids are thinking? They think it has something to do with them. They don’t understand all the responsibility you’re shouldering. They don’t know about the coworker whose stupidity you had to put up with all day or your boss’s short temper and unrealistic expectations. They can’t see the stress all this stuff puts you under. These are all complex emotional issues that are hard for a young kid to understand, especially when the issues are outside their own lived experience.

Our moods and choices and the examples we set are affecting our kids always, changing how they see the world and how they see themselves. How we are managing all this stuff makes them feel better or worse, worthwhile or worthless, safe or vulnerable. And in the process, we are creating a pattern for them that becomes hard not to follow—for better or for worse.

Your kids are either suffering or benefiting from your moods and emotions. Behave accordingly."
2025-06-03,"June 3



“He can’t serve in the military? Let him seek public office. Must he live in the private sector? Let him be a spokesperson. Is he condemned to silence? Let him aid his fellow citizens by silent public witness. Is it dangerous to enter the Forum? Let him display himself, in private homes, at public events and gatherings, as a good associate, faithful friend, and moderate tablemate. Has he lost the duties of a citizen? Let him exercise those of a human being.”

—
S
ENECA,
O
N
T
RANQUILITY OF
M
IND
, 
 4.3

S
 hortly before his death, as victory in the Civil War was finally within his grasp, Lincoln told a story to an audience of generals and admirals about a man who had approached him for a high-ranking government appointment. First, the man asked if he might be made a foreign minister. Upon being turned down, the man asked for a more modest position. Upon being turned down again, he asked for a job as a low-level customs officer. Finding he could not get even that, he finally just asked Lincoln for an old pair of trousers. “Ah,” Lincoln laughed as he concluded the story, “it is well to be humble.”

This story embodies the flexibility and determination of Stoicism. If we can’t do this
 , then perhaps we can try that.
 And if we can’t do that,
 then perhaps we can try some other
 thing. And if that thing is impossible, there is always another. Even if that final thing is just being a good human being—we always have some opportunity to practice our philosophy, to make some contribution.","June 3

Transcend This Bitter Math

When you get married, you give away fifty percent of your life,” the novelist Susan Straight was warned by her mother. “What about the other half?” a young Susan asked hopefully. “When you have a baby, you give away the other half,” her mother replied matter-of-factly.

Yikes.

Yes, marriage and relationships are hard. And in the past, they have been particularly and oppressively cruel to women. For all time, having kids has forced parents to make changes. They deprive us of sleep and money and freedoms we used to take for granted. But does that mean we have to lose ourselves, lose all our freedoms? Absolutely not.

We can transcend the bitter math. By working on ourselves and our relationships. By asking for help. By refusing to give up on dreams, even as we get older. By focusing on all the things that marriage and kids give us too, all the experiences we’ve gained and the opportunities created.

To quit on ourselves is to quit on our kids—it’s teaching them a terrible lesson."
2025-06-04,"June 4



“Why then are we offended? Why do we complain? This is what we’re here for.”

—
S
ENECA,
O
N
P
ROVIDENCE
, 
 5.7
b
–8

N
 o one said life was easy. No one said it would be fair.

Don’t forget, though, that you come from a long, unbroken line of ancestors who survived unimaginable adversity, difficulty, and struggle. It’s their genes and their blood that run through your body right now. Without them, you wouldn’t be here.

You’re an heir to an impressive tradition—and as their viable offspring, you’re capable of what they are capable of. You’re meant for this. Bred for it.

Just something to keep in mind if things get tough.","June 4

Protect Your Wealth

The greatest of follies is to sacrifice health for any other kind of happiness.

—Arthur Schopenhauer

Of course, our job is to provide for our kids. To work hard. To spend wisely. To save judiciously. To put away some money, if not for their future, then to have the financial wherewithal to make sure their needs are met and our family is protected in case of emergency. But all that work on our financial health will take us only so far if we don’t pay similar attention to our mental health.

Wealth comes in forms other than money. Charlamagne tha God, a bestselling author and host of the radio show The Breakfast Club, has helped popularize the concept of mental wealth. Meaning: your sanity, your well-being, your happiness. It’s really hard to be a good parent, to truly provide, when you’re stretched way too thin, when you’re depressed, when you haven’t cultivated the friendships and resources critical to maintaining good mental health.

Just as you seek to protect your financial wealth, make sure you are protecting your mental wealth. Don’t feel bad spending money on a therapist. Or a book. Or even deciding to pass on that overtime opportunity because you’re just too tired. Your sanity, your clarity, your well-being—these things are essential. It’s not selfish to take care of them. It’s selfless. Because your job is to be the best parent you can be. And that is going to require a full store of mental wealth."
2025-06-05,"June 5



“We cry to God Almighty, how can we escape this agony? Fool, don’t you have hands? Or could it be God forgot to give you a pair? Sit and pray your nose doesn’t run! Or, rather just wipe your nose and stop seeking a scapegoat.”

—
E
PICTETUS,
D
ISCOURSES
, 
 2.16.13

T
 he world is unfair. The game is rigged. So-and-so has it out for you. Maybe these theories are true, but practically speaking—for the right here and now—what good are they to you? That government report or that sympathetic news article isn’t going to pay the bills or rehab your broken leg or find that bridge loan you need. Succumbing to the self-pity and “woe is me” narrative accomplishes nothing—nothing except sapping you of the energy and motivation you need to do something about your problem.

We have a choice: Do we focus on the ways we have been wronged, or do we use what we’ve been given and get to work? Will we wait for someone to save us, or will we listen to Marcus Aurelius’s empowering call to “get active in your own rescue—if you care for yourself at all—and do it while you can.” That’s better than just blowing your own nose (which is a step forward in itself).","June 5

You Have to Take Care of Yourself Too

When I first began to write . . . I needed to use the time before they said, Mama—and that was always around five in the morning.

—Toni Morrison

One thing far too many parents have in common is that they are always putting off taking care of themselves. I’ll start going to the gym once they’re out of this sleep regression. I’ll start eating better once they’re less picky about food. My wife and I will get our relationship back on track once the kids move out.

This may come from a good place, but the results are good for no one. You have to take care of yourself. Now! You think your terrible eating habits aren’t contributing to your temper? Of course you’re grouchy—you feel like a disgusting piece of crap! You think you’re doing your kids a favor by shortening your life span? You think you’re modeling what a good person looks like when you’re struggling to get up the stairs or pick up a bag of groceries? You think you’re making them feel safe and loved by letting your relationship bleed out on the dining room table?

You have to take care of yourself. For them. For you. Because you’ll be a better parent if you’re healthy, happy, and wise. Don’t put this off. It’s not selfish. It’s essential."
2025-06-06,"June 6



“Think of those who, not by fault of inconsistency but by lack of effort, are too unstable to live as they wish, but only live as they have begun.”

—
S
ENECA,
O
N
T
RANQUILITY OF
M
IND
, 
 2.6
b

I
 n The Dip
 , Seth Godin draws an interesting analogy from the three types of people you see in line at the supermarket. One gets in a short line and sticks to it no matter how slow it is or how much faster the others seem to be going. Another changes lines repeatedly based on whatever he thinks might save a few seconds. And a third switches only once—when it’s clear her line is delayed and there is a clear alternative—and then continues with her day. He’s urging you to ask: Which type are you?

Seneca is also advising us to be this third type. Just because you’ve begun down one path doesn’t mean you’re committed to it forever
 , especially if that path turns out to be flawed or impeded. At that same time, this is not an excuse to be flighty or incessantly noncommittal. It takes courage to decide to do things differently and to make a change, as well as discipline and awareness to know that the notion of “Oh, but this looks even
 better” is a temptation that cannot be endlessly indulged either.","June 6

It Takes a Team

It’s impossible to do this all, isn’t it? We have all the tasks, responsibilities, and aspirations we’ve always had—eating and sleeping and working and paying our taxes and taking out the trash and following our dreams—but now we have little people to care for on top of all that. Little helpless people with infinite needs. How can we do it all?

Ursula Le Guin was a full-time writer. She was prolific, publishing twenty-three novels, thirteen children’s books, twelve volumes of short stories, eleven volumes of poetry, five essay collections, and four works of translation. Additionally, she worked as an editor and taught college undergraduate classes.

Oh . . . she was also the mother of three and the wife of a history professor, Charles Le Guin.

How did she do it all? How did he do it all? They didn’t.

“One person cannot do two full-time jobs,” Le Guin once explained. “Writing is a full-time job and so is children. But two people can do three full-time jobs. . . . That’s why I’m so strong on partnership. It can be a great thing.”

Parenting is so hard to do alone; so hard. For too long, too many mothers had to do it alone, were forced to sacrificed alone. But, of course, we are stronger when we, our children’s parents, parent together. We go farther, together. It’s one of the only ways to make the math work—not just for the benefit of the children, but for the parents as well."
2025-06-07,"June 7



“We like to say that we don’t get to choose our parents, that they were given by chance—yet we can truly choose whose children we’d like to be.”

—
S
ENECA,
O
N THE
B
REVITY OF
L
IFE
, 
 15.3
a

W
 e are fortunate enough that some of the greatest men and women in history have recorded their wisdom (and folly) in books and journals. Many others have had their lives chronicled by a careful biographer—from Plutarch to Boswell to Robert Caro. The literature available at your average library amounts to millions of pages and thousands of years of knowledge, insight, and experience.

Maybe your parents were poor role models, or you lacked a great mentor. Yet if we choose to, we can easily access the wisdom of those who came before us—those whom we aspire to be like.

We not only owe it to ourselves to seek out this hard-won knowledge, we owe it to the people who took the time to record their experiences to try to carry on the traditions and follow their examples—to be the promising children of these noble parents.","June 7

You Need to Take This Time

If one sets aside time for a business appointment, a trip to the hairdresser, a social engagement, or a shopping expedition, that time is accepted as inviolable. But if one says: I cannot come because that is my hour to be alone, one is considered rude, egotistical, or strange.

—Anne Morrow Lindbergh

Certainly, someone always needed him for something. His wife, one of his thirteen kids, a courtier, the pressing business of state. But for a few minutes to an hour every day—sometimes in the morning, sometimes in the evening—Marcus Aurelius was unreachable. The twentieth-century American philosopher Brand Blanshard marvels at what Marcus accomplished there in the “midnight dimness,” alone with his journal and his thoughts. It didn’t matter where he was or what was happening; Marcus stole the time to sit and think and write.

Do you do that? Do you take this time?

James Clear, author of the wonderful bestseller Atomic Habits, said that since becoming a father, he has carved out “two sacred hours” in the morning to do his writing. Sometimes he gets more, but never less. Those two hours determine whether he has a good day or a wasted day, whether he is productive and making progress . . . or slacking.

A few minutes or a few hours—in the morning, at night, or in the middle of the day—this idea of sacred time is important. You have to carve it out. You have to stick to the schedule like clockwork, protect it as you would a doctor’s appointment or a big meeting. Of course, this isn’t the only time you’ll need. It’s just the minimum. So make sure you give it to—or take it for—yourself.

You’ll marvel at what you can accomplish in those few sacred minutes that you’ve kept all to yourself."
2025-06-08,"June 8



“You must build up your life action by action, and be content if each one achieves its goal as far as possible—and no one can keep you from this. But there will be some external obstacle! Perhaps, but no obstacle to acting with justice, self-control, and wisdom. But what if some other area of my action is thwarted? Well, gladly accept the obstacle for what it is and shift your attention to what is given, and another action will immediately take its place, one that better fits the life you are building.”

—
M
ARCUS
A
URELIUS,
M
EDITATIONS
, 
 8.32

E
 lite athletes in collegiate and professional sports increasingly follow a philosophy known as “The Process.” It’s a philosophy created by University of Alabama coach Nick Saban, who taught his players to ignore the big picture—important games, winning championships, the opponent’s enormous lead—and focus instead on doing the absolutely smallest things well—practicing with full effort, finishing a specific play, converting on a single possession. A season lasts months, a game lasts hours, catching up might be four touchdowns away, but a single play is only a few seconds. And games and seasons are constituted
 by seconds.

If teams follow The Process, they tend to win. They overcome obstacles and eventually make their way to the top without ever having focused on the obstacles directly. If you follow The Process in your life—assembling the right actions in the right order, one right after another—you too will do well. Not only that, you will be better equipped to make quick work of the obstacles along that path. You’ll be too busy putting one foot in front of the next to even notice the obstacles were there.","June 8

This Is When You Are Happiest

Before his tragic death, Anthony Bourdain gave an interview where he explained that he was “never happier than when I’m standing in the backyard being, like, TV dad.” His life had been so exotic and glamorous before fatherhood, filled with travel and fame and money and, of course, delicious food. It had also been filled with struggle—addiction, depression, loss. But there was something so normal, he said, about just having a normal family, standing in the backyard, wearing an apron, flipping burgers. “When I find myself doing that,” he said, “I am, like, ridiculously stupid happy.”

It would not be long before Bourdain was found very far from that idyllic backyard, on another trip to film another show. That depression, that addiction, they came with him and ultimately took him very finally away from the thing he loved the most—his family. It’s a sobering reminder to all of us. First, to enjoy the present while we have it. Second, to remember how little we actually need in order to be happy, how wonderful the ordinary moments can be. Third, to understand how quickly it can all be taken away.

If you’re struggling with addiction, if you’re in that dark hole of depression, please just know that as difficult as it is to fight, to break free and climb out, the simple joys and tenderness and compassion you will find in victory with those you love will come with equal ease and ridiculously stupid happiness."
2025-06-09,"June 9



“There is no vice which lacks a defense, none that at the outset isn’t modest and easily intervened—but after this the trouble spreads widely. If you allow it to get started you won’t be able to control when it stops. Every emotion is at first weak. Later it rouses itself and gathers strength as it moves along—it’s easier to slow it down than to supplant it.”

—
S
ENECA,
M
ORAL
L
ETTERS
, 
 106.2
b
–3
a

“R
 ivers,” Publilius Syrus reminds us with an epigram, “are easiest to cross at their source.” That’s what Seneca means too. The raging waters and deadly currents of bad habits, ill discipline, chaos, and dysfunction—somewhere they began as no more than just a slight trickle. Somewhere they are a placid lake or pond, even a bubbling underground spring.

Which would you rather do—nearly drown in a dangerous crossing in a few weeks or cross now while it’s still easy? It’s up to you.","June 9

They Need Structure (and So Do You)

If a person puts even one measure of effort into following ritual and the standards of righteousness, he will get back twice as much.

—Xunzi

If you talk to a sleep expert about sleep training your infant, they’ll tell you: kids need structure and routine. If you talk to an educational expert about helping your kid do better in school, they’ll tell you: structure and routine. If you talk to a behavioral expert about helping your kid behave, they’ll tell you: structure and routine. Hell, if you talk to a dog trainer, they’ll tell you the same thing about your pet: structure and routine (and exercise).

Pretty much whatever the problem or whatever the issue, structure and routine are the solution. Which makes sense. The world is scary. So much of it is new and overwhelming. But if you give them structure and routine, they can relax because they have less to figure out, less to worry about. Instead, they can explore. They can get comfortable and accept things. They can feel safe.

But what about you? What about Mom and Dad? Do you maintain structure and routine for yourself? You put them to bed at the same time each night, but do you wing it after that? You plan their dinners in advance . . . but what about your lunch at work? You give them quiet playtime in the afternoon and downtime on the weekends. But do you create that kind of regular time for yourself? Structure and routine are essential no matter who or how old you are. They’re important for kids and they’re important for parents.

And guess what—when you keep a routine for yourself . . . it’s easier to keep them on one."
2025-06-10,"June 10



“If you find something very difficult to achieve yourself, don’t imagine it impossible—for anything possible and proper for another person can be achieved as easily by you.”

—
M
ARCUS
A
URELIUS,
M
EDITATIONS
, 
 6.19

T
 here are two kinds of people in this world. The first looks at others who have accomplished things and thinks: Why them? Why not me?
 The other looks at those same people and thinks: If they can do it, why can’t I?

One is zero-sum and jealous (if you win, I lose). The other is non-zero-sum (there’s plenty to go around) and sees the success of others as an inspiration.
 Which attitude will propel you onward and upward? Which will drive you to bitterness and despair?

Who will you be?","June 10

You Are Capable of Change

Ted Williams was a great baseball player, but for a long time, he was a really selfish and ruthless person. He had a horrible, abusive childhood and struggled to find the ability to love or care about anyone.

But Williams’s story has enough hope in it to inspire even the most hard-boiled and reluctant of fathers. Because, over time, Ted Williams started to change. As a friend would say about him:

What’s incredible as an observer was to watch him fall in love with his kids. . . . It was everything against his grain to succumb to this outside influence of children. Love had control over him. He felt vulnerable. A vulnerability he had never had in his life.

This softness started to show itself in little hints, in the oddest and yet most personal of places. It was entries in Williams’s fishing journal, where for the first time he began to write about the kids he had long ignored. It was the signed poster his daughter found under piles of memorabilia after her father’s death that just said, “To my beautiful daughter. I love you. Dad.”

You have that kind of vulnerability now. Those same powerful forces are gnawing at you too, hopefully, and making progress on that tough exoskeleton you developed to protect yourself from the world. You can let this parenthood thing change you. You can let this make you better. You can even begin—no matter how far you are down the road, as Williams was—to make up for mistakes you might have made early in your parenting days. It’s never too late."
2025-06-11,"June 11



“How much more harmful are the consequences of anger and grief than the circumstances that aroused them in us!”

—
M
ARCUS
A
URELIUS,
M
EDITATIONS
, 
 11.18.8

T
 he first rule of holes, goes the adage, is that “if you find yourself in a hole, stop digging.” This might be the most violated piece of commonsense wisdom in the world. Because what most of us do when something happens, goes wrong, or is inflicted on us is make it worse—first, by getting angry or feeling aggrieved, and next, by flailing around before we have much in the way of a plan.

Today, give yourself the most simple and doable of tasks: just don’t make stuff worse. Whatever happens, don’t add angry or negative emotions to the equation. Don’t react for the sake of reacting. Leave it as it is. Stop digging. Then plan your way out.","June 11

Make Sure You Make Time for Crazy

Douglas MacArthur was a man of routine—most military men are. So it shouldn’t surprise us that, when his son, Arthur, was born, he built a family life around routine. But unlike far too many parents who make routine a form of control, MacArthur’s morning routine began with a moment of joy. As William Manchester details in his book American Caesar, it was a kind of scheduled crazy fun:

At about 7:30 A.M. the door of the General’s bedroom would open and the boy would trudge in clutching his favorite toy. . . . MacArthur would instantly bound out of bed and snap to attention. Then the General marched around the room in quickstep while his son counted cadence: “Boom! Boom! Boomity boom!” After they had passed the bed several times, the child would cover his eyes with his hands while MacArthur produced the day’s present: a piece of candy, perhaps, or a crayon, or a coloring book. The ritual would end in the bathroom, where MacArthur would shave while Arthur watched and both sang duets.

No one is too important or too busy to have some crazy time at home. No one is above getting pummeled by their kid in bed. No father should hesitate before singing at the top of his lungs while he shaves. These moments are the best moments. If they’re rare, you’re doing it wrong.

They should be regular, they should be routine."
2025-06-12,"June 12



“In this way you must understand how laughable it is to say, ‘Tell me what to do!’ What advice could I possibly give? No, a far better request is, ‘Train my mind to adapt to any circumstance.’ . . . In this way, if circumstances take you off script . . . you won’t be desperate for a new prompting.”

—
E
PICTETUS,
D
ISCOURSES
, 
 2.2.20
 b–1; 
 24
b
–25
a

I
 t would be nice if someone could show us exactly what to do in every situation. Indeed, this is what we spend a good portion of our lives doing: preparing for this, studying for that. Saving for or anticipating some arbitrary point in the future. But plans, as the boxer Mike Tyson pointed out, last only until you’re punched in the face.

Stoics do not seek to have the answer for every question or a plan for every contingency. Yet they’re also not worried. Why? Because they have confidence that they’ll be able to adapt and change with the circumstances. Instead of looking for instruction, they cultivate skills like creativity, independence, self-confidence, ingenuity, and the ability to problem solve. In this way, they are resilient instead of rigid. We can practice the same.

Today, we will focus on the strategic rather than the tactical. We’ll remind ourselves that it’s better to be taught than simply given
 , and better to be flexible than stick to a script.","June 12

We Are All Complicated

Naturally, we want to be perfect for our kids, in no small part because for the first several years of their lives, to them we can do no wrong, and we want to prove them right. But since we know we’re not perfect, inevitably we feel guilty or inadequate when we let them down—even if they’re unaware of it at the time. This feeling of insufficiency can be so powerful that we are prone to hiding it or lying about it or, worse, acting like hypocrites.

You might think it was devastating for the comedian Pete Davidson, who lost his father on September 11, to learn that his father was far from perfect. His parents’ marriage had not been great (which is why they were separated and divorced not long before that tragic day). His father had done drugs and gotten into trouble more than once in his adult life. As Pete grew older and discovered more and more about his heroic father, who died saving people in the collapse of the Twin Towers, he wasn’t disappointed, he was heartened.

These failings and foibles humanized his father in a way that the stories his friends and family told the then seven-year-old Pete about his dad never could. “It made me realize that he had his own issues,” Pete explained to Judd Apatow in Sicker in the Head. “He had problems just like everybody else. But it also made me realize that even with all that, his morals were still intact, and none of that prevented him from being a hero.”

No one is perfect, least of all you. We are all complicated. We are all works in progress (emphasis, though, on progress). You don’t need to hide it. You don’t need to feel guilty. It won’t prevent you from being great at this most important job . . . nor from being a hero if the moment calls for it."
2025-06-13,"June 13



“Don’t you know life is like a military campaign? One must serve on watch, another in reconnaissance, another on the front line. . . . So it is for us—each person’s life is a kind of battle, and a long and varied one too. You must keep watch like a soldier and do everything commanded. . . . You have been stationed in a key post, not some lowly place, and not for a short time but for life.”

—
E
PICTETUS,
D
ISCOURSES
, 
 3.24.31–36

T
 he writer Robert Greene often uses the phrase “As in war, so in life.” It’s an aphorism worth keeping close, because our life is a battle both literally and figuratively. As a species, we fight to survive on a planet indifferent to our survival. As individuals, we fight to survive among a species whose population numbers in the billions. Even inside our own bodies, diverse bacteria battle it out. Vivere est militare.
 (To live is to fight.)

Today, you’ll be fighting for your goal, fighting against impulses, fighting to be the person you want to be. So what are the attributes necessary to win these many wars?

Discipline

Fortitude

Courage

Clearheadedness

Selflessness

Sacrifice

And which attributes lose wars?

Cowardice

Rashness

Disorganization

Overconfidence

Weakness

Selfishness

As in war, so these attributes matter in daily life.","June 13

Try Not to Give Them Anything Extra

We all have issues. We know that. Our goal as parents is to not pass them on. To stop the cycle of dysfunction. To not let the demons we wrestle with find softer targets in our children.

But even more than that, we can’t let our demons invite new ones to the party. As best we can, we must not inflict more damage or create more issues. This Philip Larkin poem expresses this tendency so perfectly:

They fuck you up, your mum and dad.

They may not mean to, but they do.

Worse, he says, is that they give us not just their own faults but some extra ones too.

The Buddhists speak of samsara, the way that suffering transfers from generation to generation. Why is that? Why is it that suffering rarely ever fully discharges from a generation, leaving the next one free to flourish unhindered? It’s because we don’t do the work. It’s because sometimes we are not even aware of our own suffering. And when we are, and we still don’t do the work, it’s often because we tell ourselves we’re helpless.

Look, we are going to screw up. It’s inevitable. We are imperfect people. It’s impossible that we’ll raise perfect kids. Still, that doesn’t mean we’re helpless against the demons knocking at our door. We can work on ourselves. We can go to therapy so maybe they won’t have to. We can try to be healthy so they’ll grow up thinking that’s normal. We can try to move on from our own anger and frustration and pain so that, at the very least, they do not inherit our burdens."
2025-06-14,"June 14



“Every event has two handles—one by which it can be carried, and one by which it can’t. If your brother does you wrong, don’t grab it by his wronging, because this is the handle incapable of lifting it. Instead, use the other—that he is your brother, that you were raised together, and then you will have hold of the handle that carries.”

—
E
PICTETUS,
E
NCHIRIDION
, 
 43

T
 he famous journalist William Seabrook suffered from such debilitating alcoholism that in 1933 he committed himself to an insane asylum, which was then the only place to get treatment for addiction. In his memoir, Asylum
 , he tells the story of the struggle to turn his life around inside the facility. At first, he stuck to his addict way of thinking—and as a result, he was an outsider, constantly getting in trouble and rebelling against the staff. He made almost no progress and was on the verge of being asked to leave.

Then one day this very quote from Epictetus—about everything having two handles—occurred to him. “I took hold now by the other handle,” he related later, “and carried on.” He actually began to have a good time there. He focused on his recovery with real enthusiasm. “I suddenly found it wonderful, strange, and beautiful, to be sober. . . . It was as if a veil, or scum, or film had been stripped from all things visual and auditory.” It’s an experience shared by many addicts when they finally stop doing things their way and actually open themselves to the perspectives and wisdom and lessons of those who have gone before them.

There is no promise that trying things this way—of grabbing the different handle—will have such momentous results for you. But why continue to lift by the handle that hasn’t worked?","June 14

Keep Your Head Up and Take Another Swing

And now that you don’t have to be perfect, you can be good.

—John Steinbeck

No person has a perfect track record. Certainly no parent does. We all mess up. We all fall short. We make mistakes. We lose our temper and our patience. We handle certain situations in ways we wish we hadn’t.

Is there anything worse than that feeling? Knowing that you screwed up? That you might have hurt them?

Shane Parrish, creator of the wildly popular Farnam Street blog, explained:

I remember calling my late mom one night, exhausted and feeling overwhelmed. I had lost my cool on the kids. She gave me a piece of advice that stuck with me, “If you don’t learn to let go of your mistakes today, they’ll compound tomorrow. Get some sleep and start again tomorrow.” I still remember that when I have bad parenting days. Tomorrow I’ve got to get up and start all over.

You can’t go back and undo what you did yesterday. You can’t erase from their memories that time you lost your cool or that time you said those regrettable things. But what you can do is make this just one memory among many greater, more positive ones. What you can do is show them that this one moment isn’t who you are. You can strive to get better.

Keep your head up. Step up. Try again tomorrow."
2025-06-15,"June 15



“To the youngster talking nonsense Zeno said, ‘The reason why we have two ears and only one mouth is so we might listen more and talk less.’”

—
D
IOGENES
L
AERTIUS,
L
IVES OF
E
MINENT
P
HILOSOPHERS
, 
 7.1.23

W
 hy do the wise have so few problems compared with the rest of us? There are a few simple reasons.

First, the wise seem to manage expectations as much as possible. They rarely expect what isn’t possible in the first place.

Second, the wise always consider both the best and worst case scenarios. They don’t just think about what they wish
 to happen, but also what very realistically can
 happen if things were to suddenly turn.

Third, the wise act with a reverse clause—meaning that they not only consider what might go wrong, but they are prepared for that to be exactly what they want
 to happen—it is an opportunity for excellence and virtue.

And if you follow it today, you too will find that nothing surprises you or happens contrary to your expectations.","June 15

This Is the Secret

When you look at successful people with kids, it can be easy to marvel at all they’ve accomplished: How do they do it? How do they get it all done?

Fortunately, there is an answer, and it’s definitely not magic: They have help. They have nannies and tutors and house managers. They have chiefs of staff. They have personal assistants. They have personal trainers. That’s how they get it all done. If you could afford it, you’d be just as efficient and seemingly carefree as them.

Now, the point of explaining this is not to make you jealous or to point out the inequities of our society. In fact, it’s the opposite: it’s to nudge you into following in their footsteps. Of course, hiring a full-time staff is beyond most of our capabilities, but surely there are things you are doing that you don’t have to do, that you could afford to pay someone to do for you. And yet you continue to do them . . . Why? Because your dad changed the oil in his car? Because your mom always served home-cooked meals? Because you feel guilty outsourcing this or that?

C’mon. Forget the gender roles. Forget “the way things used to be.” The way things used to be almost invariably involved parents spending way less time with their kids than we do now.

Take a minute today and calculate what an hour of your time is worth. Think about how much more present you could be for your kids if there were less on your plate. You don’t have to outsource everything, hire help for everything, but you don’t have to do everything yourself either.

Get help."
2025-06-16,"June 16



“Don’t be ashamed of needing help. You have a duty to fulfill just like a soldier on the wall of battle. So what if you are injured and can’t climb up without another soldier’s help?”

—
M
ARCUS
A
URELIUS,
M
EDITATIONS
, 
 7.7

N
 o one ever said you were born with all the tools you’d need to solve every problem you’d face in life. In fact, as a newborn you were practically helpless. Someone helped you then, and you came to understand that you could ask for that help. It was how you knew you were loved.

Well, you are still loved. You can ask anyone for help. You don’t have to face everything on your own.

If you need help, comrade, just ask.","June 16

Do as You Say

It was on an ordinary day that Jimmy Carter’s father pulled his son aside for a conversation. “Jimmy,” he said (and he never called his son Jimmy), “I need to talk to you about something important.” “Yes, sir, Daddy,” Jimmy replied. “There is something I want you to promise me,” his father continued. “I don’t want you to smoke a cigarette until you are twenty-one years old.”

This was the late 1930s, when something like 40 percent of the population smoked and cigarettes could still be marketed to children with advertisements that made claims like “More doctors smoke Camels than any other cigarette!” Carter’s dad himself was hopelessly hooked too. “I won’t,” Jimmy promised. And then his father sweetened the deal: “When the time comes, I’ll give you a gold watch.”

When he was twenty-one years old, then in the Naval Academy, young Jimmy Carter finally tried smoking. By then, it was too late. He’d missed his window and he hated it. He never smoked another. Tragically, Carter’s mother and three of his siblings followed in his father’s footsteps. Each one of them died of pancreatic cancer. Carter, as of this writing, is still alive at age ninety-eight.

When it comes to the important things with lifelong implications, you have to make them promise, as Carter’s father did. But you also have to learn from his failure and lead by example. The costs of not doing it could be everything."
2025-06-17,"June 17



“Fortune doesn’t have the long reach we suppose, she can only lay siege to those who hold her tight. So, let’s step back from her as much as possible.”

—
S
ENECA,
M
ORAL
L
ETTERS
, 
 82.5
b
–6

M
 achiavelli, who supposedly admired Seneca, says in The Prince
 that “fortune is a woman, and it is necessary, in order to keep her down, to beat her and struggle with her.” Even for the sixteenth century, it’s pretty horrifying imagery. But for a ruthless and endlessly ambitious ruler, it was par for the course. Is that the nasty lifestyle you’re after?

Now compare that view with Seneca’s. Not only is he saying that the more you struggle with fortune, the more vulnerable you are to it, but he’s also saying that the better path to security is in the “impregnable wall” of philosophy. “Philosophy,” he says, helps us tame the “mad frenzy of our greed and tamps down the fury of our fears.”

In sports or war, the metaphor here would be the choice between a strategy of endless, exhausting offense and a strategy of resilient, flexible defense. Which will you play? What kind of person are you?

Only you can answer that question. But you would be remiss not to consider the ultimate end of most of the princes in Machiavelli’s book—and how few of them died happily in bed, surrounded by their loved ones.","June 17

Find Your People

Keep company only with people who uplift you, whose presence calls forth your best.

—Epictetus

Michael Chabon was worried about his son, as all fathers worry. His son seemed lonely, seemed uninterested in the things his peers liked. Then one day, they found themselves at some type of fashion industry event as part of Chabon’s work. And his son was fascinated.

These creative and artistic people were so unlike the parents of his friends or the kids at his school. He came alive with a kind of infectious excitement that was reciprocated kindly by the other attendees. After the event, Chabon looked at his son, who seemed suddenly possessed of a confidence and purpose he didn’t have before. “You were with your people,” Chabon said to him. “You found them.” His son nodded. With both pride and understanding, all Chabon could say was, “That’s good. You’re early.”

We need to help our kids find “their people,” but nothing would benefit us more than doing the same. The ancient proverb is: “If you dwell with a lame man, you will learn how to limp.” We become like the people we spend the most time with. The random people you went to school with or met through work or your kid’s friend’s parents? Don’t settle!

Find your people. Lean on their support. Let them make you a better parent."
2025-06-18,"June 18



“Let Fate find us prepared and active. Here is the great soul—the one who surrenders to Fate. The opposite is the weak and degenerate one, who struggles with and has a poor regard for the order of the world, and seeks to correct the faults of the gods rather than their own.”

—
S
ENECA,
M
ORAL
L
ETTERS
, 
 107.12

W
 hatever happens today, let it find us prepared and active: ready for problems, ready for difficulties, ready for people to behave in disappointing or confusing ways, ready to accept and make it work for us. Let’s not wish we could turn back time or remake the universe according to our preference. Not when it would be far better and far easier to remake ourselves.","June 18

All That Matters Is This

Flea, one of the greatest musicians of all time, was a longtime dabbler in drugs and alcohol. Unlike his Red Hot Chili Peppers bandmates, Flea never got fully strung out. Drugs never blew up his life or turned him into a zombie. He knew it wasn’t healthy, but he told himself he was managing the habit successfully—never taking drugs around his kids or blowing opportunities because of them. So why did he suddenly get sober?

He explained it in an interview with the comedian and podcaster Marc Maron:

I remember having a talk with someone once . . . about being a dad, and my daughter was about four years old or something. And I would get high when I was away from her or whatever, and say, “Oh, I don’t do it when I’m around her.” And they said, like, “All that matters as a parent is to be present for your kid and be communicative. And you have to be communicating with them when you’re not around them.” You have to be—it’s like being in a state where you’re always there for them. Like your spirit is always available whenever they need you. And that really resonated with me. And I love my kids so much and I was just like, “That’s it, I gotta be there.”

Presence, being there, is the key to parenting. And what are drugs and addiction and unaddressed issues in our lives but means of not being there. Which is why we have to sober up and deal with our demons, because even if they don’t feel like they are actively manifesting themselves at home, they are. They are taking us away from our kids. They are putting us in a position to not be there for them when they need us (and they will need us).

That kind of self-inflicted disconnection is unacceptable."
2025-06-19,"June 19



“Don’t let your reflection on the whole sweep of life crush you. Don’t fill your mind with all the bad things that might still happen. Stay focused on the present situation and ask yourself why it’s so unbearable and can’t be survived.”

—
M
ARCUS
A
URELIUS,
M
EDITATIONS
, 
 8.36

W
 hen you look back at some of the most impressive, even scary, things that you’ve done or endured, how were they possible? How were you able to see past the danger or the poor odds? As Marcus described, you were too busy with the details to let the whole sweep of the situation crush you. In fact, you probably didn’t even think about it at the time.

A character in Chuck Palahniuk’s novel Lullaby
 says, “The trick to forgetting the big picture is to look at everything close up.” Sometimes grasping the big picture is important, and the Stoics have helped us with that before. A lot of times, though, it’s counterproductive and overwhelming to be thinking of everything that lies ahead. So by focusing exclusively on the present, we’re able to avoid or remove those intimidating or negative thoughts from our frame of view.

A man walking a tightrope tries not to think about how high up he is. An undefeated team tries not to think about their perfect winning streak. Like us, they’re better off putting one foot in front of the other and considering everything else to be extraneous.","June 19

You Must Find the Stillness

All profound things, and emotions of things are preceded and attended by Silence. . . . Silence is the general consecration of the universe.

—Herman Melville

This change we’ve made, this decision to become a parent—it has uprooted everything. It’s like we were hit, suddenly, by a cross-fire hurricane. The house is a mess. The schedule is grueling. There is never enough sleep, never enough time in the day.

Even the cool, quiet dark is pierced by the shriek of a man who has stepped on a pile of LEGOs . . . and the shriek is coming from your mouth. Yet to be good at our jobs, to be good at this parenting thing, we must endeavor to find stillness. Because we need time to reflect, to focus, to find the calm that will restore and reboot us.

Where will we find it? It won’t be in those measly two weeks of vacation or by cutting and running and fleeing. No, we must find the stillness within the chaos. It might not feel like these moments of quiet can exist with all the crying babies or arguing teenagers, but they can.

If we just look within. We can find stillness, if we take advantage of the early morning before the house is awake or those precious minutes after the kids are in bed. But we really have to drink those moments in to get the most from them. We can’t defer these chances in favor of our phones or Netflix. We must take time with a journal. We must enjoy that cute but preposterously slow walk from school to the car or from the car back into the house. Soak up the quiet. Store these moments in your soul so you can have them always.

Find the stillness. So much depends on it."
2025-06-20,"June 20



“If then it’s not that the things you pursue or avoid are coming at you, but rather that you in a sense are seeking them out, at least try to keep your judgment of them steady, and they too will remain calm and you won’t be seen chasing after or fleeing from them.”

—
M
ARCUS
A
URELIUS,
M
EDITATIONS
, 
 11.11

T
 here is a maxim that Navy SEALs pass from officer to officer, man to man. In the midst of chaos, even in the fog of war, their battle-tested advice is this: “Calm is contagious.”

Especially when that calm is coming from the man or woman in charge. If the men begin to lose their wits, if the group is unsure of what to do next, it’s the leader’s job to do one thing: instill calm—not by force but by example.

That’s who you want to be, whatever your line of work: the casual, relaxed person in every situation who tells everyone else to take a breath and not to worry. Because you’ve got this. Don’t be the agitator, the paranoid, the worrier, or the irrational. Be the calm, not the liability.

It will catch on.","June 20

Access the Child in You

The darkness of World War II raged around him. He was an old man with a million important concerns. He had power and success. He had seen it all. But in 1944, when Winston Churchill came across a young soldier at 10 Downing Street assembling a toy train for Churchill’s grandson, he was transfixed.

As Erik Larson describes it in his fascinating book The Splendid and the Vile, the soldier stopped to salute the prime minister. Churchill waved it away and simply stood watching. After the soldier had finished, Churchill asked him to see if it worked, and together they watched the train go around the track. “I see you have two engines,” he said. “Put the other one on the track as well.” The soldier did as he was instructed, and then Churchill—leader of the British empire, the man who had stared down Hitler and pulled his country back from the brink—got down on his hands and knees with a grin and said, “Now, let’s have a crash!”

One of the wonderful things about having kids (and grandkids) is that they allow us to access that childlike part of ourselves that never fully goes away. They give us an excuse to get down on the floor and crash two trains together. To build something cool with LEGOs. To dress up for Halloween. To be silly at a tea party. To listen to the music of our youth, to watch the movies we loved.

It’s more than a fun excuse—it’s an important part of life. Don’t forget to access that joy and fun . . . and maybe, you know, invite your kids to join you in it."
2025-06-21,"June 21



“We should take wandering outdoor walks, so that the mind might be nourished and refreshed by the open air and deep breathing.”

—
S
ENECA,
O
N
T
RANQUILITY OF
M
IND
, 
 17.8

I
 n a notoriously loud city like Rome, it was impossible to get much peace and quiet. The noises of wagons, the shouting of vendors, the hammering of a blacksmith—all filled the streets with piercing violence (to say nothing of the putrid smells of a city with poor sewage and sanitation). So philosophers went on a lot of walks—to get where they needed to go, to clear their heads, to get fresh air.

Throughout the ages, philosophers, writers, poets, and thinkers have found that walking offers an additional benefit—time and space for better work. As Nietzsche would later say: “It is only ideas gained from walking that have any worth.”

Today, make sure you take a walk. And in the future, when you get stressed or overwhelmed, take a walk. When you have a tough problem to solve or a decision to make, take a walk. When you want to be creative, take a walk. When you need to get some air, take a walk. When you have a phone call to make, take a walk. When you need some exercise, take a long walk. When you have a meeting or a friend over, take a walk together.

Nourish yourself and your mind and solve your problems along the way.","June 21

It’s Good That You Worry About This

One great thing about having kids is that they force you into an active practice of love whether you are ready for it or not.

—Michael Ian Black

The question hits you in a soft place. It hits you when you least expect it . . . and yet it’s there constantly. Am I a good parent? Am I screwing this up?

Your own parents will try to reassure you. “Every parent thinks this,” they’ll say. Except that’s not true. There are, in fact, two types of parents who never think that. There are parents who are so convinced that they’re the center of the universe that they never question themselves, never wonder what they’re doing wrong. Then there are the parents who don’t even care enough to ask. Although they are very different, in the end, these two types are the same: they’re not good parents.

But you? The type who is always checking in and wondering, Am I doing enough? Who actually cares about whether you’re doing a good job? You are—by definition—a good parent, because you are thinking about your kids first, not yourself. It’s proof that you care, that you have self-awareness, that you’re always trying to improve. That you would stop to evaluate your own performance, that it would bother you to give anything less than the full measure of your devotion, is all the evidence you need to reach a positive conclusion.

So if you feel that negative thought—that doubt—come up today, be reassured. It means you’re putting them first. It means you’re doing a good job."
2025-06-22,"June 22



“If you are defeated once and tell yourself you will overcome, but carry on as before, know in the end you’ll be so ill and weakened that eventually you won’t even notice your mistake and will begin to rationalize your behavior.”

—
E
PICTETUS,
D
ISCOURSES
, 
 2.18.31

I
 t’s been said that the definition of insanity is trying the same thing over and over again but expecting a different result. Yet that’s exactly what most people do. They tell themselves: Today, I won’t get angry. Today, I won’t gorge myself.
 But they don’t actually do
 anything differently. They try the same routine and hope it will work this time. Hope is not a strategy!

Failure is a part of life we have little choice over. Learning from failure, on the other hand, is optional. We have to choose to learn. We must consciously opt to do things differently—to tweak and change until we actually get the result we’re after. But that’s hard.

Sticking with the same unsuccessful pattern is easy. It doesn’t take any thought or any additional effort, which is probably why most people do it.","June 22

Just Go to Bed

Sleep is the interest we have to pay on the capital which is called in at death. The higher the interest rate and the more regularly it is paid, the further the date of redemption is postponed.

—Arthur Schopenhauer

You know your kids are a mess when they don’t sleep. That’s why you follow the bedtime ritual religiously. You know that kids get into trouble at night, if left to their own devices. That’s why your teenager has a curfew that you enforce with an iron fist.

And yet here you are, up late again, mindlessly watching TV. Here you are, tired in the morning—again—because you were up late on your phone. You could have gone to bed, you knew you should have gone to bed, but you didn’t.

Who suffers? Your kids do. Because you’re grouchy. Because you don’t have energy. Because you’re behind. Because maybe they even sense that you’re a hypocrite!

If you want to be a better parent, start going to bed earlier. Give yourself a bedtime that you honor and respect and enforce. Value sleep. Take care of yourself. Everyone in your life will benefit."
2025-06-23,"June 23



“You could enjoy this very moment all the things you are praying to reach by taking the long way around—if you’d stop depriving yourself of them.”

—
M
ARCUS
A
URELIUS,
M
EDITATIONS
, 
 12.1

A
 sk most people what they’re working toward and you’ll get an answer like: “I’m trying to become a [insert profession].” Or they’ll tell you they’re trying to get appointed to some impressive committee or position, become a millionaire, get discovered, become famous, whatever. Now you ask a couple more questions, such as “Why are you doing that?” or “What are you hoping it will be like when you get it?” and you find at the very core of it, people want freedom, they want happiness, and they want the respect of their peers.

A Stoic looks at all this and shakes his head at the immense effort and expense we put into chasing things that are simple and straightforward to acquire. It’s as if we prefer to spend years building a complicated Rube Goldberg machine instead of just reaching out and picking up what we want. It’s like looking all over for your sunglasses and then realizing they were on your head the whole time.

Freedom? That’s easy. It’s in your choices.

Happiness? That’s easy. It’s in your choices.

Respect of your peers? That too is in the choices you make.

And all of that is right in front of you. No need to take the long way to get there.","June 23

Patience Is Strength

Parenting, like exercise, is a process of growth through pain, through struggle against resistance. It would be wonderful if raising kids were easy, if it demanded little of you, but that’s just not how it works.

We’ve been sleep-deprived. We’ve worried. We’ve been bitten and kicked. We’ve been judged. We’ve been leaned on and then taken for granted, kept up late by infants and then by missed curfews. We’ve been blamed and bothered and bludgeoned by and for their wants and needs. It is a gauntlet in a crucible through a minefield with no trophy at the end. And yet here we are. By necessity we have become capable of things we never could have conceived of for ourselves before.

It was Leonardo da Vinci who said that patience was bitter but its fruit was sweet. This holds true for many of the virtues that parenting has demanded we embody. We’ve been patient, we’ve been resilient, we’ve been brave, we’ve been selfless, self-effacing, steadfast, and silent . . . none of which were particularly fun at the time.

But the result was that we grew stronger for it. Our families survived and thrived because of it. They are where they are right now because of how far we’ve come as parents. There is no trophy on the other side of the parenting minefield, but there is a happy, healthy, bonded family. And that prize is the sweetest of them all."
2025-06-24,"June 24



“The beautiful and good person neither fights with anyone nor, as much as they are able, permits others to fight . . . this is the meaning of getting an education—learning what is your own affair and what is not. If a person carries themselves so, where is there any room for fighting?”

—
E
PICTETUS,
D
ISCOURSES
, 
 4.5.1; 
 7
b
–8
a

S
 ocrates famously traveled around Athens, approaching the people he disagreed with most, and engaging them in long discussions. In these discussions—or what record we have of them—there are many examples of his conversation mates getting exasperated, upset, or aggravated by his many questions. Indeed, the people of Athens eventually got so upset, they sentenced Socrates to death.

But Socrates never seemed to get upset himself. Even when talking about matters of life and death, he always kept his cool. He was much more interested in hearing what the other person had to say than making sure he was heard or—as most of us insist upon—winning the argument.

The next time you face a political dispute or a personal disagreement, ask yourself: Is there any reason to fight about this? Is arguing going to help solve anything?
 Would an educated or wise person really be as quarrelsome as you might initially be inclined to be? Or would they take a breath, relax, and resist the temptation for conflict? Just think of what you could accomplish—and how much better you would feel—if you could conquer the need to fight and win every tiny little thing.","June 24

Just Pick Yourself Back Up

Maybe lately you haven’t been as good a parent as you would like to be. You were on your phone too much. You let your short temper get the best of you. You prioritized work over family. You got too wrapped up in your expectations, you were too harsh, you refused to see things their way.

Well? That’s all in the past. It happened. It shouldn’t have, but it did. And there’s nothing you can do now to undo it. The question is, now what? We have the power, at any moment, to get back on track. We can choose, always, to return to the standard we want to live up to as parents.

It’s like with a diet. You can slip a little, then a little more, then the next thing you know, you’ve eaten a whole sleeve of Oreos. Okay. It happened. But tomorrow hasn’t yet. You have a choice. Will you do better? Will you do what you know is right? Will you follow the plan you set out for yourself before the Oreo debacle?

No parent has time to indulge in pity parties. Nor can any parent justify a continued slide. We screw up. We fall short. We’re not what we want to be—what we promised ourselves we’d be, what we owe to our kids. And? We can choose right now to get back on track. We can choose right now to do better."
2025-06-25,"June 25



“This is why we say that nothing happens to the wise person contrary to their expectations.”

—
S
ENECA,
O
N
T
RANQUILITY OF
M
IND
, 
 13.3
b

H
 esiod, the poet, said that “the best treasure is a sparing tongue.” Robert Greene considers it a law of power: Always Say Less Than Necessary.

We talk because we think it’s helping, whereas in reality it’s making things hard for us. If our spouse is venting, we want to tell them what they should do. In fact, all they actually want us to do is hear
 them. In other situations, the world is trying to give us feedback or input, but we try to talk ourselves out of the problem—only to make it worse.

So today, will you be part of the problem or part of the solution? Will you hear the wisdom of the world or drown it out with more noise?","June 25

You Would Tell Them This. So Tell Yourself Too.

But I couldn’t speak my dream without a caveat. “I don’t know,” I said, “by the time I finish school I’ll be fifty.” He smiled at me. “You’re going to be fifty anyhow,” he said.

—Dr. Edith Eger

It’s hard to imagine any situation that you would describe to your kid as hopeless. “Sorry, it’s too late, you’re a failure” is something no parent would ever say. If they were falling behind their peers in math, you’d tell them that it was just a matter of work and time. If they were trying to write themselves off as a baseball player, you’d tell them about how many athletes were late bloomers, that they are still so young, that next year they can come back stronger and better, that they can turn things around. Even if they had a cancer diagnosis with terrible odds, you’d be encouraging them to fight, to never give up, to prove the doubters wrong.

You wouldn’t just be saying this. You’d mean it. Because it’s true. Nothing is fixed in this life that you haven’t fixed yourself. Nothing is permanent. Especially when the person, deep down, is good and decent and full of potential.

Okay. So why are you whispering the exact opposite of this to yourself? Telling yourself that you’ve just got to accept that your dreams are done. Telling yourself, I used to be in good shape—but that’s in the past.

No! It’s never too late. You still have so much time in front of you. So much ability, so much potential to fulfill. You decide the rest of the story. It’s up to you. But this is the important part: the story you decide for yourself is also going to determine what kind of stories your kids believe. Your story is the compass and the map on the journey that will lead them to realism, optimism, skepticism, cynicism, or fatalism.

Which will it be?"
2025-06-26,"June 26



“What assistance can we find in the fight against habit? Try the opposite!”

—
E
PICTETUS,
D
ISCOURSES
, 
 1.27.4

V
 iktor Frankl, the brilliant psychologist and Holocaust survivor, cured patients suffering from phobias or neurotic habits using a method he called “paradoxical intention.” Let’s say a patient couldn’t sleep. The standard therapy would have been something obvious, like relaxation techniques. Frankl instead encouraged the patient to try not
 to fall asleep. He found that shifting focus off the problem deflected the patient’s obsessive attention away from it and allowed them to eventually sleep normally.

Fans of the TV show Seinfeld
 might remember an episode called “The Opposite” where George Costanza magically improves his life by doing the opposite
 of whatever he’d normally do. “If every instinct you have is wrong,” Jerry says to him, “then the opposite would have to be right.” The larger point is that sometimes our instincts or habits get stuck in a bad pattern that pushes us further from our natural, healthy selves.

Now you shouldn’t immediately toss out everything in your life—some
 stuff is working (you’re reading this book!). But what if you explored opposites today? What if you broke the pattern?","June 26

You Have to Face Your Flaws

Each of us picked things up in childhood. We all have issues. We have baggage. We have flaws. The decision to have kids means we have to face those flaws. As Jessica Lahey, the wonderful author of The Gift of Failure (a great book for parents and teachers), said when asked about what she’s learned being a mother:

Having to face the flaws I thought I could keep secret and buried from the world because I wanted to be better for this new person . . . The flaws in me I’ve been so good at hiding through excelling academically or being charismatic start to poke through because it matters to someone other than me. For me, those flaws are defensiveness around my potential flaws (go figure), my tendency to disconnect and be distracted from whatever is happening right in front of me in favor of whatever is next, and notably, substance abuse. If I’d never had children, I probably could have kept that stuff buried, but parenthood demanded that I deal with it . . . in order to model a healthy, loving, productive humanity to my kids.

If you want to be a great parent, you’re going to have to deal with your crap. You can’t carry baggage—it’s too dangerous with a kid around. You risk dropping it on them. There can be no more hiding, no more deferring. The bill is due and you have to pay it: in therapy, in conversations with your spouse, in the pages of your journal. You have to face your flaws. Because there are little people who did not choose to be stuck in the same house with you and should not have to be trapped with a monster or a brick wall for a parent."
2025-06-27,"June 27



“How does it help, my husband, to make misfortune heavier by complaining about it? This is more fit for a king—to seize your adversities head on. The more precarious his situation, the more imminent his fall from power, the more firmly he should be resolved to stand and fight. It isn’t manly to retreat from fortune.”

—
S
ENECA,
O
EDIPUS
, 
 80

A
 s the CEO of Charles Schwab, Walt Bettinger hires hundreds of people each year and interviews hundreds more. Over his lifetime, we can safely assume he’s had his share of hits, misses, and surprises when it comes to bringing people on board. But consider one technique he’s used as he’s gotten older: he takes a candidate to breakfast and asks the restaurant’s manager to purposely mess up the candidate’s breakfast order.

He’s testing to see how they react. Do they get upset? Do they act rudely? Do they let this little event spoil the meeting? Do they handle the inconvenience with grace and kindness?

How you handle even minor adversity might seem like nothing, but, in fact, it reveals everything.","June 27

Don’t Get Sick

If you want to find something mean on the internet, you’re going to find it.

—Judd Apatow

There’s a great term floating out there in the culture that describes what happens when we spend too much time on our phone. Whether it’s an adult doomscrolling or a kid going down a YouTube unboxing rabbit hole, when you spend too much time staring at a device, you get screensick.

You know, that insane reaction your kids have when you suddenly turn off the TV. Their catatonic state when they’re locked into some video game, when the walls could be falling down around them and they wouldn’t even blink. The fantasy world your teenager comes to mistake for reality after too many hours on the computer in their room. And you? You know the symptoms: You’re grouchy and hate humanity after seeing too much of its underbelly on social media. You can’t pay attention to anything but your email. The phantom vibrations of the phone haunt you like a ghost.

The good news is it seems like a pretty easy illness to cure. A phone-free day can cure it. Going outside for a couple hours can refocus your mind and reset your spirit. The bad news is, the people who made your phone and everything that goes on it know there’s an easy fix too. Which is why they’ve spent so much time and energy and money engineering ways to keep you connected to it, addicted to it, beholden to it. You have to fight that.

You can’t let the technology use you; you always have to be the one using the technology. It’s the only way to have a healthy relationship with your phone and to avoid the screensickness that infects us."
2025-06-28,"June 28



“Philosophy calls for simple living, but not for penance—it’s quite possible to be simple without being crude.”

—
S
ENECA,
M
ORAL
L
ETTERS
, 
 5.5

M
 arcus’s meditations are filled with self-criticism and so are the writings of other Stoics. It’s important to remember, however, that that’s as far as it goes. There was no self-flagellation, no paying penance, no self-esteem issues from guilt or self-loathing. You never hear them call themselves worthless pieces of crap, nor do they ever starve or cut themselves as punishment. Their self-criticism is constructive
 .

Laying into yourself, unduly depriving yourself, punishing yourself—that’s self-flagellation, not self-improvement.

No need to be too hard on yourself. Hold yourself to a higher standard but not an impossible one. And forgive yourself if and when you slip up.","June 28

Delight in Attending to Your Improvement

It’s a sad sight when you see a dad who has clearly stopped trying. He puts on weight. He checks out of his marriage. Maybe he starts drinking more. He resigns himself to the fact that he hates his job. He accepts whatever grades his kids bring home from school. He makes their behavior somebody else’s problem.

We see that dad and we think, I never want to be that guy.

Good. Okay. But what steps are you taking to make sure you don’t? In the start-up world, they say that if your company isn’t growing, it’s dying. In a way, it’s sort of true for people too. If you’re not actively developing yourself, what’s happening? You’re atrophying. You’re getting worse. Entropy is winning.

Epictetus liked to quote Socrates, who said that he delighted in attending to his own improvement day to day. Brilliant. It’s the perfect thing for you to think about. How are you improving yourself day to day? Are you working out? Are you reading? Are you setting goals for yourself? Are you clocking in at home as well as at the office?

Your kids will be better served by a parent who’s getting better. More important, they will be inspired by your example. Show them that you’re trying—that we can never stop trying—and they’ll follow you in their own way."
2025-06-29,"June 29



“It is possible to curb your arrogance, to overcome pleasure and pain, to rise above your ambition, and to not be angry with stupid and ungrateful people—yes, even to care for them.”

—
M
ARCUS
A
URELIUS,
M
EDITATIONS
, 
 8.8

“I
 was just born this way.” “I never learned anything different.” “My parents set a terrible example.” “Everyone else does it.” What are these? Excuses that people use to justify staying as they are instead of striving to become better.

Of course it’s possible to curb our arrogance, control our anger, and be a caring person. How do you think others do it? Certainly their parents weren’t perfect; they didn’t come out of the womb incapable of ego or immune to temptation. They worked on it. They made it a priority. They solved it like they would solve any other problem: by dedicating themselves to finding a solution, making incremental progress until they did.

They became
 who they are. Just like you can.","June 29

It’s Not Over for You

Susan Straight was helping her mother move when she found an old painting thrown in the trash can. Sensing that this wasn’t something that her mother had bought, she asked her about it. “I took a painting class at the YMCA,” Straight recalled her mother explaining. “Then I found a book—teach yourself to paint.” Straight recalls: “My mother was an artist. She made beautiful sketches of our garden and our house in Switzerland.”

Surprised and moved, they began to talk about the painting. Was this a secret hobby that Susan hadn’t known about? Did her mother have a creative side she never shared? Were there other paintings? Sadly, no. “Just after I finished this,” her mom stated matter-of-factly, “I had you, and then I never painted anything again. My life was over.”

Ouch.

Yet there is a part of us that understands this sentiment, right? A part of us that felt, when our house was suddenly flooded with babies and diapers and our routines were disrupted by carpools and soccer practices, like life was over. Or at least the fun, free, good life. No more time for hobbies. No energy for self-exploration, let alone self-actualization.

Certainly, we have been taxed and burdened in a way we never expected. But we can’t throw in the towel. We can’t use being a parent as an excuse. On the contrary, because our kids are watching us, we have to keep pushing ourselves. We have to transcend the bitter math. We have to keep growing. We can’t give up on ourselves or our interests.

Our lives are not over. Not even close. In a way they’re just beginning. Beginning anew."
2025-06-30,"June 30



“While it’s true that someone can impede our actions, they can’t impede our intentions and our attitudes, which have the power of being conditional and adaptable. For the mind adapts and converts any obstacle to its action into a means of achieving it. That which is an impediment to action is turned to advance action. The obstacle on the path becomes the way.”

—
M
ARCUS
A
URELIUS,
M
EDITATIONS
, 
 5.20

T
 oday, things will happen that will be contrary to your plans. If not today, then certainly tomorrow. As a result of these obstacles, you will not be able to do what you planned. This is not as bad as it seems, because your mind is infinitely elastic and adaptable. You have the power to use the Stoic exercise of turning obstacles upside down, which takes one negative circumstance and uses it as an opportunity to practice an unintended virtue or form of excellence.

If something prevents you from getting to your destination on time, then this is a chance to practice patience.

If an employee makes an expensive mistake, this is a chance to teach a valuable lesson.

If a computer glitch erases your work, it’s a chance to start over with a clean slate.

If someone hurts you, it’s a chance to practice forgiveness.

If something is hard, it is a chance to get stronger.

Try this line of thinking and see whether there is a situation in which one could not
 find some virtue to practice or derive some benefit. There isn’t one. Every impediment can advance action in some form or another.

","June 30

Here’s How You Can Help Other Parents

There is the professional you and the parental you. It makes sense that we try to keep these things pretty distinct and separate. We even have a name for this distinction. We call it “boundaries” or “work-life balance.” And it’s good that we try to leave our work at the office when we head home.

But one way we can help other parents—or prospective parents—is by making sure that we don’t leave our kids at home . . . figuratively, anyway. By talking about our kids, by putting pictures of them up on our walls, by being honest and up front about trying to balance our careers and family, we are all helping each other.

For too long, parents have had to struggle in silence. They’ve been overwhelmed or burned out. They’ve wrestled with priorities. They’ve worried, they’ve hurt, they’ve wondered what the hell they were going to do. They’ve done all this alone even as the person in the office next to them was going through the same hell, even as the boss was wondering the exact same thing about their kids.

We can all help each other if we end this charade. We can help the parents we work with by creating an environment that’s open and safe, that allows us to stop pretending that we aren’t all trying to work two jobs at the same time, and to work them well."
2025-07-01,"July 1



“Whatever anyone does or says, for my part I’m bound to the good. In the same way an emerald or gold or purple might always proclaim: ‘whatever anyone does or says, I must be what I am and show my true colors.’”

—
M
ARCUS
A
URELIUS,
M
EDITATIONS
, 
 7.15

T
 he Stoics believed that every person, animal, and thing has a purpose or a place in nature. Even in ancient Greek and Roman times, they vaguely understood that the world was composed of millions of tiny atoms. It was this idea—this sense of an interconnected cosmos—that underpinned their sense that every person and every action was part of a larger system. Everyone had a job—a specific duty. Even people who did bad things—they were doing their job of being evil because evil is a part of life.

The most critical part of this system was the belief that you, the student who has sought out Stoicism, have the most important job: to be good! To be wise. “To remain the person that philosophy wished to make us.”

Do your job today. Whatever happens, whatever other people’s jobs happen to be, do yours. Be good.","July 1

Is It Nature or Nurture?

Plutarch tells the story of how Lycurgus reformed Spartan society from rebellious, rowdy, and soft to self-disciplined, temperate, and courageous. He bred two dogs from the same litter, then raised one in the home and one out in the hunting fields. When they were fully acclimated, Lycurgus brought both dogs to a public assembly. He set down the house dog’s food then the hunting dog’s. Before he released the dogs, he let loose a hare. The house dog went to his food. The hunting dog went after the hare.

“You see, fellow citizens,” Lycurgus said, “these dogs belong to the same stock, but by virtue of the discipline to which they have been subjected, they have turned out utterly different from each other, and you also see that training is more effective than nature for good.”

After his demonstration proved that nurture trumped nature, Lycurgus said, “So also in our case, fellow citizens, noble birth, so admired of the multitude, and our being descended from Heracles does not bestow any advantage, unless we do the sort of things for which he was manifestly the most glorious and most noble of all mankind, and unless we practice and learn what is good our whole life long.”

And so it goes with your own family. If we want great kids, then we have to do the work. We have to nurture the traits we want them to have, correct the ones we don’t."
2025-07-02,"July 2



“Never shirk the proper dispatch of your duty, no matter if you are freezing or hot, groggy or well-rested, vilified or praised, not even if dying or pressed by other demands. Even dying is one of the important assignments of life and, in this as in all else, make the most of your resources to do well the duty at hand.”

—
M
ARCUS
A
URELIUS,
M
EDITATIONS
, 
 6.2

W

ill this make me rich? Will people be impressed? How hard do I need to try? How long will this take? What’s in it for me? Should I do this other thing instead?
 These are the questions we ask ourselves amid the day’s opportunities and obligations.

Marcus Aurelius had many responsibilities, as those who hold executive power do. He judged cases, heard appeals, sent troops into battle, appointed administrators, approved budgets. A lot rode on his choices and actions. Should he do this or that? What about this concern or that concern? When would he get to enjoy himself? The simple reminder above was a way to cut through the Gordian knot of incentives, complaints, fears, and competing interests.

It’s what we must use to decide what to do in each and every phase of life. Morality can be complicated—but the right thing
 is usually clear and intuitive enough to feel in our gut. Our duty is rarely easy, but it is important. It’s also usually the harder choice. But we must do it.","July 2

Help Them Become Who They Are

A lot of parents will do anything for their kids, except let them be themselves.

—Banksy

In his autobiography, Bruce Springsteen takes us back to when he was seven years old and he watched the rock star Elvis Presley’s appearance on The Ed Sullivan Show:

I sat there transfixed in front of the television set, my mind on fire. I had the same two arms, two legs, two eyes; I looked hideous but I’d figure that part out. . . . So what was missing? THE GUITAR! The next day I convinced my mom to take me to Diehl’s Music on South Street in Freehold. There, with no money to spend, we rented a guitar.

Our job as parents is not to mold our children into our successors or into superstars. It’s to help them be what they are meant to become. We expose them to things, we let them find what interests them, and then we support those interests. We shouldn’t pressure; we shouldn’t criticize. We should believe in them, cheer for them, be proud of them . . . and be ready to catch them if they fall or fail on the path to becoming who they are meant to be."
2025-07-03,"July 3



“The task of a philosopher: we should bring our will into harmony with whatever happens, so that nothing happens against our will and nothing that we wish for fails to happen.”

—
E
PICTETUS,
D
ISCOURSES
, 
 2.14.7

A
 long To-Do list seems intimidating and burdensome—all these things we have
 to do in the course of a day or a week. But a Get To Do
 list sounds like a privilege—all the things we’re excited about the opportunity to experience. This isn’t just semantic playing. It is a central facet of the philosopher’s worldview.

Today, don’t try to impose your will on the world. Instead see yourself as fortunate to receive and respond to the will in
 the world.

Stuck in traffic? A few wonderful minutes to relax and sit. Your car broke down after idling for so long? Ah, what a nice nudge to take a long walk the rest of the way. A swerving car driven by a distracted, cell-phone-wielding idiot nearly hit you as you were walking and soaked you head to toe with muddy water? What a reminder about how precarious our existence is and how silly it is to get upset about something as trivial as being late or having trouble with your commute!

Kidding aside, it might not seem like it makes a big difference to see life as something you have
 to do versus get
 to do, but there is. A huge, magnificent difference.","July 3

You Have to Help Them Discover This

Almost every talented and successful person can remember their introduction to whatever it was that became their thing. In Mastery, Robert Greene explores countless examples of this beautiful process by which some of the world’s most notable experts discovered their “life’s task.” He talks about Martha Graham’s first time watching a dance performance, for example, and he tells the story of the compass that Albert Einstein’s father gave him as a present when he was five years old:

Instantly, the boy was transfixed by the needle, which changed direction as the compass moved about. The idea that there was some kind of magnetic force that operated on this needle, invisible to the eyes, touched him to the core.

At the core of most of these stories are a few key ingredients: Luck. Openness. Curiosity. And, of course, often a parent who actively exposed their kid to different things.

It’s your child’s job to figure out what they want to do in life. No parent can or should make their child master anything. But it is your job, especially when they’re young, to open their eyes, to introduce serendipity into the equation, to expose them to all the possibilities that life has to offer.

Show them what’s out there. Help them discover."
2025-07-04,"July 4



“Protect your own good in all that you do, and as concerns everything else take what is given as far as you can make reasoned use of it. If you don’t, you’ll be unlucky, prone to failure, hindered and stymied.”

—
E
PICTETUS,
D
ISCOURSES
, 
 4.3.11

T
 he goodness inside you is like a small flame, and you are its keeper. It’s your job, today and every day, to make sure that it has enough fuel, that it doesn’t get obstructed or snuffed out.

Every person has their own version of the flame and is responsible for it, just as you are. If they all fail, the world will be much darker—that is something you don’t control. But so long as your flame flickers, there will be some light in the world.","July 4

Don’t Tie Down Your Eagle

When a young Florence Nightingale began making moves toward volunteering in hospitals, her aristocratic parents were horrified. It had been difficult enough raising a precocious child. Now she wanted to debase herself with work below her station? They were embarrassed. What would their friends think? How would it look? Like a lot of parents with determined, independent children, they felt rejected. They thought her choices rebuked theirs.

“We are ducks who have hatched a wild swan,” her mother once lamented. But a biographer responded perfectly: “It was not a swan they had hatched: in the famous phrase of Lytton Strachey’s essays—it was an eagle.”

You can’t hold your children back. You can’t resent that they’re different. You can’t hold them back with antiquated notions about gender or class. Their choices say nothing about your choices. They are their own people. They deserve their own lives. They deserve your support and encouragement in whatever direction that takes you or them.

That’s what we’re here for. We can’t forget it."
2025-07-05,"July 5



“Good people will do what they find honorable to do, even if it requires hard work; they’ll do it even if it causes them injury; they’ll do it even if it will bring danger. Again, they won’t do what they find base, even if it brings wealth, pleasure, or power. Nothing will deter them from what is honorable, and nothing will lure them into what is base.”

—
S
ENECA,
M
ORAL
L
ETTERS
, 
 76.18

I
 f doing good was easy, everyone would do it. (And if doing bad wasn’t tempting or attractive, nobody would do it.) The same goes for your duty. If anyone
 could do it, it would have been assigned to someone else. But instead it was assigned to you.

Thankfully, you’re not like everyone. You’re not afraid of doing what is hard. You can resist superficially attractive rewards. Can’t you?","July 5

Ask If They’d Like to Learn

Arthur Ashe became a brilliant tennis player and an ardent civil rights activist because of a question. He was seven years old and sitting in a park in Richmond, Virginia, watching an accomplished black tennis player named Ron Charity practice. Ashe’s father was a park supervisor and often left his son to entertain himself while he worked. After about an hour, Ron Charity took a break and walked over to the boy. “Would you like to learn how to play?” he said kindly. With that simple, generous question, Ashe and the game of tennis were changed forever.

“As casually as that,” Ashe reflected, “my life was transformed.” How many lives have been changed in similar ways? Because an adult took the time to notice the interest of a child, had the patience to introduce them to something, was willing to teach them a skill or a trade?

Of course, we cannot rely solely on the kindness of strangers. It’s our job as parents to take the time to do this for our kids. We have to cultivate that flicker of curiosity into full-blown love affairs, we have to channel their energy into productive pursuits. We have to teach them stuff.

Especially the things they’re too afraid to ask about, or don’t even know to ask about. Often, that is where the magic resides."
2025-07-06,"July 6



“On those mornings you struggle with getting up, keep this thought in mind—I am awakening to the work of a human being. Why then am I annoyed that I am going to do what I’m made for, the very things for which I was put into this world? Or was I made for this, to snuggle under the covers and keep warm? It’s so pleasurable. Were you then made for pleasure? In short, to be coddled or to exert yourself?”

—
M
ARCUS
A
URELIUS,
M
EDITATIONS
, 
 5.1

I
 t’s comforting to think that even two thousand years ago the emperor of Rome (who was reportedly a bit of an insomniac) was giving himself a pep talk in order to summon up the willpower to throw the blankets off each morning and get out of bed. From the time we’re first sent off to school until we retire, we’re faced with that same struggle. It’d be nicer to shut our eyes and hit the snooze button a few more times. But we can’t.

Because we have a job to do. Not only do we have the calling we’ve dedicated ourselves to, but we have the larger cause that the Stoics speak about: the greater good. We cannot be of service to ourselves, to other people, or to the world unless we get up and get working—the earlier the better. So c’mon. Get in the shower, have your coffee, and get going.","July 6

You Have to Do This. We Need It.

I think that the major obligation of parents and educators is to give children an understanding of the divine beginning that exists within them.

—William Ellery Channing

Cormac McCarthy talks about “carrying the fire” in his haunting novel The Road, which he wrote for his son. Alanis Morissette put her own spin on it in her beautiful song “Ablaze,” which she wrote for her two children.

“To my girl, all your innocence and fire,” she sings, “my mission is to keep the light in your eyes ablaze.” And to her son, whom she calls a precious gentle warrior, with all his wild energy, she sings the same thing.

Our job is to keep our kids the way they were born, which as The Road was written to show us, means fundamentally good. Innocent. Pure.

We have to help them carry the fire. We have to keep that light in their eyes ablaze. No matter how dark the world gets. In fact, we have to do it now, more than ever, because the world is dark. That’s our job. That’s our warrant.

If we fail . . . God help us."
2025-07-07,"July 7



“This is what you should teach me, how to be like Odysseus—how to love my country, wife and father, and how, even after suffering shipwreck, I might keep sailing on course to those honorable ends.”

—
S
ENECA,
M
ORAL
L
ETTERS
, 
 88.7
b

M
 any schoolteachers teach The Odyssey
 all wrong. They teach the dates, they debate whether Homer was really the author or not, whether he was blind, they explain the oral tradition, they tell students what a Cyclops is or how the Trojan Horse worked.

Seneca’s advice to someone studying the classics is to forget all that. The dates, the names, the places—they hardly matter. What matters is the moral.
 If you got everything else wrong from The Odyssey
 , but you left understanding the importance of perseverance, the dangers of hubris, the risks of temptation and distraction? Then you really learned something.

We’re not trying to ace tests or impress teachers. We are reading and studying to live, to be good human beings—always and forever.","July 7

Your Kids Will Be Whatever You Make Them

The Holocaust survivor–turned–psychologist–and–author Dr. Edith Eger had a son who was born with athetoid cerebral palsy. One day, on a visit to the doctor’s office, Dr. Eger expressed some of her fears and worries to the specialist. It was there that she got some advice that is worth sharing with every parent, whether your family ever has to face that kind of adversity or not.

“You son will be whatever you make of him,” the doctor explained. “John’s going to do everything everyone else does, but it’s going to take him longer to get there. You can push him too hard, and that will backfire, but it will also be a mistake not to push him hard enough. You need to push him to the level of his potential.”

Your kids will be whatever you make them. No one is saying that things won’t be hard. No one is saying that any of this is fair—dyslexia or disabilities, being a refugee or losing your job, being a genius or being short. What matters is how we push them (and ourselves). What matters is the kindness and the love and the patience that accompany that pushing.

We can’t do everything for them, but we can believe in them and help them believe in themselves. We can help them reach the level of their potential. We can make them be what they are capable of."
2025-07-08,"July 8



“Enough of this miserable, whining life. Stop monkeying around! Why are you troubled? What’s new here? What’s so confounding? The one responsible? Take a good look. Or just the matter itself? Then look at that. There’s nothing else to look at. And as far as the gods go, by now you could try being more straightforward and kind. It’s the same, whether you’ve examined these things for a hundred years, or only three.”

—
M
ARCUS
A
URELIUS,
M
EDITATIONS
, 
 9.37

“C
 haracter,” Joan Didion would write in one of her best essays, “the willingness to accept responsibility for one’s own life—is the source from which self-respect springs.”

Marcus is urging us not to waste time complaining about what we haven’t got or how things have worked out. We have to quit monkeying around and be the owners of our own lives. Character can be developed, and when it is, self-respect will ensue. But that means starting and getting serious about it. Not later, not after certain questions have been answered or distractions dealt with, but now. Right now. Taking responsibility is the first step.

To be without this character is the worst of all fates. As Didion put it in “On Self-Respect,” “To live without self-respect is to lie awake some night, beyond the reach of warm milk, the phenobarbital, and the sleeping hand on the coverlet, counting up the sins of commission and omission, the trusts betrayed, the promises subtly broken, the gifts irrevocably wasted through sloth or cowardice or carelessness.”

You’re so much better than that.","July 8

But Which Parts of Them Will You Nurture?

What the circumstances of your upbringing were make a significant difference in how well you do in the world.

—Malcolm Gladwell

Here’s an interesting idea, perhaps not totally supported by science but true enough to jibe with experience: We contain within us, at birth or by an early age, all the virtues and vices we will have in our lives. All our strengths and weaknesses are there, more or less, from the beginning. The question for a parent, then, and for educators and mentors, is: Which of those strengths and virtues will you nourish? Which vices will you allow to fester?

In her beautiful novel Memoirs of Hadrian, Marguerite Yourcenar has Hadrian pour his heart out to young Marcus Aurelius, his adopted grandson. He explains, “I was at 20 much what I am today, but not consistently so. Not everything in me was bad, but it could have been: the good or the better parts also lent strength to the worse.”

We all have good traits and bad traits. What matters, then, what your job is as a parent, is to help your kids nurture their good parts and give them the strength to challenge their bad parts. We need to help them become who they can be. We need to help them be consistent—consistently the best version of themselves."
2025-07-09,"July 9



“For I believe a good king is from the outset and by necessity a philosopher, and the philosopher is from the outset a kingly person.”

—
M
USONIUS
R
UFUS,
L
ECTURES
, 
 8.33.32–34

T
 he Israeli general Herzl Halevi believes that philosophy is essential in his role as a leader and warrior. “People used to tell me that business administration is for the practical life and philosophy is for the spirit,” he said. “Through the years I found it is exactly the opposite—I used philosophy much more practically.” War and leadership offer an unending series of ethical decisions that require priorities, balance, and clarity. That’s what philosophy helps with.

Plato knew this when he imagined a utopia ruled by a philosopher king. “Either philosophers should become kings,” he said in The Republic
 , “or those now called kings should truly and sufficiently undertake philosophy.” Marcus Aurelius was quite literally that philosopher king.

What does that have to do with you? There are fewer kings these days, but we’re all leaders in one way or another—of families, of companies, of a team, of an audience, of a group of friends, of ourselves. It’s the study of philosophy that cultivates our reason and ethics so that we can do our job well. We can’t just wing it—too many people are counting on us to do it right.","July 9

Don’t Let Them Wish to Not Be Who They Are

One of the more vulnerable moments of Pete Buttigieg’s pioneering campaign for president (as a front-running, openly gay man) came in South Carolina when he talked about how he struggled with his identity, with his sexuality:

When I was younger, I would have done anything to not be gay. When I began to halfway realize what it meant that I felt the way I did about people . . . it launched in me something I can only describe as a kind of war. And if that war had been settled on the terms I would have wished for . . . I would not be standing here. If you had offered me a pill to make me straight, I would have swallowed it before you had time to give me a sip of water. It’s a hard thing to think about now. It’s hard to face the truth that there were times in my life when, if you had shown me exactly what it was inside me that made me gay, I would have cut it out with a knife.

No parent ever wants to hear that their kid would like to cut a part of themselves out, that their son or their daughter is at war with themselves. Of course, much of the shame and doubt that Pete felt had nothing to do with his parents and everything to do with the time and culture he was growing up in, but nevertheless.

It’s your job to make sure your kids know that there isn’t a part of them that you’d want them to change if they could. It’s your job to show them that you love the whole them. Through your words, your actions, and your choices, you must teach and prove to them that they make the world better just by being in it and by being themselves."
2025-07-10,"July 10



“Love the humble art you have learned, and take rest in it. Pass through the remainder of your days as one who whole-heartedly entrusts all possessions to the gods, making yourself neither a tyrant nor a slave to any person.”

—
M
ARCUS
A
URELIUS,
M
EDITATIONS
, 
 4.31

S
 top by a comedy club any weekend night in New York or Los Angeles and you’re likely to find some of the world’s biggest and most commercially successful comedians in there, workshopping their craft for just a handful of people. Though they make a fortune in movies or on the road, there they are, practicing the most basic form of their art.

If you ask any of them: “Why are you doing this? Why do you still perform?” The answer is usually: “Because I’m good at it. Because I love it. Because I want to get better. Because I thrive on connecting with an audience. Because I just can’t not
 do it.”

It’s not work for them to get up on stage at Carolines or the Comedy Cellar at 1 a.m. It’s invigorating. They don’t have
 to do it. They’re free, and they choose
 this.

Whatever humble art you practice: Are you sure you’re making time for it? Are you loving what you do enough to make the time? Can you trust that if you put in the effort, the rest will take care of itself? Because it will. Love the craft, be a craftsman.","July 10

Work with Them to Find Their Lane

As we bring up our children, we have to remember that we are caretakers of the future. By improving their education, we improve the future of mankind, the future of this world.

—Immanuel Kant

John Adams’s father wanted nothing but for his son to go to college. John Adams wanted to do anything but go to school. He often skipped class to go fishing or hunting or to fly his kite. He didn’t like his teachers. He didn’t think he was learning anything useful. He had no interest in furthering his education.

So when he declared that he wanted to be a farmer, his father took him down to the salt marsh to cut thatch and wade through muck, showing him what that work would actually be like. The next day, John went back to school, though soon enough he was struggling again. “I don’t like my schoolmaster,” he told his father. “He is so negligent and cross that I can never learn anything under him.” The next day, Adams’s father enrolled him in the private school down the road. There, under a schoolmaster named Joseph Marsh, Adams made a dramatic turn. He was studying. He was reading. And in less than a year, the fifteen-year-old was pronounced “fitted for college.” The following fall, he was enrolled at Harvard.

Our job as parents is to put our kids in environments in which they can thrive and blossom. Our job is to work with them to find their lane. That environment may not be the first school we drop them into. It might take several tries and a fair amount of experimentation. It will definitely take patience. That doesn’t matter.

What matters is that we help them realize who they are meant to be."
2025-07-11,"July 11



“But what does Socrates say? ‘Just as one person delights in improving his farm, and another his horse, so I delight in attending to my own improvement day by day.’”

—
E
PICTETUS,
D
ISCOURSES
, 
 3.5.14

T
 he rage these days is to start your own company—to be an entrepreneur
 . There is no question, building a business from scratch can be an immensely rewarding pursuit. It’s why people put their whole lives into doing it, working countless hours and taking countless risks.

But shouldn’t we be just as invested in building ourselves
 as we would be to any company?

Like a start-up, we begin as just an idea: we’re incubated, put out into the world where we develop slowly, and then, over time, we accumulate partners, employees, customers, investors, and wealth. Is it really so strange to treat your own life as seriously as you might treat an idea for a business? Which one really
 is the matter of life and death?","July 11

Let Them Decide

If I had one wish for my children, it would be that each of you would dare to do the things . . . that have meaning for you as individuals . . . but not worrying if you don’t please everyone.

—Lillian Carter

When Will Ferrell was in middle school, he qualified for the gifted and talented after-school enrichment program, so his mom signed him up. When Will found out, he told her there was a conflict—he had signed himself up for square dancing. He could only do one or the other.

To a parent, there is an obvious choice. It’s not even a discussion. We know which one will teach more, which one will be better for career prospects, which one is “cooler.” But our kids, they don’t know anything about decision-making. They don’t know about mental models. They don’t know about long-term consequences or second-order thinking. They don’t know about weighing pros and cons. They don’t know what’s best for them. They know only what they like, what excites them, what they want right now.

But as actress and fellow SNL cast member Ana Gasteyer tells the story, Will’s mom put all that aside. She looked at her son and said, “It’s up to you. You decide.” Will chose square dancing. “And that, to me,” Gasteyer said, “sums up why Will is the amazing Will Ferrell.” It explained, in her mind, how Will Ferrell became one of the greatest comedic actors of all time. His parents had encouraged and allowed him to. They didn’t intrude with their “real-world” priorities—they let him follow his heart.

When your kids feel a pull toward something creative or fulfilling, the worst thing you can do as a parent is prevent them from going in that direction. Your job, it’s worth repeating whenever there’s a chance, is to encourage them to be who they are, to follow their natural inclinations, to decide what they want to do after school."
2025-07-12,"July 12



“In your actions, don’t procrastinate. In your conversations, don’t confuse. In your thoughts, don’t wander. In your soul, don’t be passive or aggressive. In your life, don’t be all about business.”

—
M
ARCUS
A
URELIUS,
M
EDITATIONS
, 
 8.51

S
 imple is rarely easy. But now that you have these rules, make it your duty to put them into practice—with the first item on your to-do list, with the first conversation you have, with your soul, and, of course, with the life you make for yourself. Not just today, but every day.

Write that on the blackboard and don’t forget it.","July 12

Don’t Judge Them Too Harshly . . . or Quickly

In the spring of 1921, a young ballplayer named Louis Gehrig had a tryout for the great John McGraw at the Polo Grounds. McGraw was the manager of the New York Giants and one of the greatest evaluators of talent in the history of the game.

It was a good tryout. Gehrig hit a few deep shots. He was lively and quick. He was already showing off his almost inhumanly large lower body, which was key to power at the plate. But then Gehrig headed to first base . . . where he promptly let an easy ball go through his feet. According to biographers, the tryout ended almost immediately. McGraw had seen all he needed to see.

We might call this moment McGraw’s Folly. In an instant, he sized up and judged this kid—and make no mistake, Gehrig was a kid. He was painfully shy, sheltered, inexperienced . . . and McGraw’s inability or unwillingness to factor that into his evaluation meant he would miss out on the career of one of the game’s greatest talents and human beings.

Gehrig would go on to play first base for the Yankees, hit hundreds of home runs, win six World Series and hold the record for the longest streak of consecutive starts for over fifty years. Maybe he would have been worth a little more patience? A slightly more open mind?

It’s essential that we learn from these misses when it comes to talent. People are ciphers, even our own kids. We are not nearly as good at evaluating ability and predicting the future as we think we are. So we have to be forgiving. We can’t jump to conclusions. We have to give kids the benefit of the doubt. We have to root for them, not write them off."
2025-07-13,"July 13



“One person, on doing well by others, immediately accounts the expected favor in return. Another is not so quick, but still considers the person a debtor and knows the favor. A third kind of person acts as if not conscious of the deed, rather like a vine producing a cluster of grapes without making further demands, like a horse after its race, or a dog after its walk, or a bee after making its honey. Such a person, having done a good deed, won’t go shouting from rooftops but simply moves on to the next deed just like the vine produces another bunch of grapes in the right season.”

—
M
ARCUS
A
URELIUS,
M
EDITATIONS
, 
 5.6

H
 ave you ever heard someone else repeat one of your ideas as though it were their own? Did you ever notice a younger sibling or relative mimic your behavior, perhaps the way you dress or the music you listen to? Maybe you moved to a new neighborhood and a bunch of hipsters followed. When we are young and inexperienced, we can react negatively to these situations. Stop copying me! I was here first!

As we mature, we start to see them in a different light. We understand that stepping up and helping is a service that leaders provide to the world. It’s our duty to do this—in big situations and small ones. If we expect to be leaders, we must see that thankless service comes with the job. We must do what leaders do, because it’s what leaders do—not for the credit, not for the thanks, not for the recognition. It’s our duty.","July 13

Teach Them to Choose

If your choices are beautiful, so too will you be.

—Epictetus

It makes sense that parents make most of the decisions for their kids. Parents know more. Kids basically know nothing. About life. About what the weather is going to be tomorrow. About how the world works.

The problem with this is that you’re depriving your kids of a very important skill: the ability to make decisions. Is it any wonder that so many teenagers are utterly overwhelmed when it comes to choosing where to go to college? Or what to major in? For most of them, it’s the first real decision they’ve made in their whole lives.

That’s why, as a parent, you have to actively work to not choose everything for them. Ask them whether they want to go to the park or play catch in the yard. Ask them what movie they want to see. What should we cook for dinner? Do you want to take a shower tonight or a bath? Would you rather try out for the baseball or the basketball team? If you don’t like mowing the lawn, what’s another chore you’d like to do to contribute around the house? Shorts or pants today? Go pick out something to wear.

Teach them how to choose. Empower them. Make sure they know how to decide, and to be okay with their decision even if they decide wrong. It doesn’t matter that you know more. What matters is that you let them learn.

A life is the sum and substance of a person’s decisions. Prepare them to make good decisions so they can make the best possible life for themselves."
2025-07-14,"July 14



“Every great power is dangerous for the beginner. You must therefore wield them as you are able, but in harmony with nature.”

—
E
PICTETUS,
D
ISCOURSES
, 
 3.13.20

G
 reat teachers are usually hardest on their most promising students. When teachers see potential, they want it to be fully realized. But great teachers are also aware that natural ability and quick comprehension can be quite dangerous to the student if left alone. Early promise can lead to overconfidence and create bad habits. Those who pick things up quickly are notorious for skipping the basic lessons and ignoring the fundamentals.

Don’t get carried away. Take it slow. Train with humility.","July 14

You Must Adjust Accordingly

The scientist Jennifer Doudna’s father was an English professor. It wasn’t until he had a young daughter that he realized that almost all the books he assigned to his students were written by men. Having a daughter made him realize how acutely unfair this was, how this deprived his students of valuable perspectives and inspiration. So, as Walter Isaacson writes in his fascinating biography of Jennifer Doudna and the work that won her a Nobel Prize, her father quietly “added Doris Lessing, Anne Tyler, and Joan Didion to his syllabus.” He started bringing books home to his daughter that might inspire her too.

Like a good father (and human being), he adjusted. Not out of political correctness but out of real empathy. And what was the effect? Did he lose his spine or his manhood? Did censorship win? No, his choice made the world better! His students were better and his ability to connect with his daughter was better. Then decades later, the world became better as a result of this adjustment (you can thank Doudna and by extension her father for your family’s COVID-19 mRNA vaccine).

Don’t be frozen in time. Don’t close your mind. Be open . . . and adjust."
2025-07-15,"July 15



“When you’ve done well and another has benefited by it, why like a fool do you look for a third thing on top—credit for the good deed or a favor in return?”

—
M
ARCUS
A
URELIUS,
M
EDITATIONS
, 
 7.73

T
 he answer to the question “Why did you do the right thing?” should always be “Because it was the right thing to do.” After all, when you hear or see another person do that—especially when they might have endured some hardship or difficulty as a consequence for doing that right thing—do you not think, There, that is a human being at their fi
nest
 ?

So why on earth do you need thanks or recognition for having done the right thing? It’s your job.","July 15

Always Keep Their Interests in Mind

You should remember that in every person lives the same spirit which lives in us.

—Arthur Schopenhauer

There will always be a gulf between parents and their children, at least when it comes to taste. That is as it should be. Your tastes are informed by years of experience and theirs by the yet unjaded joy of discovery. Why would you like what they like? You know more!

And still, it remains an imperative—if you want to connect with them and shape and encourage them—that you always keep their interests in mind, because your job is to figure out what they like and help them continue to explore it.

Oh, they liked this movie? Here’s another they might enjoy. Oh, they like this book? Here’s the author’s entire catalog for their birthday. Oh, they like dinosaurs? Here come the weekend trips to museums; here come the photos of you in front of the Brachiosaurus in the United terminal at O’Hare; here comes a dinosaur video you can watch together.

When their interests become your interests, they become opportunities to connect and explore and to share. Let them be the driver; you just provide the fuel."
2025-07-16,"July 16



“To what service is my soul committed? Constantly ask yourself this and thoroughly examine yourself by seeing how you relate to that part called the ruling principle. Whose soul do I have now? Do I have that of a child, a youth . . . a tyrant, a pet, or a wild animal?”

—
M
ARCUS
A
URELIUS,
M
EDITATIONS
, 
 5.11

T
 o what are you committed? What cause, what mission, what purpose? What are you doing? And more important, why are you doing it? How does what you do every day reflect, in some way, the values you claim to care about? Are you acting in a way that’s consistent with something you value, or are you wandering, unmoored to anything other than your own ambition?

When you examine these questions, you might be uncomfortable with the answers. That’s good. That means you’ve taken the first step to correcting your behavior—to being better than those wild creatures Marcus mentions. It also means you’re closer to discovering what your duty calls you to do in life. And once you discover it, you’ve moved a little bit closer to fulfilling it.","July 16

Original Is Better Than Smart

The “C” students run the world.

—Harry Truman

We think we want smart kids. That’s why we monitor their grades, why we hire tutors, why we help them study for the SATs. It’s even how we find ourselves praising them: You are so smart!

But is this really setting them up for success in life? The essayist, entrepreneur, and venture capitalist Paul Graham warns parents against fighting the last war—trying to get their kids into good colleges to then get good jobs available to smart people. Einstein wasn’t special because he was smart, Graham writes, but because he had original ideas.

Think of the people we admire most; they share that feature. It wasn’t that they were smart—it was that they had a different way of looking at the world. They were unique, and with this uniqueness (which was often coupled with intelligence) they did great things. So as you try to mold your child—well, maybe stop trying to mold them and just help guide them as they grow.

Encourage them to be their original, unique selves. Encourage them to explore, to find new things. The world is full of smart people . . . and most of them are insufferably boring and unimpressive. What we need are fresh thinkers and creative people. What we need are originals."
2025-07-17,"July 17



“As you move forward along the path of reason, people will stand in your way. They will never be able to keep you from doing what’s sound, so don’t let them knock out your goodwill for them. Keep a steady watch on both fronts, not only for well-based judgments and actions, but also for gentleness with those who would obstruct our path or create other difficulties. For getting angry is also a weakness, just as much as abandoning the task or surrendering under panic. For doing either is an equal desertion—the one by shrinking back and the other by estrangement from family and friend.”

—
M
ARCUS
A
URELIUS,
M
EDITATIONS
, 
 11.9

A
 s we begin to make progress in our lives, we’ll encounter the limitations of the people around us. It’s like a diet. When everyone is eating unhealthy, there is a kind of natural alignment. But if one person starts eating healthy, suddenly there are opposing agendas. Now there’s an argument about where to go for dinner.

Just as you must not abandon your new path simply because other people may have a problem with it, you must not abandon those other folks either. Don’t simply write them off or leave them in the dust. Don’t get mad or fight with them. After all, they’re at the same place you were not long ago.","July 17

Your Job Is to Show Them What’s Possible

That the children of successful parents turn out spoiled and lazy is a cliché that has proven itself true across time more often than any of those parents would like to admit. But there is also no shortage of examples that subvert this preconception. There are numerous professional athletes with kids who make it into the pros. Both John Quincy Adams and George W. Bush followed their fathers to the White House. There are plenty of writers and artists whose children went on to be successful in the arts.

How does this work? Obviously there was no shortage of natural talent. Nepotism too. These kids were gifted and then were given big advantages. But there is another force at play too, one that every parent should think about. Could it be that the biggest privilege afforded to these kids was seeing their parent passionately and practically pursue a career that most people have trouble even imagining? That the real gift they got was seeing that following your dreams was actually possible? And that it wasn’t magic, it was just a lot of hard work?

Too many parents spend time either consciously or subtly telling their kids to think small, to be realistic, to consider the odds. But living in the same house as a professional athlete or a head of state or an award-winning author sends a powerful message: It can be done! It just takes work, dedication, and, of course, confidence.

That’s your real job, whatever you do for a living. To show them what’s possible. To push them to go for it, whatever “it” is."
2025-07-18,"July 18



“My reasoned choice is as indifferent to the reasoned choice of my neighbor, as to his breath and body. However much we’ve been made for cooperation, the ruling reason in each of us is master of its own affairs. If this weren’t the case, the evil in someone else could become my harm, and God didn’t mean for someone else to control my misfortune.”

—
M
ARCUS
A
URELIUS,
M
EDITATIONS
, 
 8.56

T
 he foundation of a free country is that your freedom to swing your fist ends where someone else’s nose begins. That is, someone else is free to do what they like until it interferes with your physical body and space. This saying can work as a great personal philosophy as well.

But living that way will require two important assumptions. First, you ought to live your own life in such a way that it doesn’t negatively impose on others. Second, you have to be open-minded and accepting enough to let others do the same.

Can you do that? Even when you really, really disagree with the choices they’re making? Can you understand that their life is their business and yours is your own? And that you’ve got plenty to wrestle with yourself without bothering anyone else?","July 18

Don’t Give Them This

The biggest impediment to happiness in life is something that many of us picked up very early in our lives: shame.

Shame is guilt’s evil twin. Where guilt is feeling bad about things you’ve done; shame is feeling bad about who you are—for things about yourself that you don’t control. Having normal, biological urges. Being uncoordinated. Having unique artistic tastes. Struggling with social cues. Having a limited palate or an extremely adventurous one. There is almost no limit to the things about ourselves that we are capable of feeling shame over.

What’s so tragic about shame, though, is that it does not come naturally. Watch an innocent child play intently with their food or pretend completely to be a princess or a dragon, and there isn’t a whisper of shame to be heard. Because they have not been made to feel ashamed about these things yet.

Shame is inherited. It is passed along, often by parents, on the back of cutting remarks, unnecessary judgments, and thoughtless choices. It’s up to you to not let them inherit shame.

It’s up to you to let them be their own people, to let them be comfortable in their own skin—pretending to be dragons, flailing to music you don’t like, trying things you’d never try yourself, it doesn’t matter . . . as long as it matters to them.

Embrace your children, so they might embrace the things that make them unique and wholly themselves. There is no shame in that."
2025-07-19,"July 19



“As Plato said, every soul is deprived of truth against its will. The same holds true for justice, self-control, goodwill to others, and every similar virtue. It’s essential to constantly keep this in your mind, for it will make you more gentle to all.”

—
M
ARCUS
A
URELIUS,
M
EDITATIONS
, 
 7.63

A
 s he wound his way up Via Dolorosa to the top of Calvary Hill, Jesus (or Christus
 as he would have been known to Seneca and other Roman contemporaries) had suffered immensely. He’d been beaten, flogged, stabbed, forced to bear his own cross, and was set to be crucified on it next to two common criminals. There he watched the soldiers roll dice to see who would get to keep his clothes, listened as the people sneered and taunted him.

Whatever your religious inclinations, the words that Jesus spoke next—considering they came as he was subjected to unimaginable human suffering—send chills down your spine. Jesus looked upward and said simply, “Father, forgive them, for they know not what they do.”

That is the same truth that Plato spoke centuries earlier and that Marcus spoke almost two centuries after Jesus; other Christians must have spoken this truth as they were cruelly executed by the Romans under Marcus’s reign: Forgive them; they are deprived of truth. They wouldn’t do this if they weren’t.

Use this knowledge to be gentle and gracious.","July 19

Encourage Them to Be the Best

There are the parents who just want their kids to have fun. And there are the parents who push their kids to be winners. The one side believes competition doesn’t matter; the other side believes competition is the only thing that matters. Like so many two-sided debates, there’s a third option that both sides miss, which is actually far superior to either, though much more nuanced.

The great John Wooden—one of the winningest coaches in college basketball history—said it was what he learned from his father:

Dad’s message about basketball—and life—was this: “Johnny, don’t try to be better than somebody else, but never cease trying to be the best you can be. You have control over that. The other you don’t.” It was simple advice: work hard, very hard, at those things I can control and don’t lose sleep over the rest of it.

As you put your kid out there in softball or on the debate team, as you talk to them about their class rank or their mile time, make sure that you are letting them know that how they compare with other people is far less important than how they measure up against their own potential. Somebody who gives their best effort at everything they do is going to go much further in life (and have a happier one) than somebody who is obsessed with coming in first place or who never earnestly tries for fear that they will lose.

So tell your kid to be the best they can be. Tell them to measure themselves against their own potential and their own progress. Not only does that usually lead to winning, but it is also what winners do."
2025-07-20,"July 20



“The unjust person acts against the gods. For insofar as the nature of the universe made rational creatures for the sake of each other, with an eye toward mutual benefit based on true value and never for harm, anyone breaking nature’s will obviously acts against the oldest of gods.”

—
M
ARCUS
A
URELIUS,
M
EDITATIONS
, 
 9.1.1

W
 e say of the most heinous acts that they are crimes against nature. We consider certain things to be an affront against humanity, saying, “This violates everything we hold dear.” However much we differ in religion, upbringing, politics, class, or gender, we can come together in agreement there.

Why? Because our sense of justice goes marrow deep. We don’t like it when people cut in line; we don’t like freeloaders; we pass laws that protect the defenseless; and we pay our taxes, agreeing, in part, to redistribute our wealth to those in need. At the same time, if we think we can get away with it, we might try to cheat or bend the rules. To paraphrase Bill Walsh, when left to our own devices, many of us individuals seek lower ground like water.

The key, then, is to support our natural inclination to justice with strong boundaries and strong commitments—to embrace, as Lincoln urged a divided, angry nation to do, “the better angels of our nature.”","July 20

Help Them Go Find It

A young Kwame Onwuachi was cooking with his mother in their apartment in the Bronx, when suddenly the apartment was overwhelmed by a strange smell. As he would write in his memoir, the “thick fragrant smell of curry came on so strong both of us stopped what we were doing and looked up.” But it wasn’t actually the smell that he remembered. It was what his mother did next.

“Let’s go find it!” she said to him with palpable excitement, and then together they raced down the hallways of each floor of their building, trying to locate the source. As soon as the doors opened to the third floor, they knew they were close. Without so much as a hesitation, his mother knocked on the door that had so beckoned her. “My name is Jewel,” she said confidently. “This is my son, Kwame. We live on the sixth floor. We couldn’t help but smell what you were cooking.”

The woman was stunned. Fear registered across her face. Were they about to complain? To say something offensive? No, that wasn’t his mother’s style. “It smells wonderful,” she said. “I don’t know how to say this, but we’d like to try it!”

How did Kwame go on to start his own catering company, graduate from the Culinary Institute, work at Per Se, and start one of the most talked-about restaurants in America, before his twenty-fourth birthday? It can all be traced back to this surreal exchange. His mother showed him in that moment so many wonderful traits: Curiosity. Confidence. Assertiveness. Figureoutable-ness. Passion. Neighborliness.

These are all things we can and must teach our children in our own way. But it can start by following our nose."
2025-07-21,"July 21



“Whenever you have trouble getting up in the morning, remind yourself that you’ve been made by nature for the purpose of working with others, whereas even unthinking animals share sleeping. And it’s our own natural purpose that is more fitting and more satisfying.”

—
M
ARCUS
A
URELIUS,
M
EDITATIONS
, 
 8.12

I
 f a dog spends all day in bed—your bed, most likely—that’s fine. It’s just being
 a dog. It doesn’t have anywhere to be, no other obligation other than being itself. According to the Stoics, we humans have a higher obligation—not to the gods but to each other. What gets us out of bed each morning—even when we fight it like Marcus did—is praxeis koinonikas apodidonai
 (to render works held in common). Civilization and country are great projects we build together and have been building together with our ancestors for millennia. We are made for cooperation (synergia
 ) with each other.

So if you need an extra boost to get out of bed this morning, if you need something more than caffeine can offer, use this. People are depending on you. Your purpose is to help us render this great work together. And we’re waiting and excited for you to show up.","July 21

Stop Trying to Change Them

My wife and I, our whole job is to provide, to protect, to love, to facilitate. . . . It’s to find out who our children are, find out their likes and their dislikes, and try to help them through life, to find themselves. It’s not about us.

—Dwyane Wade

We should always try to learn from parents who have had it harder than us, who have really been through the wringer.

Brandon Boulware is the son of a minister. He’s a lawyer, an avowed Christian man, a husband, and the father of four children. In 2021, he gave deeply moving testimony to the Missouri House of Representatives about his struggles with his transgender daughter. He told the lawmakers that he’d long tried—out of fear and love and a desire to protect—to keep his child from wearing girls’ clothes and playing on girls’ teams. Then one day, she asked him if she could go play with the neighbors. It’s time for dinner, he said. But if I go out in boy clothes, can I play with them? came the reply. Then it hit him: he’d accidentally taught his child that not being who she is was a way to be rewarded.

What Boulware so beautifully communicates in his brief testimony is a lesson for all parents. “Let them have their childhoods,” he pleads. “Let them be who they are.”

Maybe you’re artistic and your kid is not. Maybe you’re athletic and your kid is not. Maybe you’re not religious and your teenager is. Maybe you’re liberal and your kid is not. Whatever it is, let them be who they are. Let them experiment. Let them discover themselves—let them discover their truths. Let them have their childhoods.

You might not like the results of these explorations. They might challenge your most deeply held assumptions. But guess what? That’s a you problem."
2025-07-22,"July 22



“Nothing is noble if it’s done unwillingly or under compulsion. Every noble deed is voluntary.”

—
S
ENECA,
M
ORAL
L
ETTERS
, 
 66.16
b

Y
 ou don’t have
 to do the right thing. You always have the option to be selfish, rude, awful, shortsighted, pedantic, evil, or stupid. In fact, sometimes there are incentives to break bad. Certainly, not every criminal gets caught.

But how does this line of thinking usually work out for people? What’s that life like?

You don’t have to do the right thing, just as you don’t have to do your duty. You get
 to. You want
 to.","July 22

They Don’t Know What They Want

Nobody knows anything.

—William Goldman

As a parent, it’s really easy to force your kids to do stuff. You’re bigger than them. You control the purse strings. You possess the legal and moral authority to make them do what you think is best for them. But when you wield that power without so much as a conversation, you’re teaching them that they have no power, no control, that their wishes don’t really matter in your house, in this life.

You’re also setting up a bad habit for yourself. You won’t always have this power over them. You don’t want to habituate a kind of disrespect for, or disinterest in, what they think they want. Because one day, they’ll want to change their college major. They’ll want to move across the country. They’ll want to make some lifestyle change you disagree with. They’ll want to tweak some long-standing family tradition. And you will be so used to thinking that you know better, that you are the decider, that you won’t be able to handle it. Especially the part where they don’t have to listen to you. But worse than that, your relationship with your kids won’t be able to weather the fallout from your egotistical implosion.

Your kids don’t always know what they want. But guess what? Nobody does. So you have to figure out how to be in charge without being a tyrant, how to generally know better without being a know-it-all. You have to learn how to use the gravity of your experience to move them gently in the direction they should go, instead of using the mass of your position as parent to force them that way.

This won’t be easy . . . but such is the life (and balancing act) of being a parent."
2025-07-23,"July 23



“Receive without pride, let go without attachment.”

—
M
ARCUS
A
URELIUS,
M
EDITATIONS
, 
 8.33

I
 n the midst of the breakdown of the Roman Republic, during the civil war between Pompey and Caesar, Pompey made the decision to give control of the military fleet to Cato. It was a massive honor and hugely powerful position. But then a few days later, responding to the protests of his jealous inner circle, Pompey reversed his decision and took the command away.

It could have been seen as an enormous public humiliation—to be given a promotion and then have it taken away. The record shows that Cato’s reaction was basically nothing. He responded to the honor and the dishonor the same way: with indifference and acceptance. He certainly didn’t let it affect his support for the cause. In fact, after the snub, he worked to rally the soldiers before battle with inspirational speeches—the very men who should have been under his command.

That’s what Marcus is saying. Do not take the slights of the day personally—or the exciting rewards and recognitions either, especially when duty has assigned you an important cause. Trivial details like the rise and fall of your position say nothing about you as a person. Only your behavior—as Cato’s did—will.","July 23

How Often Do You Say No?

Even those of us who don’t think of ourselves as strict parents should stop and think about just how often our kids hear us say the word no. As in: “No, stop that.” “No, you can’t go out tonight.” “No, get off of there.” “No, we have to go home.” “No, I’m not buying you that.” “No, that’s not how you do that.”

It’s not that we’re demanding; it’s just that we care. This might keep them safe, but the downside is that from the perspective of a two-year-old or a twenty-year-old, it means that basically all they hear their parent say is no. No, no, no, no.

Harry Truman, father of a daughter, Margaret, had a clever quip about this: “I have found the best way to give advice to your children is to find out what they want and then advise them to do it.”

His point is that nobody likes to be told what to do. And your job isn’t to make them do all the things you want them to do; it’s to help them do the things they want to do (safely and within reason, of course).

It’s their life, after all. Learn how to say yes. Learn how to advise them on what they are going to do anyway—so that if you can’t stop it, you can at least prepare them. Be someone who helps, not the kind of parent who only gets in the way."
2025-07-24,"July 24



“Whenever disturbing news is delivered to you, bear in mind that no news can ever be relevant to your reasoned choice. Can anyone break news to you that your assumptions or desires are wrong? No way! But they can tell you someone died—even so, what is that to you?”

—
E
PICTETUS,
D
ISCOURSES
, 
 3.18.1–2

A
 well-meaning friend might ask you today: “What do you think about [insert tragedy from the other side of the world]?” You, in your equally well-meaning concern, might say, “I just feel awful about it.”

In this scenario, both of you have put aside your reasoned choice without doing a single thing for the victims suffering from the actual tragedy. It can be so easy to get distracted by, even consumed by, horrible news from all over the world. The proper response of the Stoic to these events is not to not
 care, but mindless, meaningless sympathy does very little either (and comes at the cost of one’s own serenity, in most cases). If there is something you can actually do to help these suffering people, then, yes, the disturbing news (and your reaction to it) has relevance to your reasoned choice. If emoting
 is the end of your participation, then you ought to get back to your own individual duty—to yourself, to your family, to your country.","July 24

You Have to Listen

The reason why we have two ears and only one mouth is so we might listen more and talk less.

—Zeno

Shortly after the release of his book Parents Who Lead, Dr. Stewart Friedman—an award-winning psychologist and a leading researcher on leadership and work-life integration—was asked what great new discoveries or insights he came across in the process of writing the book. “My favorite,” he said, “was about how much parents have to gain by learning how to listen to their children about what they really need.” Dr. Friedman elaborated:

It’s often quite surprising to hear what’s actually on their minds and how you can be a better leader in your family when you know what’s in the hearts and minds of those precious people who look up to you. One father, who was keen to impress upon his son the value of curiosity and study, asked him what he was interested in learning. To his utter delight, his son said, “I want to learn to vacuum.” His son wanted to be useful; he wanted to contribute and have a purpose himself. You don’t really know, in other words, what’s inside until you pay attention, with dedication and compassion, like effective leaders do.

That little fellow is always trying to tell you things. Of course, it’s not always explicit. Sometimes “I want to learn to be useful” comes out as “I want to learn to vacuum.” Sometimes “I want to be a good friend” comes out as “Can you drive me to Bobby’s house?” Sometimes “I want to be a writer” comes out as an awkward kid who doesn’t want to watch sports with you.

Still, they are always trying to tell you something. And you’ll hear them only if you’re really listening."
2025-07-25,"July 25



“When you see someone often flashing their rank or position, or someone whose name is often bandied about in public, don’t be envious; such things are bought at the expense of life. . . . Some die on the first rungs of the ladder of success, others before they can reach the top, and the few that make it to the top of their ambition through a thousand indignities realize at the end it’s only for an inscription on their gravestone.”

—
S
ENECA,
O
N THE
B
REVITY OF
L
IFE
, 
 20

S
 ometimes our professional commitments can become an end unto themselves. A politician might justify the neglect of his family for his office, or a writer might believe her “genius” excuses antisocial or selfish behavior. Anyone with some perspective can see that, in fact, the politician is really just in love with fame, and the writer enjoys being condescending and feeling superior. Workaholics always make excuses for their selfishness.

While these attitudes can lead to impressive accomplishments, their cost is rarely justified. The ability to work hard and long is admirable. But you are a human being
 , not a human doing.
 Seneca points out that we’re not animals. “Is it really so pleasant to die in harness?” he asked. Aleksandr Solzhenitsyn put it better: “Work is what horses die of. Everybody should know that.”","July 25

Don’t Help Them Become Who You Were

Tim Hardaway Jr. is the son of an NBA Hall of Famer. Growing up, it was hard being the son of someone who had played the game at such a high level, particularly while trying to master the same sport himself.

In the car on the way home from games, Tim Sr. would highlight the mistakes Tim Jr. had made, the shots he should have made, the plays he should have made. He’d say, “You’re not performing at a high-enough level” and “Get better, or we’ll stop you from playing the game of basketball forever.” If Tim Jr. didn’t want to watch basketball on TV, Tim Sr. would shake his head and say, “You don’t love the game enough.”

Tim Sr. would say that he put this pressure on his son because he loved him: “I wanted him to play like I had played, to take the game seriously like I took the game seriously, understand the game like I understood the game.”

Sure, it “worked out” in the sense that Tim Hardaway Jr. is a great basketball player too . . . but is that because his dad said mean things to him? Or threatened him? Or could it have just as much to do with the fact that he’s six foot five, has a six-foot-seven-inch wingspan, and played in college for John Beilein? And let’s say it hadn’t worked out or had just worked out less well. Don’t you think both father and son, in retrospect, would have taken that trade if it meant they had a better relationship?

As we’ve said, our job is to help our kids become who they are. It’s not to help them become who we were. It’s not their responsibility to carry on your legacy, to play the sport you played, to wear the number you wore."
2025-07-26,"July 26



“Often injustice lies in what you aren’t doing, not only in what you are doing.”

—
M
ARCUS
A
URELIUS,
M
EDITATIONS
, 
 9.5

H
 istory abounds with evidence that humanity is capable of doing evil, not only actively but passively. In some of our most shameful moments—from slavery to the Holocaust to segregation to the murder of Kitty Genovese—guilt wasn’t limited to perpetrators but to ordinary citizens who, for a multitude of reasons, declined to get involved. It’s that old line: all evil needs to prevail is for good men to do nothing.

It’s not enough to just not
 do evil. You must also be a force for good in the world, as best you can.","July 26

What Are You Making Them Do?

There’s a line adapted from Aristotle but given to us by the historian Will Durant:

We are what we repeatedly do. Therefore, excellence is not an act but a habit.

The real question as parents, then, is What are we making our kids do?

Excellence isn’t something we pursue as a destination. It’s something we pursue in the doing. Day in and day out. In the little things as well as the big things. It’s something that emerges when we turn that type of pursuit, through action, into a habit. And it’s our job as parents to help our kids understand this. To help them realize who they are by what they do day to day, what they do this day, today.

We are what we do repeatedly."
2025-07-27,"July 27



“Indeed, if you find anything in human life better than justice, truth, self-control, courage—in short, anything better than the sufficiency of your own mind, which keeps you acting according to the demands of true reason and accepting what fate gives you outside of your own power of choice—I tell you, if you can see anything better than this, turn to it heart and soul and take full advantage of this greater good you’ve found.”

—
M
ARCUS
A
URELIUS,
M
EDITATIONS
, 
 3.6.1

W
 e’ve all chased things we thought would matter. At some point, we all thought that money would be the answer, that success was the highest prize, that the undying love of a beautiful person would finally make us feel warm inside. What do we find when we actually attain these sacred objects? Not that they are empty or meaningless—only those who have never had them think that—but what we find is that they are not enough.

Money creates problems. Climbing one mountain exposes another, higher peak. There is never enough love.

There is something better out there: real virtue. It is its own reward. Virtue is the one good that reveals itself to be more than we expect and something that one cannot have in degrees. We simply have it or we don’t. And that is why virtue—made up as it is of justice, honesty, discipline, and courage—is the only thing worth striving for.","July 27

Why? Why? Why?

I would rather have questions that can’t be answered than answers that can’t be questioned.

—Richard Feynman

As a parent, there is no word you hear more. Why? Why not? Why can’t I? Why do I have to? Why does it work like that? Why? Why? Why? Why? Why?

It’s annoying, to be sure, but you must be sure to never discourage this. So much of what we take for granted as parents, and as people, is arbitrary and poorly supported. Perhaps that’s because at a young age our own impulse to question and explore was suppressed. We were not taught to see that most of the rules and limitations of the world have no real basis in logic, or reason, or even morality.

When we asked “Why?” we were told, “Because.” Full stop. We were not encouraged to challenge assumptions, to question the status quo, to learn why things are the way they are. And our limited access to wisdom and truth limited us in turn.

Let’s not continue this tradition. Let’s turn over a new leaf with this generation—the one we are in charge of raising into the best versions of themselves. We want our kids to make the world a better place; we want them to improve things; we want them to be better than us.

That can’t happen if they are complacent, if they are credulous, if they don’t think they are empowered to subject their reality to even the simplest interrogation and demand answers accordingly.

“Why?” is a great question. Help them see that.

And then help them answer it."
2025-07-28,"July 28



“Some people are sharp and others dull; some are raised in a better environment, others in worse, the latter, having inferior habits and nurture, will require more by way of proof and careful instruction to master these teachings and to be formed by them—in the same way that bodies in a bad state must be given a great deal of care when perfect health is sought.”

—
M
USONIUS
R
UFUS,
L
ECTURES
, 
 1.1.33–1.3.1–3.

A
 t the end of a frustrating exchange, you might find yourself thinking, Ugh, this person is such an idiot.
 Or asking, Why can’t they just do things right?

But not everyone has had the advantages that you’ve had. That’s not to say that your own life has been easy—you just had a head start over some people. That’s why it is our duty to understand and be patient with others.

Philosophy is spiritual formation, care of the soul. Some need more care than others, just as some have a better metabolism or were born taller than others. The more forgiving and tolerant you can be of others—the more you can be aware of your various privileges and advantages—the more helpful and patient you will be.","July 28

Give Them Space

If you’re not careful, their whole lives get filled up.

Basketball practice. School. Cello lessons. Chores at home. You don’t want them in front of screens all day; you don’t want them to waste their lives or fall behind. You want them to make something of themselves.

But you have to be careful. Even two thousand years ago, Plutarch was warning parents to not overschedule and overplan their kid’s lives. “Children must be given some breathing space from continued tasks,” he wrote, “for we must bear in mind that our whole life is divided between relaxation and application.”

Do you do your best work when you are exhausted and stretched too thin? Are you happy when your calendar is full? Aren’t you tired of running them from place to place? Imagine how they feel! They don’t even fully understand what stress is, what burnout is. So it’s incumbent upon you to protect them from it.

Give them space. Give them the opportunity to relax. That’s your job."
2025-07-29,"July 29



“The person who has practiced philosophy as a cure for the self becomes great of soul, filled with confidence, invincible—and greater as you draw near.”

S
ENECA,
M
ORAL
L
ETTERS
, 
 111.2

W
 hat is “a cure for the self”? Perhaps Seneca means that, through nature and nurture, we develop a unique set of characteristics—some positive and some negative. When those negative characteristics begin to have consequences in our lives, some of us turn to therapy, psychoanalysis, or the help of a support group. The point? To cure certain selfish, destructive parts of ourselves.

But of all the avenues for curing our negative characteristics, philosophy has existed the longest and helped the most people. It is concerned not just with mitigating the effects of a mental illness or a neurosis, but it is designed to encourage human flourishing. It’s designed to help you live the Good Life.

Don’t you deserve to flourish? Wouldn’t you like to be great of soul, filled with confidence, and invincible to external events? Wouldn’t you like to be like the proverbial onion, packed with layers of greatness?

Then practice
 your philosophy.","July 29

Do Not Get in the Way of Their Primal Inclinations

You want to show them your favorite movies. Your favorite bands. All the places you loved as a kid. The sports you love to play or watch.

This is special and wonderful, because you’re sharing not just experiences or sights or sounds or tastes but parts of yourself. These things shaped who you are and how you became that person, and to share that is to give your kids a deeper look at the person raising them. But you should share with caution.

Just as you shouldn’t overtly pressure your kids into a certain lane (“You need to become a doctor”), the author Robert Greene said, parents must be careful of the less overt forms of pressure—steering them to be interested in the things you are interested in, forcing them to participate in this activity or play that sport, calling the arts or entrepreneurship “risky” or artists and entrepreneurs “crazy.” As Robert said:

As a parent, you need to let go. You need to let your child blossom. You need to think of your child like they’re a plant that you want to foster and grow in its most natural form and not hinder in any way. You have to let your child go in whatever direction he or she wants. When the child reveals a proclivity toward something, encourage them to go in that direction. Because that proclivity reveals something extremely powerful from within—it reveals what I call a primal inclination. Do not get in the way of their primal inclinations in any way, shape, or form. That’s the most important thing you can do.

Throw away your expectations. Your responsibility is to encourage them to be who they are, not what you want them to be or who you wish you’d become. Don’t force your interests on your child. Pay attention to their natural, primal inclinations, then foster their blossoming."
2025-07-30,"July 30



“Trust me, real joy is a serious thing. Do you think someone can, in the charming expression, blithely dismiss death with an easy disposition? Or swing open the door to poverty, keep pleasures in check, or meditate on the endurance of suffering? The one who is comfortable with turning these thoughts over is truly full of joy, but hardly cheerful. It’s exactly such a joy that I would wish for you to possess, for it will never run dry once you’ve laid claim to its source.”

—
S
ENECA,
M
ORAL
L
ETTERS
, 
 23.4

W
 e throw around the word “joy” casually. “I’m overjoyed at the news.” “She’s a joy to be around.” “It’s a joyous occasion.” But none of those examples really touches on true joy. They are closer to “cheer” than anything else. Cheerfulness is surface level.

Joy, to Seneca, is a deep state of being. It is what we feel inside us and has little to do with smiles or laughing. So when people say that the Stoics are dour or depressive, they’re really missing the point. Who cares if someone is bubbly when times are good? What kind of accomplishment is that?

But can you be fully content with your life, can you bravely face what life has in store from one day to the next, can you bounce back from every kind of adversity without losing a step, can you be a source of strength and inspiration to others around you? That’s Stoic joy
 —the joy that comes from purpose, excellence, and duty. It’s a serious thing—far more serious than a smile or a chipper voice.","July 30

This Is Always in Their Control

We don’t get to pick how tall our kids are, and neither do they. It’s beyond their control whether they’re big or small, whether they have the fastest reflexes or the strongest muscles or the quickest wit. They don’t control whether the coach loves them . . . or is a jerk. They don’t control most of what happens in the classroom, or in the locker room for that matter. As Cheryl Strayed writes in Tiny Beautiful Things, “You don’t have a right to the cards you believe you should have been dealt.”

So what do we tell our kids to focus on? What is always up to them?

What they do in response to those circumstances. What’s up to them is whether they do their best or not. Whether they try hard. Whether they find a way to enjoy the process and live up to their potential.

So after practice, after the game, after the big test, you need to make sure that your questions and your criteria for judging them reflect that. Meaning not “Did you guys win?” or “Did you pass?” but “Did you have fun?” or “Did you do your best?” or “What do you think you could have done better to prepare?”

We don’t control the hand we’re dealt. Our biology isn’t up to us, nor is our place in the world (geographically or socioeconomically). But our kids (or families) decide how we play that hand. We decide what we do about it. We decide whether we give it our all. We decide who we become.

Teach them that."
2025-07-31,"July 31



“How disgraceful is the lawyer whose dying breath passes while at court, at an advanced age, pleading for unknown litigants and still seeking the approval of ignorant spectators.”

—
S
ENECA,
O
N THE
B
REVITY OF
L
IFE
, 
 20.2

E
 very few years, a sad spectacle is played out in the news. An old millionaire, still lord of his business empire, is taken to court. Shareholders and family members go to court to argue that he is no longer mentally competent to make decisions—that the patriarch is not fit to run his own company and legal affairs. Because this powerful person refused to ever relinquish control or develop a succession plan, he is subjected to one of life’s worst humiliations: the public exposure of his most private vulnerabilities.

We must not get so wrapped up in our work that we think we’re immune from the reality of aging and life. Who wants to be the person who can never let go? Is there so little meaning in your life that your only pursuit is work until you’re eventually carted off in a coffin?

Take pride in your work. But it is not all.

","July 31

Prepare Them to Answer the Call

To each,” Winston Churchill said, “there comes in their lifetime a special moment when they are figuratively tapped on the shoulder and offered the chance to do a very special thing, unique to them and fitted to their talents. What a tragedy if that moment finds them unprepared or unqualified for that which could have been their finest hour.”

It’s more accurate to say that life has many of these moments, many such taps on the shoulder: to serve, to take a risk, to run toward danger while others run away, to do a thing that people say is impossible.

Our kids will have many reasons to think what they’re planning is the wrong thing to do. They will be pressured to put their dreams out of their mind. Fear will make itself felt. Will they let it prevent them from answering the call? Will they leave the phone ringing? Will their moment find them unprepared? Will their finest hour pass them by like a ship in the night?

What a tragedy that would be. As parents, we have to make sure that doesn’t happen to our kids. We have to help them inch closer and closer to doing what they were put here to do, to being who they were meant to become. We are supposed to prepare them for when the phone rings, for when they get tapped on the shoulder, because the one thing we know for certain is that the call is going to come.

Will they be prepared to answer?"
2025-08-01,"August 1



“That cucumber is bitter, so toss it out! There are thorns on the path, then keep away! Enough said. Why ponder the existence of nuisance? Such thinking would make you a laughing-stock to the true student of Nature, just as a carpenter or cobbler would laugh if you pointed out the sawdust and chips on the floors of their shops. Yet while those shopkeepers have dustbins for disposal, Nature has no need of them.”

—
M
ARCUS
A
URELIUS,
M
EDITATIONS
, 
 8.50

W
 e want things to go perfectly, so we tell ourselves that we’ll get started once the conditions are right, or once we have our bearings. When, really, it’d be better to focus on making do with how things actually are.

Marcus reminded himself: “Don’t await the perfection of Plato’s Republic
 .” He wasn’t expecting the world to be exactly the way he wanted it to be, but Marcus knew instinctively, as the Catholic philosopher Josef Pieper would later write, that “he alone can do good who knows what things are like and what their situation is.”

Today, we won’t let our honest understanding of the world stop us from trying to make the best of it. Nor will we let petty annoyances and minor obstacles get in the way of the important job we have to do.","August 1

You Can Give Them This Gift

Jim Valvano wasn’t yet out of high school when he first told his dad he had decided what he wanted to do with the rest of his life. He wasn’t just going to be a collegiate basketball coach, he said: “Dad, I’m going to win a national championship.”

A few days after Jim told his dad about his dream, his dad called him into his bedroom. “See that suitcase?” his father asked, pointing to the luggage in the corner. Confused, Jim replied, “Yeah, what’s that all about?” “I’m packed,” his dad explained. “When you play and win that national championship I’m going to be there. My bags are already packed.”

“My father,” Jim would later say in his legendary ESPY speech, “gave me the greatest gift anyone could give another person: he believed in me.”

Have you given this gift to your children? Our job is to spur our children to conceive of big dreams, to encourage them to go after them, to give them the greatest gift anyone can give another person: belief. Because if you don’t believe in them, who will?"
2025-08-02,"August 2



“Indeed, how could exile be an obstacle to a person’s own cultivation, or to attaining virtue when no one has ever been cut off from learning or practicing what is needed by exile?”

—
M
USONIUS
R
UFUS,
L
ECTURES
, 
 9.37.30–31, 
 9.39.1

L
 ate in his life, after a surgery, Theodore Roosevelt was told he might be confined to a wheelchair for the remainder of his days. With his trademark ebullience, he responded, “All right! I can work that way too!”

This is how we can respond to even the most disabling turns of fate—by working within whatever room is left. Nothing can prevent us from learning. In fact, difficult situations are often opportunities for their own kinds of learning, even if they’re not the kinds of learning we’d have preferred.

Musonius Rufus, for his part, was exiled three times (twice by Nero and once by Vespasian), but being forcibly expelled from his life and his home didn’t impinge on his study of philosophy. In his way, he responded by saying “All right! I can work that way too.” And he did, managing to squeeze in some time between exiles with a student named Epictetus and thus helping to bring Stoicism to the world.","August 2

Just Be a Fan

Maybe your kid is into weird stuff. Maybe their heavy metal band sucks—or their talents as a rapper are almost offensive. Maybe you can’t stand the shows they like, or maybe their dream is an unlikely one at best. Or maybe they are supremely skilled and have what it takes to go pro. Maybe with the right prodding and the right support they could be truly special, and you just need to make sure they don’t slack off and miss the opportunities they need for that to happen.

But is that really your most important job? Your first job is to be a fan. Just a fan. Of them. Of their talents or lack thereof. Of their chances or lack thereof.

They don’t need a drill sergeant in the living room. They don’t need someone calling them out. They don’t need someone telling them the hard truths. They don’t even necessarily need your money to put them in that fancy league. They don’t need you to berate their teachers and demand special treatment. They don’t need you to be obsessed.

What they need is a fan. They need someone who supports them, who loves them, who is rooting for them. They need a fan with a healthy relationship to the game—not a stalker or a tyrant.

Just be a fan. It’s not that complicated."
2025-08-03,"August 3



“At this moment you aren’t on a journey, but wandering about, being driven from place to place, even though what you seek—to live well—is found in all places. Is there any place more full of confusion than the Forum? Yet even there you can live at peace, if needed.”

—
S
ENECA,
M
ORAL
L
ETTERS
, 
 28.5
b
–6
a

A
 well-known writer once complained that after becoming successful, wealthy friends were always inviting him to their beautiful, exotic houses. “Come to our home in the south of France,” they would say. Or, “Our Swiss ski chalet is a wonderful place to write.” The writer traveled the world, living in luxury, hoping to find inspiration and creativity in these inspiring manors and mansions. Yet it rarely happened. There was always the allure of another, better house. There were always distractions, always so many things to do—and the writer’s block and insecurity that plagues creative types traveled with him wherever he went.

We tell ourselves that we need the right setup before we finally buckle down and get serious. Or we tell ourselves that some vacation or time alone will be good for a relationship or an ailment. This is self-deceit at its finest.

It’s far better that we become pragmatic and adaptable—able to do what we need to do anywhere, anytime. The place to do your work, to live the good life, is here
 .","August 3

What Are You Going to Focus On?

You can look at all the negative in the world. You can focus on the dark clouds above. Or you can look for the silver lining, the bright spots. We have that expression about whether the glass is half full or half empty. Well, what worldview are you going to teach your children?

Are you going to fill your house with doom and gloom? Or are you going to teach your kids to hope, to believe in their ability to make a difference, to find the opportunity inside the obstacles that life presents?

The author Alex Haley once said that he believed his job as a writer was to “find good and praise it.” That fits in a parent’s job description too. We’re always going to have more success rewarding good behavior in our kids than punishing bad behavior. Looking for what we want to see in them and making that our focus is going to get us much further than seeking out conflict and engaging in criticism. This principle extends to our perceptions and portrayal of the world as well. It’s better for everyone to talk up what we want to see instead of constantly bemoaning all the evil and wrongness that we can’t seem to escape.

We have a choice: Inspire or disillusion. Empower or depress. What will it be?"
2025-08-04,"August 4



“You must stop blaming God, and not blame any person. You must completely control your desire and shift your avoidance to what lies within your reasoned choice. You must no longer feel anger, resentment, envy, or regret.”

—
E
PICTETUS,
D
ISCOURSES
, 
 3.22.13

N
 elson Mandela was imprisoned for resistance to the brutal apartheid regime in South Africa for twenty-seven years. For eighteen of those years, he had a bucket for a toilet, a hard cot in a small cell, and once a year he was allowed a single visitor—for thirty minutes. It was vicious treatment meant to isolate and break down the prisoners. And yet, in spite of that, Mandela became a figure of dignity within the prison.

Though he was deprived of many things, he still found creative ways to assert his will. As one of his fellow prisoners, Neville Alexander, explained on Frontline
 , “He [Mandela] always made the point, if they say you must run, insist on walking. If they say you must walk fast, insist on walking slowly. That was the whole point. We are going to set the terms.” He pretended to jump rope and shadowboxed to stay in shape. He held his head higher than other prisoners, encouraged them when times got tough, and always retained his sense of self-assurance.

That self-assurance is yours to claim as well. No matter what happens today, no matter where you find yourself, shift to what lies within your reasoned choices. Ignore, as best you can, the emotions that pop up, which would be so easy to distract yourself with. Don’t get emotional—get focused.","August 4

Don’t Be a Minimizer

The parenting style that is good for grit is also the parenting style good for most other things: Be really, really demanding, and be very, very supportive.

—Angela Duckworth

Ed Stack was a great kid. He worked quietly and loyally for the family business, Dick’s Sporting Goods. He saved up enough money that eventually he could buy his father out and grow the family legacy. He tells the story of the first big-box store he opened. The company had previously operated stores that were a couple thousand square feet at most. This new store was twenty thousand square feet. It was transformative for the business—sales skyrocketed.

Reps from Nike were talking to Ed’s father, the original founder, and said something about how proud he must be of his kid. To be succeeding like that. To be taking the store to the next level. As Ed explained, “My father, who could never really quite give you a compliment, looked at them and said, ‘You’re right, they did a lot of business. They did 25 percent more business than they thought they would the first month. So they’re not really as smart as they think they are.’ ”

Sadly, who hasn’t heard something like this from someone they desperately wanted to make proud? Those backhanded compliments. That way of cutting you down to size, of looking for some flaw, of seizing on your insecurities. What bullshit it is! Instead of taking the opportunity to show their love, they have to let their own fragile sense of self get in the way.

The minimum of being a good parent is not being a minimizer. Don’t look for what’s wrong, look for what’s right . . . and celebrate it! Lift them up, don’t cut them down. Root for them; that’s what they want more than anything."
2025-08-05,"August 5



“Silence is a lesson learned from the many sufferings of life.”

—
S
ENECA,
T
HYESTES
, 
 309

R
 ecall the last time you said a really boneheaded thing, something that came back to bite you. Why did you say it? Chances are you didn’t need to, but you thought doing so would make you look smart or cool or part of the group.

“The more you say,” Robert Greene has written, “the more likely you are to say something foolish.” To that we add: the more you say, the more likely you are to blow past opportunities, ignore feedback, and cause yourself suffering.

The inexperienced and fearful talk to reassure themselves. The ability to listen, to deliberately keep out of a conversation and subsist without its validity is rare. Silence is a way to build strength and self-sufficiency.","August 5

There Are Better Forms of Motivation

Across sports, politics, business, even the arts, we see a theme driving the most ambitious, the hardest working, the biggest risk-takers. Be they men or women, they all seem to be craving something, trying to prove something. The approval of their father. The love of their families. To shove it in the faces of the doubters. To get as far away as possible from the trauma.

It’s hard not to see that this is real and productive fuel. As a parent, it should also be hard to see it, period. Because there are so many other forms of fuel out there that don’t involve pain or what is, in many cases, a kind of abuse. Tiger Woods was set up to succeed in golf by his father’s regimen of hyperattention as well as neglect. Did that help him? Sure. But given how incredibly talented and smart and hardworking Tiger is, don’t you think he could have accomplished a lot without essentially being tortured with prisoner-of-war tactics?

You can subject your kids to hard and difficult things and it may help make them successful. These things may have even helped you be successful. Yelling. Blunt truths. Endless workouts. Emotional manipulation. These things work . . . but they also come at a steep emotional cost. Encouragement and genuine support, on the other hand, work equally well and have the added benefit of bringing you closer to your kids and making you both better people.

Choose the right form of motivation. Not the harshest."
2025-08-06,"August 6



“Apply yourself to thinking through difficulties—hard times can be softened, tight squeezes widened, and heavy loads made lighter for those who can apply the right pressure.”

—
S
ENECA,
O
N
T
RANQUILITY OF
M
IND
, 
 10.4
b

H
 ave you ever been hopelessly losing a game that suddenly broke wide open and you won? Remember that time when you thought you were certain to fail the test, but with an all-nighter and some luck you managed to eke out a decent score? That hunch you pursued that others would have given up on—that turned out brilliantly?

It’s that kind of energy and creativity and above all faith
 in yourself that you need right now. Defeatism won’t get you anywhere (except defeat). But focusing your entire effort on the little bit of room, the tiny scrap of an opportunity, is your best shot. An aide to Lyndon Johnson once remarked that around the man “there was a feeling—if you did everything
 , you would win.” Everything
 . Or as Marcus Aurelius put it, if it’s humanly possible, you can do it.","August 6

Seldom Should Be Heard a Discouraging Word

The innocent and helpless creature bestowed on them by heaven, whom to bring up to good, and whose future lot it was in their hands to direct to happiness or misery.

—Mary Wollstonecraft Shelley

If you’re not paying attention, it’s easy to slip into a kind of casual, thoughtless negativity: Why is your room so dirty? Why are you in such a bad mood today? Hey, stop doing that! Don’t touch this. No, you can’t watch TV right now. Why isn’t your room clean? No, you can’t have that. I’m disappointed with how you did on this test. That is just not realistic; shouldn’t you think about trying something else? I don’t think so. You already know the answer . . . and the answer is “no.”

This happens not because you’re a bad parent but rather because you’re a good one. You have rules and you enforce them. You have expectations and you push your kids to meet them. You know what’s best. You want to keep them safe and you have a house to run.

But still, if you’re not careful, it can come to be that almost every interaction you have with your kids is negative. It can start to feel, from their perspective, like an endless cascade of disappointment. And then, before you know it, you’ve become the voice of discouragement without even thinking about it.

Is that who you are? Is that the kind of relationship you want to have? If it isn’t, then you need to pay attention. Watch your words. Count your yeses and nos. Be intentional about what you focus on. Let the little things go. Be positive."
2025-08-07,"August 7



“Wherever a person can live, there one can also live well; life is also in the demands of court, there too one can live well.”

—M
ARCUS
A
URELIUS,
M
EDITATIONS
, 
 5.16

W
 illiam Lee Miller, in his unique “ethical biography” of Abraham Lincoln, makes an important point about this famous president: our deification of the man makes a point to pretend he wasn’t a politician. We focus on his humble beginnings, his self-education, his beautiful speeches. But we gloss over his job, which was politics. That misses what was so truly impressive about him: Lincoln was all the things he was—compassionate, deliberate, fair, open-minded, and purposeful—while
 being a politician. He was what we admire in a profession we believe to be filled exclusively with the opposite of that type of person.

Principles and pragmatism are not at odds. Whether you live in the snake pit of Washington, D.C., work among the materialism of Wall Street, or grew up in a closed-minded small town, you can live well. Plenty of others have.","August 7

Playing with Your Kids Is Everything

The years before the Civil War were rough on Ulysses S. Grant. He was struggling to make a life for his family. There was a sadness about his life, an endless drudgery of frustration and disappointment, of one failed career, one hardship after another.

There was only one respite to this. When Grant opened the front door to his house after work each day, his young son, Jesse, was waiting to challenge him to a fight. Jesse would boast he could beat his father. Grant, with faux seriousness, would look at the tiny boy and answer the provocation, “I do not feel like fighting, Jesse, but I can’t stand being hectored in this manner by a man of your size.” Jesse would then hurl himself at his father until he brought him down. On the ground, Grant would beg for mercy and shout that it wasn’t fair to attack an opponent who had fallen.

In just a few short years, Grant’s bulldog tenacity and toughness would shock—and save—the nation. It was Grant who broke the back of the Confederate army, fighting brutal battle after brutal battle. But those who knew him best knew that at heart he was a softy. That he loved his family more than anything.

It doesn’t matter what you do for a living or how bleak things might be—playing with your kids is a wonderful thing. Play with them if they’re young. Play with them if they’re old, if you’re old. Have fun with them. Be kids together. Play. Play. Play."
2025-08-08,"August 8



“Do now what nature demands of you. Get right to it if that’s in your power. Don’t look around to see if people will know about it. Don’t await the perfection of Plato’s Republic
 , but be satisfied with even the smallest step forward and regard the outcome as a small thing.”

—
M
ARCUS
A
URELIUS,
M
EDITATIONS
, 
 9.29.(4)

H
 ave you ever heard the expression “Don’t let perfect be the enemy of good enough”? The idea is not to settle or compromise your standards, but rather not to become trapped by idealism.

The community organizer Saul Alinsky opens his book Rules for Radicals
 with a pragmatic but inspiring articulation of that idea:

“As an organizer I start from where the world is, as it is, not as I would like it to be. That we accept the world as it is does not in any sense weaken our desire to change it into what we believe it should be—it is necessary to begin where the world is if we are going to change it to what we think it should be.”

There is plenty that you could do right now, today, that would make the world a better place. There are plenty of small steps that, were you to take them, would help move things forward. Don’t excuse yourself from doing them because the conditions aren’t right or because a better opportunity might come along soon. Do what you can, now.
 And when you’ve done it, keep it in perspective, don’t overblow the results. Shun both ego and excuse, before and after.","August 8

Don’t Wait to Be Proud

It’s a story as old as parenthood itself. The child tries and tries to win the approval of their parent, which never seems to come. There is pain, resentment, bewilderment. Only at the end, after much pain and resentment, is it revealed: The child had the thing they wanted all along. They just never knew.

This was the story of Claudia Williams, the daughter of Ted Williams. Only buried in a pile of memorabilia did she find a note left by her impossible-to-please father.

“To my beautiful daughter,” it said. “I love you. Dad.”

It’s the story of the brilliant publisher Sonny Mehta. In Mehta’s obituary, Roger Cohen wrote:

When Mehta’s father, a diplomat, died in Vienna, Mehta found in his desk a folder with every article ever published about him. The pride of his father, who had never complimented his son, was evident.

It breaks your heart. Why couldn’t they have expressed this when they were alive? Was it a generational thing? Did they think it was helping to make their kids better, tougher? Why couldn’t they have been more like Jim Valvano’s father and given their kids the gift of being a fan?

We’ll never know the answer to those questions. What we do know is we can’t do this with our own kids. We can’t wait to be proud. We can’t keep our feelings for them hidden under piles of paper or in a drawer in our desk. We have to tell them now. We have to show them now. That we’re rooting for them. That we love them. That we believe in them. That we’re proud of them. Because we are. And they deserve to know it—before it’s too late."
2025-08-09,"August 9



“Don’t tell yourself anything more than what the initial impressions report. It’s been reported to you that someone is speaking badly about you. This is the report—the report wasn’t that you’ve been harmed. I see that my son is sick—but not that his life is at risk. So always stay within your first impressions, and don’t add to them in your head—this way nothing can happen to you.”

—
M
ARCUS
A
URELIUS,
M
EDITATIONS
, 
 8.49

A
 t first, this can seem like the opposite of everything you’ve been taught. Don’t we cultivate our minds and critical thinking skills precisely so we don’t simply accept things at face value? Yes, most of the time. But sometimes this approach can be counterproductive.

What a philosopher also has is the ability, as Nietzsche put it, “to stop courageously, at the surface” and see things in plain, objective form. Nothing more, nothing less. Yes, Stoics were “superficial,” he said, “out of profundity
 .” Today, while other people are getting carried away, that’s what you’re going to practice. A kind of straightforward pragmatism—seeing things as their initial impressions make them.","August 9

You’re Not Raising Grass

In his induction speech for the Baseball Hall of Fame in 1984, Harmon Killebrew told the story of a time he was playing in the front yard with his father and his brother. His mom came out to tell them it was time for dinner and admonished them for tearing up the grass. “We’re not raising grass,” his father replied. “We’re raising boys.”

Success as a parent is not defined by having a car with spotless back seats. It’s not having a perfectly decorated house filled with fragile things that never get broken. A kid’s room should look like it was played in. A home should feel lived in. We should see their fingerprints everywhere—literally and figuratively.

Is your job really to raise a kid who never talks back? Who walks in lockstep or tiptoes through life? Or is it to raise a kid with their own opinions and their own dreams, with the confidence to articulate them and the ability to bring them to life?

The yard is there to be played in. The bike is made to be ridden, not kept in the garage in pristine condition. Your floors will be scratched. Food will be spilled. Messes will accumulate. Noises will be made.

Good. We’re not trying to keep a spotless, quiet house. We’re raising healthy, well-adjusted, happy children."
2025-08-10,"August 10



“We don’t abandon our pursuits because we despair of ever perfecting them.”

—
E
PICTETUS,
D
ISCOURSES
, 
 1.2.37
b

P
 sychologists speak of cognitive distortions—exaggerated thinking patterns that have a destructive impact on the life of the patient. One of the most common is known as all-or-nothing thinking (also referred to as splitting). Examples of this include thoughts like:

This sort of extreme thinking is associated with depression and frustration. How could it not be? Perfectionism rarely begets perfection—only disappointment.

Pragmatism has no such hang-ups. It’ll take what it can get. That’s what Epictetus is reminding us. We’re never going to be perfect—if there is even such a thing. We’re human, after all. Our pursuits should be aimed at progress, however little that it’s possible for us to make.","August 10

Engage with the Slime

For a long time, one of the arbitrary rules in Jeannie Gaffigan’s house had to do with where, when, and how slime could be made. Maybe your kids are too old to care about slime, but it’s not difficult to relate to Jeannie’s dilemma. Sure, slime is fun for kids to make, but it’s a pain in the ass to clean up, and who do you think is the one left with the scrubber and the paper towels in their hands?

At some point, though, Jeannie Gaffigan, a mother of five and the wife and longtime collaborator of the comedian Jim Gaffigan, had a change of heart about her rules—particularly after a battle with a life-threatening brain tumor: “I realized that I never asked, ‘Can you teach me how to make the slime?’ I never engaged with the slime. I engaged with the control of the slime.”

Life is too short to nix your children’s interests because you don’t want to deal with a mess afterward. Think about it: How many negative rules do we make related to things? Food in the living room, shoes on the carpet, toys outside the playroom. These rules are often designed to make our lives easier as parents, but one of their unintended side effects is to make our kids’ lives less fun.

At the same time, we also seem to have fewer positive rules for ourselves. Why not a rule about being interested? Why not a rule about playing and having fun together? Why not a rule about encouraging their fascinations rather than curtailing them?

Let’s work with the slime, not against it."
2025-08-11,"August 11



“When the problem arose for us whether habit or theory was better for getting virtue—if by theory is meant what teaches us correct conduct, and by habit we mean being accustomed to act according to this theory—Musonius thought habit to be more effective.”

—
M
USONIUS
R
UFUS,
L
ECTURES
, 
 5.17.31–32, 
 5.19.1–2

As Hamlet says,

“There are more things in heaven and earth, Horatio,

Than are dreamt of in your philosophy.”

There is no time to chop logic over whether our theories are correct. We’re dealing with the real world here. What matters is how you’re going to deal with this situation right in front of you and whether you’re going to be able to move past it and onto the next one. That’s not saying that anything goes—but we can’t forget that although theories are clean and simple, situations rarely are.","August 11

What Kind of Voice Are You Giving Them?

You hear it all the time. It’s been there all your life. That voice in your head. The one that tells you what’s right, what you ought to do. This voice can also turn nasty, whispering that you’re not good enough, that everyone sees through you, that you’ll never measure up.

The performance psychologist Dr. Jim Loehr, who has studied countless athletes and elite leaders, says this voice is the key to success. “I began to realize,” he said in an interview, “what really mattered in a really significant way: the tone and content of the voice no one hears. I came to understand that the ultimate coach for all of us in life is that private voice.”

Where does it come from? Where did you get that voice originally? It came from your parents, mostly. As Loehr explains, we “know it begins to form as early as five years of age, and it comes principally from the authority figures in your life . . . however functional or dysfunctional.”

This should sober us as parents. We are responsible for the voice that will live inside our kids’ head for the rest of their lives. We decide whether that voice will belong to a wise and patient ancestor or a cruel and unpredictable ghost. We decide whether it will be a voice of conscience and kindness or doubt and insecurity. We decide that by what we say to them, by what we show them.

In each moment of every day."
2025-08-12,"August 12



“Many words have been spoken by Plato, Zeno, Chrysippus, Posidonius, and by a whole host of equally excellent Stoics. I’ll tell you how people can prove their words to be their own—by putting into practice what they’ve been preaching.”

—
S
ENECA,
M
ORAL
L
ETTERS
, 
 108.35; 
 38

O
 ne of the criticisms of Stoicism by modern translators and teachers is the amount of repetition. Marcus Aurelius, for example, has been dismissed by academics as not being original because his writing resembles that of other, earlier Stoics. This criticism misses the point.

Even before Marcus’s time, Seneca was well aware that there was a lot of borrowing and overlap among the philosophers. That’s because real philosophers weren’t concerned with authorship, only what worked. More important, they believed that what was said
 mattered less than what was done.

And this is as true now as it was then. You’re welcome to take all of the words of the great philosophers and use them to your own liking (they’re dead; they don’t mind). Feel free to tweak and edit and improve as you like. Adapt them to the real conditions of the real world. The way to prove that you truly understand what you speak and write, that you truly are original, is to put them into practice. Speak them with your actions more than anything else.","August 12

Here’s What Matters

The best way to make children good is to make them happy.

—Oscar Wilde

The author Rich Cohen loves hockey. He loves watching his kids excel at it. Like any parent, the last thing he wants is for them to struggle or, worse, to be shortchanged—whether it’s playing time or respect.

In his lovely book Pee Wees: Confessions of a Hockey Parent, Rich tells one story about a conversation he had with his son’s coach. His son wasn’t being given the time on the ice Rich thought he deserved, so he tried to make a case for it. The coach, on the other hand, had no patience. “Let me ask you this. Is Micah happy?” he said. “Yes,” Rich replied. “Is Micah having fun?” “Yes,” Rich had to admit. And that’s when the coach got him with something every parent ought to be reminded of: “Then what do you care?”

If our kids are having fun, if they’re happy, if they’re learning, if they’re building bonds with teammates, then nothing else matters. Our duty as parents is not to optimize our kids for success. It’s to teach them how to be present, how to find things they love, how to be a good person, how to respond to the situations life puts them in. That’s it.

Everything else? What do we care?"
2025-08-13,"August 13



“You’ve endured countless troubles—all from not letting your ruling reason do the work it was made for—enough already!”

—
M
ARCUS
A
URELIUS,
M
EDITATIONS
, 
 9.26

H
 ow many things you fear have actually come to pass? How many times has anxiety driven you to behave in a way you later regret? How many times have you let jealousy or frustration or greed lead you down a bad road?

Letting our reason rule the day might seem like more work, but it saves us quite a bit of trouble. As Ben Franklin’s proverb put it: “An ounce of prevention is worth a pound of cure.”

Your brain was designed to do this work. It was meant to separate what is important from what is senseless, to keep things in perspective, to only become troubled by that which is worth becoming troubled about. You only need to put it to use.","August 13

Be Careful of Your Implications

King George VI referred to his daughters as his “pride and joy.” To be more specific, he referred to the two of them as “Pride” and “Joy.” Princess Elizabeth was “Pride” and Princess Margaret was “Joy.” Only with time did the two of them realize the sad implications of his remark—that he was proud of one and had fun with the other, and therefore found less happiness in the former and less pride in the latter. If only it were just a clever remark. If only there hadn’t been real truth in it—if his actions hadn’t confirmed it—there would have been little to infer.

It’s so easy to joke: about our “easy” child and our “difficult one,” about our “favorite,” about our “special” one, about who or what “will be the death of us.” God knows how many thoughtless asides about our kids have popped out of our mouths in casual conversation.

We have to consider the implications of the words we throw about like that. Because our kids are listening, and they really hear us. They are always trying to understand themselves and their place in the world. The things we say today, when they are young, will come back to them when they are older, and they will fit those words, for better and for worse, into the narrative of their lives."
2025-08-14,"August 14



“Philosophy isn’t a parlor trick or made for show. It’s not concerned with words, but with facts. It’s not employed for some pleasure before the day is spent, or to relieve the uneasiness of our leisure. It shapes and builds up the soul, it gives order to life, guides action, shows what should and shouldn’t be done—it sits at the rudder steering our course as we vacillate in uncertainties. Without it, no one can live without fear or free from care. Countless things happen every hour that require advice, and such advice is to be sought out in philosophy.”

—
S
ENECA,
M
ORAL
L
ETTERS
, 
 16.3

T
 here is a story about Cato the Elder, whose great-grandson Cato the Younger became a towering figure in Roman life. One day Cato witnessed a fine oration from Carneades, a Skeptic philosopher, who waxed poetically on the importance of justice. Yet the next day Cato found Carneades arguing passionately about the problems
 with justice—that it was merely a device invented by society to create order. Cato was aghast at this kind of “philosopher,” who treated such a precious topic like a debate where one would argue both sides of an issue purely for show. What on earth was the point?

And so he lobbied the Senate to have Carneades sent back to Athens, where he could no longer corrupt the Roman youth with his rhetorical tricks. To a Stoic, the idea of idly discussing some issue—of believing or arguing two contradictory ideas—is an absurd waste of time, energy, and belief. As Seneca said, philosophy is not a fun trick. It’s for use—for life.","August 14

Don’t Merge Like This

Joan Didion didn’t get into Stanford. She was crushed. Her father looked at her and shrugged. You might think that his lack of empathy added to her pain and frustration. But with time, she came to understand that her father had gotten the moment exactly right.

“I think about that shrug with a great deal of appreciation whenever I hear parents talking about their children’s chances,” Didion would write in a classic essay on college in 1968. “What makes me uneasy is the sense that they are merging their children’s chances with their own, demanding of a child that he make good not only for himself but for the greater glory of his father and mother.”

Her father shrugged because he had not placed any of his identity into what college his daughter got into. Perhaps he could have done a little better at understanding how much of her identity had been put into it. But then again, maybe that was the point. He wanted to show her how little it actually mattered—how her success or failure in life was going to be based on something far less superficial than college admissions.

And so it must go with us. We encourage our children. We want to set them up to succeed. But we can’t merge their glory into our own. We can’t let them think they have to impress us, make us proud, or worry that they have let us down or failed us. Certainly, we can’t let them think that where they go (or don’t go) to school has any bearing on who they are to us . . . or what they can do with their lives."
2025-08-15,"August 15



“This can be swiftly taught in very few words: virtue is the only good; there is no certain good without virtue; and virtue resides in our nobler part, which is the rational one. And what can this virtue be? True and steadfast judgment. For from this will arise every mental impulse, and by it every appearance that spurs our impulses will be rendered clear.”

—
S
ENECA,
M
ORAL
L
ETTERS
, 
 71.32

T
 hink about someone you know who has character of granite. Why are they so dependable, trustworthy, excellent? Why do they have a sterling reputation?

You might see a pattern: consistency. They are honest not only when it’s convenient. They are not only there for you when it counts. The qualities that make them admirable come through in every action (“arise with every mental impulse”).

Why do we revere people like Theodore Roosevelt, for example? It isn’t because he was brave once, or courageous once, or tough once. It’s because those qualities are shot through every one of the stories about him. When he was young and weak, he became a boxer. When he was younger and frail, he went to a gym in his home, every day, for hours on end. When he was shattered by the loss of his wife and mother on the same day, he went to The Badlands and herded cattle. And on and on.

You become the sum of your actions, and as you do, what flows from that—your impulses—reflect the actions you’ve taken. Choose wisely.","August 15

It Should Be the Easiest Thing in the World

Parenting is very hard. Keeping your kids safe. Keeping them fed. Keeping them in the best schools, making sure they get good grades in those schools. We have to do all this as we navigate a world where Murphy’s Law is real, where bills have to get paid, where we have our own crap to deal with that no one is going to handle for us.

In that sense, parenting is an impossible job with impossible expectations. Yet in another, very real sense, being a parent is actually about the easiest job in the world. Because what do they really need? What is really demanded of you? That you love them. That you accept them. That you support and encourage them. That you cheer for them. That you be their biggest fan.

Nothing—literally nothing short of death—can stop you from doing those things. Seriously, how hard is it to believe in them? How hard is it to be encouraging? How hard is it to remind them that you don’t care what’s happened, what other people say, that you know they have goodness and potential inside them?

And here’s the thing: death can’t stop you from doing those things either, because if you do them now—if you give your kids what they need cheerfully, regularly, sincerely—it will stick with them as a voice in their heads for as long as they and their own children live."
2025-08-16,"August 16



“Just as the nature of rational things has given to each person their rational powers, so it also gives us this power—just as nature turns to its own purpose any obstacle or any opposition, sets its place in the destined order, and co-opts it, so every rational person can convert any obstacle into the raw material for their own purpose.”

—
M
ARCUS
A
URELIUS,
M
EDITATIONS
, 
 8.35

A
 t five feet three inches tall, Muggsy Bogues was the shortest player ever to play professional basketball. Throughout his career, he was snickered at, underestimated, and counted out.

But Bogues succeeded by turning his height into the very thing that made him nationally known. Some people looked at his size as a curse, but he saw it as a blessing. He found the advantages contained within it. In fact, on the court small size has many advantages: speed and quickness, the ability to steal the ball from unsuspecting (and significantly taller) players, to say nothing of the fact that players just plain underestimated him.

Could this approach not be useful in your life? What things do you think have been holding you back that, in fact, can be a hidden source of strength?","August 16

They Need Somebody to Do This

You might not think of Muhammad Ali as someone who needed anyone to believe in him, but that’s because you saw him only later in life. You saw the confident boxer, the brilliant self-promoter, the master of his craft, the fearless warrior.

But there was a time when he was a scared child, like every other kid. He was a young black boy named Cassius Clay in a segregated America, who struggled at Central High School in Louisville, Kentucky. His parents, worn down by life and work, expected little of him; the world, even less.

One person believed in Cassius Clay, however, and it was enough to change everything.

“Here he is, ladies and gentlemen!” his school principal, Atwood Wilson, would shout when he saw him, “Cassius Clay! The next heavyweight champion of the world. This guy is going to make a million dollars!” When some teachers wanted to fail Cassius, whose priority was athletics, not academics, Wilson intervened and gave a speech that few ever forgot. “Do you think I am going to be the principal of a school that Cassius Clay didn’t finish?” he told them. “He’s not going to fail in my school. I’m going to say, ‘I taught him!’ ”

Every kid needs someone like this. Somebody who believes in them. Why was Muhammad Ali such a great fighter? Because somebody fought for him. You know who can do this for your kids? Who has to be that first, loudest, most resolute cheerleader for them? You."
2025-08-17,"August 17



“For nothing outside my reasoned choice can hinder or harm it—my reasoned choice alone can do this to itself. If we would lean this way whenever we fail, and would blame only ourselves and remember that nothing but opinion is the cause of a troubled mind and uneasiness, then by God, I swear we would be making progress.”

—
E
PICTETUS,
D
ISCOURSES
, 
 3.19.2–3

T
 oday, see if you can go without blaming a single person or single thing. Someone messes up your instructions—it’s on you for expecting anything different. Someone says something rude—it’s your sensitivity that interpreted their remark this way. Your stock portfolio takes a big loss—what did you expect making such a big bet? Why are you checking the market day to day anyway?

Whatever it is, however bad it may be, see whether you can make it a whole day laying it all on your reasoned choice. If you can’t make it for a day, see if you can make it for an hour. If not for an hour, then for ten minutes.

Start where you need to. Even one minute without playing the blame game is progress in the art of living.","August 17

Give Them Plenty of These

It never hurts to say a good word for your player.

—Bill Russell

Queen Elizabeth II had a strange job. What were her daily duties? It’s hard to say. It’s easier to describe all the things she didn’t do. She never passed laws. She never chose elected leaders. She didn’t voice her opinion.

She did give out a lot of awards, though. Literally hundreds of thousands of them over the course of her seventy-year reign. She once said:

People need pats on the back sometimes. It’s a very dingy world otherwise.

Very true.

Nobody needs a pat on the back more than your kids . . . and there’s nobody they’d rather get it from than you. Take an extra beat today to let your kids know what’s special about them. Give them that pat on the back."
2025-08-18,"August 18



“A good person is invincible, for they don’t rush into contests in which they aren’t the strongest. If you want their property, take it—take also their staff, profession, and body. But you will never compel what they set out for, nor trap them in what they would avoid. For the only contest the good person enters is that of their own reasoned choice. How can such a person not be invincible?”

—
E
PICTETUS,
D
ISCOURSES
, 
 3.6.5–7

O
 ne of the most fundamental principles of martial arts is that strength should not go against strength. That is: don’t try to beat your opponent where they are strongest. But that’s exactly what we do when we try to undertake some impossible task we haven’t bothered to think through. Or we let someone put us on the spot. Or we say yes to everything that comes our way.

Some people think that “choosing your battles” is weak or calculating. How could reducing the amount of times we fail or minimizing the number of needless injuries inflicted upon us be weak? How is that a bad thing? As the saying goes, discretion is the better part of valor. The Stoics call it reasoned choice. That means be reasonable! Think hard before choosing, and make yourself unbeatable.","August 18

You Are the Toy

It is a happy talent to know how to play.

—Ralph Waldo Emerson

Your son asks you to play trains, so you get the track down from the shelf. Your daughter wants to do a puzzle, so you start laying out the pieces. Then for some reason that is beyond the grasp of every parent who has ever lived, the moment you do what they say they want, they suddenly lose interest. Or they won’t play by the rules, or they ask for something else, or now they want to move to a different room.

If you get exasperated—What toy do you want?!—you are missing the point. Or at least misunderstanding it. You see, you are the toy. What they want is to play with you—they don’t want to be given a puppet, they want to pull your puppet strings.

When you understand this, everything is easier—no matter what age they are. Why is your teenager rebelling? In part, to get a rise out of you. Why is your middle-schooler being a smart aleck? To see how you’ll respond. Why is your toddler calling for water from their bedroom, only to change their mind to juice, only to explain they meant the other juice, only to now ask to go to the bathroom. Because it’s funny. Because it’s a game. Because they’re playing with the little bit of power they have in this strange, uncontrollable world: their power over the adults who have power over them.

So relax. Just go with it. Understand what’s happening. It’s not about the puzzle. It’s not about anything. You are the toy."
2025-08-19,"August 19



“It is said that if you would have peace of mind, busy yourself with little. But wouldn’t a better saying be do what you must and as required of a rational being created for public life? For this brings not only the peace of mind of doing few things, but the greater peace of doing them well. Since the vast majority of our words and actions are unnecessary, corralling them will create an abundance of leisure and tranquility. As a result, we shouldn’t forget at each moment to ask, is this one of the unnecessary things? But we must corral not only unnecessary actions but unnecessary thoughts, too, so needless acts don’t tag along after them.”

—
M
ARCUS
A
URELIUS,
M
EDITATIONS
, 
 4.24

T
 he Stoics were not monks. They didn’t retreat to the sanctuary of a monastery or a temple. They were politicians, businessmen, soldiers, artists. They practiced their philosophy amid the busyness of life—just as you are attempting to do.

The key to accomplishing that is to ruthlessly expunge the inessential from our lives. What vanity obligates us to do, what greed signs us up for, what ill discipline adds to our plate, what a lack of courage prevents us from saying no to. All of this we must cut, cut, cut.","August 19

You Must Have Their Back

When Sir Archibald Southby questioned Randolph Churchill’s war record on the floor of Parliament, he hadn’t meant anything personal. In fact, right afterward, he tried to shake Winston Churchill’s hand, intending to explain it away as just politics.

No such thing existed to the Churchills.

“Do not speak to me,” Winston Churchill told the man coldly. “You called my son a coward. You are my enemy. Do not speak to me.”

Now, Randolph Churchill was not perfect, but that didn’t prevent his father from standing up for him, from having his back. Nor should it ever prevent us. Winston Churchill’s own father had not supported or believed in his son. Winston, deciding to do better, would not make that same mistake. He backed his son. He fought for him. He let Randolph know he could always be counted on.

We have to do the same. Our kids are going to screw up, but they need to know we’ll never write them off. Our kids need to know that we’ll take their side, that we’ll fight for them, that we’ll never let anyone wrongly abuse or attack them without hearing from us about it."
2025-08-20,"August 20



“Inwardly, we ought to be different in every respect, but our outward dress should blend in with the crowd.”

—
S
ENECA,
M
ORAL
L
ETTERS
, 
 5.2

D
 iogenes the Cynic was a controversial philosopher who wandered the streets like a homeless person. A few thousand years later, his utterances still make us think. But if most of us had seen him at the time, we’d have thought: Who is that crazy guy?

It’s tempting to take philosophy to extremes, but who does that serve? In fact, rejection of the basics of society alienates other people, even threatens them. More important, outward transformation—in our clothes, in our cars, in our grooming—might feel important but is superficial compared with the inward change. That’s the change that only we know about.","August 20

Encourage the Dream

It’s not that parents don’t believe in their kids. It’s that they know the world is hard. They know that the odds are long. And most of all, nobody wants harm or crushing disappointment to come to their children. That’s why we discourage them from dropping out, from trying to make it as a musician, from quitting their job to start a company. We’re just worried.

Will Ferrell—one of the greatest comedic actors of all time, as we’ve talked about—certainly challenged his parents in this way. You’re going to become a sketch comedian? What?!? Even his father, a working musician, had reservations about his pursuing such an uncertain, unstable career. Thankfully, he caught himself before Will came to him for advice. Putting his very natural, understandable worries on the back burner, Roy Lee Ferrell led with support and belief: “You know what? I think you have the skill, but it takes a lot of luck. If you don’t make it, don’t worry about it. You can just try something else.”

Roy Lee was communicating to Will, from his own hard-won experience, just how hard and unlikely success was in one of those much-dreamed-of career fields. He was saying, You’re talented and I believe in you, but it’s going to be really hard, so hard that if it doesn’t work, you have to understand that it’s just a reflection on the industry and not on you as a person.

That is an incredible gift to give your children. Permission to try . . . along with permission to fail. The signal that you’ll support them either way, that nothing changes based on the path they choose, the heights they reach, or the marks they fall short of."
2025-08-21,"August 21



“It’s ruinous for the soul to be anxious about the future and miserable in advance of misery, engulfed by anxiety that the things it desires might remain its own until the very end. For such a soul will never be at rest—by longing for things to come it will lose the ability to enjoy present things.”

—
S
ENECA,
M
ORAL
L
ETTERS
, 
 98.5
b
–6
a

T
 he way we nervously worry about some looming bad news is strange if you think about it. By definition, the waiting means it hasn’t happened yet, so that feeling bad in advance is totally voluntary. But that’s what we do: chewing our nails, feeling sick to our stomachs, rudely brushing aside the people around us. Why? Because something bad might
 occur soon.

The pragmatist, the person of action, is too busy to waste time on such silliness. The pragmatist can’t worry about every possible outcome in advance. Think about it. Best case scenario—if the news turns out to be better than expected, all this time was wasted with needless fear. Worst case scenario—we were miserable for extra time, by choice.

And what better use could you make of that time? A day that could be your last—you want to spend it in worry? In what other area could you make some progress while others might be sitting on the edges of their seat, passively awaiting some fate?

Let the news come when it does. Be too busy working to care.","August 21

Don’t Care More Than They Do

In another great scene from Rich Cohen’s amazing book on parenting through the lens of youth hockey, Rich tries to console his son after he doesn’t make the team, in what was an extremely unfair process. Rich expected his son would be angry or at least aware of what had happened. He writes, “He was bugged but not devastated or even all that upset. Which upset me. Why did I care more than he did?”

This is a great question. Why do you care more than they do? Why are you spending so much time telling them they’ve been hurt (when they haven’t been)? Why do you need them to take everything as seriously as you do?

When our kids get older, some of these things will become their problem. But for now? Let them have their childhood. They are young; they understand and feel things differently than you do. Don’t assume that the “adult” way is better or necessarily more correct. There is a wisdom to their innocence—defer to it, or at least respect it enough not to corrupt it."
2025-08-22,"August 22



“It is essential for you to remember that the attention you give to any action should be in due proportion to its worth, for then you won’t tire and give up, if you aren’t busying yourself with lesser things beyond what should be allowed.”

—
M
ARCUS
A
URELIUS,
M
EDITATIONS
, 
 4.32
b

I
 n 1997, a psychotherapist named Richard Carlson published a book called Don’t Sweat the Small Stuff . . . and It’s All Small Stuff.
 It quickly became one of the fastest-selling books of all time and spent years on the bestseller lists, ultimately selling millions of copies in many languages.

Whether you read the book or not, Carlson’s pithy articulation of this timeless idea is worth remembering. Even Cornelius Fronto, Marcus Aurelius’s rhetoric teacher, would have thought it a superior way of expressing the wisdom his student attempted in the quote above. They both say the same thing: don’t spend your time (the most valuable and least renewable of all your resources) on the things that don’t matter. What about the things that don’t matter but you’re absolutely obligated to do? Well, spend as little time and worry on them as possible.

If you give things more time and energy than they deserve, they’re no longer lesser things. You’ve made
 them important by the life you’ve spent on them. And sadly, you’ve made the important things—your family, your health, your true commitments—less so as a result of what you’ve stolen from them.","August 22

This Is a Tough Balance

Pleased but never satisfied.

—Michael Dell

As parents, we have to figure out the balance between supporting our kids and pushing them.

It’s like those early days at the park when they find their way to the swing set for the first time. In the beginning, it’s all about providing support while they get comfortable with the pendular motion of the swing. Then you start pushing a little more. But push too hard too soon and they can fly off the front or whip themselves off the back when the swing comes falling back toward the bottom. Eventually they get used to the ebb and flow of the swing, they find their grip confidently on the chains, they know how to anticipate the force of ever bigger pushes and the resulting swings in the other direction. And when that finally happens, that’s when they start pumping their legs on their own, sending themselves as high as they can—higher than you ever thought they would be comfortable reaching.

As parents, that’s the shifting balance we must find—and keep—at all times if we are to do right by our kids, because nobody improves in life simply by remaining where they are.

Finding that balance between pushing too hard and not falling off the swing can also help us to examine how we teach our kids about ambition and personal development. Push your kids to do their best—be pleased but never satisfied. Push them to try new things, take new chances. At the same time, be happy with their best, even if it means losing the game. Our job is to push them to new heights, and to be thrilled with wherever they land."
2025-08-23,"August 23



“Therefore, explain why a wise person shouldn’t get drunk—not with words, but by the facts of its ugliness and offensiveness. It’s most easy to prove that so-called pleasures, when they go beyond proper measure, are but punishments.”

—
S
ENECA,
M
ORAL
L
ETTERS
, 
 83.27

I
 s there a less effective technique to persuading people to do something than haranguing them? Is there anything that turns people off more than abstract notions? That’s why the Stoics don’t say, “Stop doing this, it’s a sin.” Instead they say, “Don’t do this because it will make you miserable.” They don’t say, “Pleasure isn’t pleasurable.” They say, “Endless pleasure becomes its own form of punishment.” Their methods of persuasion hew the line in The
48 Laws of Power
 : “Appeal to People’s Self-Interest Never to Their Mercy or Gratitude.”

If you find yourself trying to persuade someone to change or do something differently, remember what an effective lever self-interest is. It’s not that this or that is bad
 , it’s that it is in their best interest to do it a different way. And show
 them—don’t moralize.

And what happens when you apply this way of thinking to your own behavior?","August 23

They Don’t Need a Lecture. They Need This.

Which teacher is more worthy . . . the one who savages his students if their memory fails or their eye clumsily falters when reading, or the one who prefers to correct and teach with admonitions that bring a blush to the students’ cheeks? Show me a brutal tribune or centurion and I’ll show you one who makes soldiers desert—pardonably.

—Seneca

As John Steinbeck was writing East of Eden, his son Tom was not taking school seriously. He was acting out. Steinbeck’s wife thought Tom needed a lecture about this. Steinbeck, then in the middle of writing about two very different, unruly sets of sons, knew that wasn’t quite right. “He needs more than that,” he wrote in his journal. “He needs infinite patience and discipline.”

Not only is that what your kids need, but it’s what we all need. Patience and discipline. Kindness combined with firmness. In an infinite amount. Nobody wants to be lectured. Nobody wants to be nagged. What we need is to be understood and held accountable.

Think of your own troubles as a kid. When you were acting out, when you weren’t taking school seriously, when you were getting into trouble, did getting yelled at help? What you really wanted—what you needed—was for someone to see why you were doing these things. You needed someone to guide you back to the right path and to help you realize the consequences of being off it.

Patience and discipline. That was what you needed. So give those things to your kids. They deserve it."
2025-08-24,"August 24



“I’ll never be ashamed to quote a bad writer with a good saying.”

—
S
ENECA,
O
N
T
RANQUILITY OF
M
IND
, 
 11.8

O
 ne of the striking things about Seneca’s letters and essays is how often he quotes the philosopher Epicurus. Why is that strange? Because Stoicism and Epicureanism are supposed to be diametrically opposed philosophies! (In reality the differences while significant tend to be overblown.)

But this is true to form for Seneca. He was looking for wisdom, period.
 It didn’t matter where it came from. This is something that a lot of fundamentalists—in religion, philosophy, anything—seem to miss. Who cares whether some bit of wisdom is from a Stoic, who cares whether it perfectly jibes with Stoicism? What matters is whether it makes your life better, whether it makes you better.

What wisdom or help would you be able to find today if you stopped caring about affiliations and reputations? How much more could you see if you just focused on merit?","August 24

Be Something and Somebody

E. H. Harriman was a hell of a businessman and a surprisingly good father. He had a reputation as a rapacious industrialist, but at home he was tender and engaged with his kids. He was patient and he instilled in them good values.

Once, he wrote to his son’s headmaster to ask how the boy was doing in his schooling. “Fair in his studies,” came the reply, along with news that young Averell was “gaining steadily.” Encouraged, he wrote to his son asking whether he might be able to “jack up” his efforts in English. “I know you can as well as some other subjects,” he wrote. “It is encouraging to have you so improved, and I am sure you will catch on, and go on and on and be something and somebody.”

That’s a perfect phrase. He wasn’t telling his son he needed to get perfect scores. He wasn’t telling him that he was worthless for having come up short. Or that success was necessarily about being better than anyone else. Like Jim Valvano’s father, what the elder Harriman was saying was that he knew what his son was capable of and, more important, what is expected of a person with his potential: to be something and somebody.

We don’t necessarily need our kids to be financially successful or supremely powerful or famous. But we do expect them to make something of themselves—to be somebody, whether that’s a respected member of their small church or the head of a legislative body. And we expect them to do something, because life is a gift.

To waste it? To do the minimum? No, that’s failure for them and for us. So let’s jack up our efforts and our expectations for them."
2025-08-25,"August 25



“Won’t you be walking in your predecessors’ footsteps? I surely will use the older path, but if I find a shorter and smoother way, I’ll blaze a trail there. The ones who pioneered these paths aren’t our masters, but our guides. Truth stands open to everyone, it hasn’t been monopolized.”

—
S
ENECA,
M
ORAL
L
ETTERS
, 
 33.11

T
 raditions are often time-tested best practices for doing something. But remember that today’s conservative ideas were once controversial, cutting-edge, and innovative. This is why we can’t be afraid to experiment with new ideas.

In Seneca’s case, he might be embracing some new philosophical insight that improves on the writing of Zeno or Cleanthes. In our case, perhaps a breakthrough in psychology improves on the writing of Seneca or Marcus Aurelius. Or perhaps we have a breakthrough of our own. If these ideas are true and better, embrace them—use them. You don’t need to be a prisoner of dead old men who stopped learning two thousand years ago.","August 25

Are You Telling Them This?

As a young novelist, Susan Straight was told by her mentor, the great James Baldwin, “You must continue to write. It is imperative.” Imagine how different that was from the example she got from her own mother who, as we discussed, believed her own creative life was over the day she had kids.

The question we have to ask ourselves is: Which path are we choosing? Are we telling them that they must continue to fulfill their potential—that it’s imperative? Or through our actions (or inactions) are we telling them the opposite? Have we unknowingly become dream killers, or are we actively working as dream builders?

That’s the question. And it is definitely imperative.

There is no benefit to quitting on oneself. Sure, you might have to face facts and choose one career path over another, but that’s not the same as stopping. Making money from the thing you love to do is not as important as getting better at it, as maximizing your potential.

As parents, it is imperative that we root for them, that we be fans. We have to encourage them. We have to tell them to keep going. That there are more, better things ahead. The world is going to put up enough stop signs, erect enough obstacles, deliver enough heartbreak. We don’t need to add to it. We need to do the opposite. We need to believe in them."
2025-08-26,"August 26



“I was shipwrecked before I even boarded . . . the journey showed me this—how much of what we have is unnecessary, and how easily we can decide to rid ourselves of these things whenever it’s necessary, never suffering the loss.”

—
S
ENECA,
M
ORAL
L
ETTERS
, 
 87.1

Z
 eno, widely considered to be the founder of the school of Stoicism, was a merchant before he was a philosopher. On a voyage between Phoenicia and Peiraeus, his ship sank along with its cargo. Zeno ended up in Athens, and while visiting a bookstore he was introduced to the philosophy of Socrates and, later, an Athenian philosopher named Crates. These influences drastically changed the course of his life, leading him to develop the thinking and principles that we now know as Stoicism. According to the ancient biographer Diogenes Laertius, Zeno joked, “Now that I’ve suffered shipwreck, I’m on a good journey,” or according to another account, “You’ve done well, Fortune, driving me thus to philosophy,” he reportedly said.

The Stoics weren’t being hypothetical when they said we ought to act with a reverse clause and that even the most unfortunate events can turn out to be for the best. The entire philosophy is founded on that idea!","August 26

It’s Your Job to Check In

Nobody steals a scene on Seinfeld quite like George’s parents, Frank and Estelle Costanza. And naturally, nobody makes George more miserable than they do. They are a crazy, absurd set of parents.

In one episode, George has to make his weekly call to them, and it’s a task he finds so onerous that he has to prepare things in advance to talk about. The twist, of course, is that George’s parents dread the calls themselves. “And every Sunday with the calls,” they finally complain.

In reality, this is precisely backward. Why is George checking in? That’s his parents’ job.

Your kids didn’t choose this life; you did. What does that mean? It means as your kids get older there should be none of that “Why don’t you ever call?” nagging. That’s your responsibility.

That said, if you want the kind of relationship where your kids do call and check in and share what’s going on with their lives, it starts when they’re much, much younger. When you can’t just expect them to open up and share with you. When you have to check in with them because they don’t know that they’re struggling or that there’s anything worth sharing. Kids simply don’t have the experience or the perspective yet to know one way or the other.

When it comes to stuff like this, “just being there” is not enough. You have to seek them out. You have to reach out. You have to gently pry them open. You have to help them realize their own feelings. You have to be more than there—you have to be proactive."
2025-08-27,"August 27



“Heraclitus would shed tears whenever he went out in public—Democritus laughed. One saw the whole as a parade of miseries, the other of follies. And so, we should take a lighter view of things and bear them with an easy spirit, for it is more human to laugh at life than to lament it.”

—
S
ENECA,
O
N
T
RANQUILITY OF
M
IND
, 
 15.2

I
 s this observation the origin of that famous expression about frustrating news: “I don’t know whether to laugh or cry?” The Stoics saw little purpose in getting angry or sad about things that are indifferent to our feelings. Especially when those feelings end up making us
 feel worse.

It’s also another bit of evidence that the Stoics were hardly some depressing, bitter group of old men. Even when things were really bad, when the world made them want to weep in despair or rage, they chose
 to laugh about it.

Like Democritus, we can make that same choice. There is more humor than hate to be found in just about every situation. And at least humor is productive—making things less heavy, not more so.","August 27

Other People Are Trying to Do This Too

The people you work with or for, or the people who work for you, also have a life outside of work. Like you, they are a mother or a father, a son or a daughter. Like you, they have kids and relationships and struggle to balance them all. Like you, they are trying to put family first and to be a fan.

The legendary NBA coach Gregg Popovich is a hard-driving boss, but he does his best to try to help the people who work for and with him. His former assistant coach Mike Brown tells the story of when he was going through a separation. His two sons lived with their mom in Colorado but were visiting him in San Antonio for a week. Brown took them to the airport before he had to catch his own flight for an away game with the Spurs. His boys were crying and begging to not have to get on the plane, to be able to stay with their dad. Brown called Coach Pop to tell him he was having some trouble and asked him to hold the team plane a few minutes. Pop told Brown to stay with his kids. “No, no, no,” Brown said, “the kids will be fine.”

“If you show up to this plane,” Pop told him, “you’re fired.” “Come on, man! I’m going to be there.” Brown said. “Remember, if I see you on this plane, you’re fired.” Click. Pop hung up on his assistant. Brown and his boys missed their flights and spent three more days together.

Can you imagine what it would feel like to have someone do that for you? Maybe not. But maybe you could make it feel a little more real by doing it for somebody else."
2025-08-28,"August 28



“The founder of the universe, who assigned to us the laws of life, provided that we should live well, but not in luxury. Everything needed for our well-being is right before us, whereas what luxury requires is gathered by many miseries and anxieties. Let us use this gift of nature and count it among the greatest things.”

—
S
ENECA,
M
ORAL
L
ETTERS
, 
 119.15
b

E
 ven in his own time, Seneca was criticized for preaching Stoic virtues while accumulating one of the largest fortunes in Rome. Seneca was so rich that some historians speculate that major loans he made to the inhabitants of what is now Britain caused what became a horrifically brutal uprising there. His critics’ derisive nickname for him was “The Opulent Stoic.”

Seneca’s response to this criticism is pretty simple: he might have wealth, but he didn’t need
 it. He wasn’t dependent on it or addicted to it. Nor, despite his large bank account, was he considered to be anything close to Rome’s most lavish spenders and pleasure hunters. Whether his rationalization was true or not (or whether he was a tad hypocritical), his is a decent prescription for navigating today’s materialistic and wealth-driven society.

This is the pragmatic instead of the moralistic approach to wealth.

We can still live well without becoming slaves to luxury. And we don’t need to make decisions that force us to continue to work and work and work and drift further from study and contemplation in order to get more money to pay for the things we don’t need. There is no rule that says financial success must
 mean that you live beyond your means. Remember: humans can be happy with very little.","August 28

Don’t Use Your Kids

Social media exploits one of the most vulnerable parts of our psyche: our need to be seen and heard and validated. The brilliant programmers of these networks have discovered how to reward this addictive impulse with Likes and comments and follower counts. They turned our greatest vulnerabilities into a game.

That’s what parents should be worried about. When you’re feeling insecure and want to be validated, resist the urge to just post more photos of your kid. Ask yourself: Is this really what my kid wants? Is this really healthy or appropriate? Or is exploiting their cuteness just a cheap way to get attention and feel better about myself?

Being a fan is not about showing them off or trying to impress people—at dinner conversations or on social media. It’s not bragging about where they go to college or how cute they looked dressed up for their birthday.

Our job is to take care of them, not exploit them. Don’t turn your kids and the precious experiences you have with them into fodder for this insatiable maw."
2025-08-29,"August 29



“No person has the power to have everything they want, but it is in their power not to want what they don’t have, and to cheerfully put to good use what they do have.”

—
S
ENECA,
M
ORAL
L
ETTERS
, 
 123.3

I
 s there a person so rich that there is literally nothing
 they can’t afford? Surely there isn’t. Even the richest people regularly fail in their attempts to buy elections, to purchase respect, class, love, and any number of other things that are not for sale.

If obscene wealth will never get you everything you want, is that the end of it? Or is there another way to solve for that equation? To the Stoics, there is: by changing what it is that you want. By changing how you think, you’ll manage to get it. John D. Rockefeller, who was as rich as they come, believed that “a man’s wealth must be determined by the relation of his desires and expenditures to his income. If he feels rich on $10 and has everything he desires, he really is rich.”

Today, you could try to increase your wealth, or you could take a shortcut and just want less.","August 29

Teach Them to Be a Good Sport

How someone handles winning and losing reveals so much about their character. The earlier kids are taught this, the more prepared they will be for the real world (which includes plenty of both).

In his essay “On Anger,” Seneca lays out some specific advice for fathers when it comes to teaching kids how to be good sports. He writes:

In contests with his comrades we ought not to allow him to become sulky or fly into a passion: let us see that he be on friendly terms with those whom he contends with, so that in the struggle itself he may learn to wish not to hurt his antagonist but to conquer him: Whenever he has gained the day or done something praiseworthy, we should allow him to enjoy his victory, but not to rush into transports of delight: for joy leads to exultation, and exultation leads to swaggering and excessive self-esteem.

This is important. We want our kids to possess the will to win, but not so much that it possesses them. We want them to feel good when they win, without being so dependent or addicted to that feeling that they are crushed when, inevitably, they lose. We don’t want their success to fuel their ego, or their shortcomings on the field to lead to insecurity or self-loathing.

It is, like all things, about balance. And most of all, about being respectful, being responsible, and enjoying the process more than the results."
2025-08-30,"August 30



“Anything that must yet be done, virtue can do with courage and promptness. For anyone would call it a sign of foolishness for one to undertake a task with a lazy and begrudging spirit, or to push the body in one direction and the mind in another, to be torn apart by wildly divergent impulses.”

—
S
ENECA,
M
ORAL
L
ETTERS
, 
 31.
b
–32

I
 f you start something and right away feel yourself getting lazy and irritated, first ask yourself: Why am I doing this?
 If it really is a necessity, ask yourself: What’s behind my reluctance? Fear? Spite? Fatigue?

Don’t forge ahead hoping that someone will come along and relieve you of this task you don’t want to do. Or that someone else will suddenly explain why what you’re doing matters. Don’t be the person who says yes with their mouth but no with their actions. Steve Jobs told BusinessWeek
 in 2005, only midway through Apple’s stunning rise to becoming one of the world’s most valuable companies: “Quality is much better than quantity. . . . One home run is much better than two doubles.”","August 30

This Is What It Takes to Thrive

Several years ago, the writer Malcolm Gladwell pointed out how surprising it is that even in the NBA, which is filled with objectively talented and elite athletes, it sometimes requires a team change or a head coaching change (or a mental-skills professional) for a player to thrive. They might have bounced around to two or three places, had multiple disappointing seasons, and then suddenly, when the environment around them is right, when they have the support they need, bam, they’re great.

His point was this: if even athletes being paid millions of dollars to perform need this, how can we possibly just expect kids to succeed in any old classroom we drop them into? We are so quick to write kids off—even our own kids—as not good at math, as a so-so student, as having trouble focusing or whatever. So quick!

But of course, environment is everything. The right supporting cast is everything. Timing is everything. We have to be patient. We have to be flexible. We can’t stop rooting for them, believing in them. We have to take a page from these sports teams that, understanding they have a very valuable asset on their hands, do not despair when things don’t immediately click. No, when things aren’t working, they invest more. They don’t blame the star. They blame the system . . . and then try to fix it. And the fans cheer like crazy the whole time.

Well, our kids are even more priceless than any basketball player. And their education is even more important than playing a game well."
2025-08-31,"August 31



“Whenever you take offense at someone’s wrongdoing, immediately turn to your own similar failings, such as seeing money as good, or pleasure, or a little fame—whatever form it takes. By thinking on this, you’ll quickly forget your anger, considering also what compels them—for what else could they do? Or, if you are able, remove their compulsion.”

—
M
ARCUS
A
URELIUS,
M
EDITATIONS
, 
 10.30

E
 arlier we were reminded of Socrates’s tolerant belief that “no one does wrong on purpose.” The clearest proof of that hypothesis? All the times we
 did wrong without malice or intention. Remember them? The time you were rude because you hadn’t slept in two days. The time you acted on bad information. The time you got carried away, forgot, didn’t understand. The list goes on and on.

This is why it is so important not to write people off or brand them as enemies. Be as forgiving of them as you are of yourself. Cut them the same slack you would for yourself so that you can continue to work with them and make use of their talents.

","August 31

Being a Fan Isn’t Easy

It was a time when women did not have jobs, let alone become published authors. Not respectable women, anyway. And yet there Jane Austen’s father was, submitting Jane’s writings to a publisher. “As I am well aware of what consequence it is that a work of this sort should make its first appearance under a respectable name I apply to you,” he wrote to the well-known publisher Cadell, according to Claire Tomalin’s book Jane Austen: A Life.

Being a fan of your kids is not just rooting for them at the occasional soccer game. It’s not just telling them they’re special. It’s also putting yourself out there, taking risks for them. It’s being willing to defy conventions, to encourage them to defy conventions if they feel their calling demands it.

You tried your whole life to raise a kid who is comfortable with themselves, who is confident, who is competent, who could be successful. When your efforts begin to bear fruit, real challenges will sprout up alongside. As they push the boundaries of their comfort zone, they may well push you out of yours. But that’s good! That’s what we want!

We have to believe in our kids. To be their fans. To be willing to risk with and for them. If we don’t believe in our kids, who will? Be a real fan. It’s not easy, but where would the world be if great parents had always taken the easy route?"
2025-09-01,"September 1



“The rational soul is stronger than any kind of fortune—from its own share it guides its affairs here or there, and is itself the cause of a happy or miserable life.”

—
S
ENECA,
M
ORAL
L
ETTERS
, 
 98.2
b

C
 ato the Younger had enough money to dress in fine clothing. Yet he often walked around Rome barefoot, indifferent to assumptions people made about him as he passed. He could have indulged in the finest food. He chose instead to eat simple fare. Whether it was raining or intensely hot, he went bareheaded by choice.

Why not indulge in some easy relief? Because Cato was training his soul to be strong and resilient. Specifically, he was learning indifference: an attitude of “let come what may” that would serve him well in the trenches with the army, in the Forum and the Senate, and in his life as a father and statesman.

His training prepared him for any conditions, any kind of luck. If we undergo our own training and preparations, we might find ourselves similarly strengthened.","September 1

This Is the Great Leveler

Not all of us are able to give our children riches. Or powerful connections. Or even superior genetics. Does this mean our kids are at a disadvantage? That they’re screwed? Nope. Because there is a great leveler out there—one that we can show them and that they can use at any time.

The famous Princeton basketball coach Pete Carril would tell his young athletes:

My father came from the province of León in Castile, Spain and worked for thirty-nine years in the open-hearth for the Bethlehem Steel Company. Every day, before he left for work, he would remind my sister and me how important it was to be smart. “In this life,” he would say, “the big, strong guys are always taking from the smaller, weaker guys but . . . the smart take from the strong.”

It’s simple fatherly wisdom: use your brain. It’s the secret weapon of underdogs everywhere, available to all and always free."
2025-09-02,"September 2



“Men, the philosopher’s lecture-hall is a hospital—you shouldn’t walk out of it feeling pleasure, but pain, for you aren’t well when you enter it.”

—
E
PICTETUS,
D
ISCOURSES
, 
 3.23.30

H
 ave you ever been to physical therapy or rehab? No matter what the name implies or how many people you see lying about, getting massages, it’s not a fun place to be. It turns out that healing hurts.
 The trained experts know exactly where to exert pressure and what to subject to stress so that they can strengthen where the patient is weak and help stimulate the areas that have atrophied.

Stoic philosophy is a lot like that. Some observations or exercises will touch one of your pressure points. It’s nothing personal. It’s supposed
 to hurt. That’s how you’ll develop the will to endure and persevere through life’s many difficulties.","September 2

This Is How You Teach Them

They say I tell a great many stories. I reckon I do; but I have learned from long experience that plain people, take them as they run, are more easily influenced through the medium of a proud and humorous illustration than any other way.

—Abraham Lincoln

If the Bible is any indication, Jesus rarely seemed to come out and say what he meant. He preferred, instead, to employ parables and stories and little anecdotes that made you think. He tells the story of the servants and the talents. He tells the stories of the Prodigal Son, the Good Samaritan, the mustard seed, and the lost sheep. Turns out, that’s a pretty effective way to get a point across and make it stick.

And so it will be with your kids. We learn through stories—whether it’s the story of Cincinnatus or a story about the time when you were their age. We learn when people share moments of vulnerability, of their hard-won experience. We don’t like it when people tell us the point; we like it when they show us.

So stop thinking about giving them all the answers and start thinking about stories to tell that make the answers self-evident. It’s the best way to teach."
2025-09-03,"September 3



“We must undergo a hard winter training and not rush into things for which we haven’t prepared.”

—
E
PICTETUS,
D
ISCOURSES
, 
 1.2.32

B
 efore the advent of modern warfare, armies typically disbanded during the winter. War was not the total war as we understand it today, but more like a series of raids punctuated by the rare decisive battle.

When Epictetus says we ought to go through “hard winter training”—the Greek word is cheimaskêsai
 —he was disputing the notion that there is such a thing as part-time soldiering (or part-time anything for that matter). In order to achieve victory, one must dedicate every second and every resource into preparation and training. LeBron James doesn’t take a summer break—he uses it to work on other aspects of his game. The U.S. military trains its soldiers day and night when not at war, in preparation for when they have to go to war; when they do go to war, they fight until it’s over.

The same is true for us. We can’t do this life thing halfheartedly. There’s no time off. There aren’t even weekends. We are always preparing for what life might throw at us—and when it does, we’re ready and don’t stop until we’ve handled it.","September 3

Introduce Them to the (Friendly) World of Ideas

Our first job, our first responsibility, is instilling a sense of learning, a sense of a love of learning, in our kids.

—Barack Obama

The Marine general and former U.S. secretary of defense Jim Mattis has talked about his idyllic childhood in Pullman, Washington. There he spent time outdoors, explored, got in trouble, and had an all-American childhood. He talks lovingly of a house filled with books, run by parents who encouraged their children not only to read them but to question and interact with them as well. He recalls, “They introduced us to a world of great ideas—not a fearful place, but a place to enjoy.”

What a thing to say! A target for each of us to aim for with our own children.

You must teach your kids to be curious, to be open, to be willing to explore. Your job is to teach them how to make their own informed opinions, how to decide for themselves, how to be comfortable with uncomfortable topics. Ideas are our friends. They will serve your children well, and your children will serve them well, if you teach them early and often.

The world is a place of great ideas. There is nothing to be afraid of . . . except fear and ignorance."
2025-09-04,"September 4



“I judge you unfortunate because you have never lived through misfortune. You have passed through life without an opponent—no one can ever know what you are capable of, not even you.”

—
S
ENECA,
O
N
P
ROVIDENCE
, 
 4.3

M
 ost people who have gone through difficult periods in their life come to later wear those experiences as badges of honor. “Those were the days,” they might say, even though now they live in much better circumstances. “To be young and hungry again,” another might say wistfully. “It was the best thing that ever happened to me,” or “I wouldn’t change a thing about it.” As tough as those periods were, they were ultimately formative experiences. They made those people who they are.

There’s another benefit of so-called misfortune. Having experienced and survived it, we walk away with a better understanding of our own capacity and inner strength. Passing a trial by fire is empowering because you know that in the future you can survive similar adversity. “What does not kill me makes me stronger,” Nietzsche said.

So today if things look like they might take a bad turn or your luck might change, why worry? This might be one of those formative experiences you will be grateful for later.","September 4

Teach Them Early—When You Still Can

To learn is simply to allow something to be done to you, and to be quickly persuaded is natural for those who are less able to offer resistance.

—Plutarch

We have to start teaching our kids the important things early, even when it seems like they are way too young, because if we wait, they’ll be able to fight us off. They’ll have the words and the resolve to resist the lessons that we know they will need in life for the struggles they can’t see coming.

We have to get them while they’re still young and impressionable. We have to push past their reservations. Of course they would rather play video games. Of course it’s more fun to goof off. But now is the time. Before they can fight us off with their full determination. Before the cement is completely dry."
2025-09-05,"September 5



“Remember, then, if you deem what is by nature slavish to be free, and what is not your own to be yours, you will be shackled and miserable, blaming both gods and other people. But if you deem as your own only what is yours, and what belongs to others as truly not yours, then no one will ever be able to coerce or to stop you, you will find no one to blame or accuse, you will do nothing against your will, you will have no enemy, no one will harm you, because no harm can affect you.”

—
E
PICTETUS,
E
NCHIRIDION
, 
 1.3

A
 fter Captain James Stockdale was shot down over Vietnam, he endured seven and a half years in various prison camps. He was subjected to brutal torture but always struggled to resist. Once, when his captors intended to force him to appear in a propaganda video, he purposely and severely injured himself to make that impossible.

When Stockdale’s plane was hit, he told himself that he was “entering the world of Epictetus.” He didn’t mean that he was attending a philosophy seminar. He knew what he was to face when he crash-landed. He knew it wouldn’t be easy to survive.

Interviewed by Jim Collins for the business classic Good to Great
 , Stockdale explained there was one group that had the most trouble in the prison. “It was the optimists,” he said, “. . . the ones who said, ‘We’re going to be out by Christmas.’ And Christmas would come, and Christmas would go. Then they’d say, ‘We’re going to be out by Easter.’ And Easter would come, and Easter would go. And then Thanksgiving, and then it would be Christmas again. And they died of a broken heart.”

But Stockdale persevered and did make it out. He quenched his desires and focused exclusively on what he did control: himself.","September 5

Do You Do This over Dinner?

He who cannot put his thoughts on ice should not enter into the heat of dispute.

—Friedrich Nietzsche

Some families watch TV at dinner. Some families eat separately. Some families talk idly about their day. Dinner at Agnes Callard’s house is different. She and her children debate.

Because Callard is a philosopher, many of their debates are philosophical. If a conjoined twin committed a crime, should both twins be punished? Is it possible for the other twin to be completely innocent? But some of the topics are silly, such as the debate, led by her then seven-year-old, on what would be the ideal type of glove.

It wasn’t the content of the debate that mattered, of course—it was the activity. It was that they did it as a family. And like most great parenting strategies, this wasn’t some forced or formal activity. It wasn’t an obligation or a chore. These debates began as discussions between her and her husband that her kids wanted to join. They evolved over time. The rules are ad hoc; the tradition is organic. But in the end, it shaped the course of her family and their intellectual lives.

Can you say the same about your dinners? Maybe you should talk about it, then. Maybe even debate it."
2025-09-06,"September 6



“You can bind up my leg, but not even Zeus has the power to break my freedom of choice.”

—
E
PICTETUS,
D
ISCOURSES
, 1.1.23

I
 t was said that Epictetus walked with a permanent limp as a result of being chained up as a slave. Two thousand years later, James Stockdale also had his legs chained in irons (and his arms bound behind his back and pulled from the ceiling, repeatedly wrenching them from their sockets). Future senator John McCain was in that same prison, subjected to much of the same abuse. Because his father was famous, McCain was repeatedly offered by his captors a chance to abandon his men and be sent home early. He too held tightly to his freedom of choice, declining to submit to that temptation even though it meant a loss of the physical freedom he must have ached for.

None of these men broke. No one could make them sacrifice their principles. That’s the thing—someone can throw you in chains, but they don’t have the power to change who you are. Even under the worst torture and cruelties that humans can inflict on one another, our power over our own mind and our power to make our own decisions can’t be broken—only relinquished.","September 6

How to Get Them to Read (or Do Anything)

A reader lives a thousand lives before he dies. The man who never reads lives only one.

—George R. R. Martin

In her classic poem, “Tula [“Books are door-shaped”],” Margarita Engle describes books as “door-shaped portals,” which is as apt as it is beautiful. Books carry us across oceans and centuries, she writes, with the extra benefit of making us feel less alone. Stephen King’s line was that books are “uniquely portable magic.”

We want to give our kids access to this magic; we want them to walk through these portals. We want them to read.

That said, we need to be providing a good example. How often do your kids catch you reading? How often do they see you with a book in your hands? You want them to read, but do you read regularly to them? You tell them that books are important, that books are fun, but where is the evidence?

If you want your kids to read more, if you want them to walk through those magical door-shaped portals, show them what a reader looks like. Talk to them about books. Make books a central part of your house . . . and your lives."
2025-09-07,"September 7



“Consider who you are. Above all, a human being, carrying no greater power than your own reasoned choice, which oversees all other things, and is free from any other master.”

—
E
PICTETUS,
D
ISCOURSES
, 
 2.10.1

T
 he psychologist Viktor Frankl spent three years imprisoned in various concentration camps, including Auschwitz. His family and his wife had been killed, his life’s work destroyed, his freedom taken from him. He quite literally had nothing left. Yet, as he discovered after much thought, he still retained one thing: the ability to determine what this suffering meant.
 Not even the Nazis could take that from him.

Further, Frankl realized that he could actually find positives in his situation. Here was an opportunity to continue testing and exploring his psychological theories (and perhaps revise them). He could still be of service to others. He even took some solace in the fact that his loved ones were spared the pain and misery that he faced daily in that camp.

Your hidden power is your ability to use reason and make choices, however limited or small. Think about the areas of your life where you are under duress or weighed down by obligation. What are the choices available to you, day after day? You might be surprised at how many there actually are. Are you taking advantage? Are you finding the positives?","September 7

The Lives of the Greats Remind Us

Why do we tell stories to our kids? Why do we tell them about history? Teach them about Martin Luther King Jr., George Washington, Porcia Cato, Cincinnatus, Florence Nightingale, Jesus, Marcus Aurelius? Because it matters.

As Longfellow wrote,

Lives of great men all remind us

We can make our lives sublime,

And, departing, leave behind us

Footprints on the sands of time.

We are trying to teach our kids the most important and pressing lesson of all: that they can make a difference, they can change the world.

We tell our kids stories to inspire them. That’s what bedtime reading is about—not just tiring them out so they’ll go to sleep. The point of history class isn’t to berate them with the evil deeds of old dead white guys. We want them to know: People can have an impact. People can lead wonderful lives. People can leave their footprints on the sands of time.

Not just people, not just heroes or the dynastically wealthy, but your kids too. They can do this. And in helping them realize that, you are making your own impact."
2025-09-08,"September 8



“No one is crushed by Fortune, unless they are first deceived by her . . . those who aren’t pompous in good times, don’t have their bubbles burst with change. Against either circumstance, the stable person keeps their rational soul invincible, for it’s precisely in the good times they prove their strength against adversity.”

—
S
ENECA,
O
N
C
ONSOLATION TO
H
ELVIA
, 
 5.4
b
, 
 5
b
–6

I
 n 41 AD
 , Seneca was exiled from Rome to Corsica—for what exactly, we are not sure, but the rumors were that he had an affair with the sister of the emperor. Shortly afterward, he sent a letter to his mother seeking to reassure her and comfort her in her grief. But in many ways, he must have been speaking to himself as well—scolding himself a little for this unexpected twist he was taking pretty hard.

He’d managed to achieve some measure of political and social success. He might have chased some pleasures of the flesh. Now he and his family were dealing with the consequences—as we all must bear for our behavior and for the risks we take.

How would he respond? How would he deal with it? Well, at the very least, his instincts were to comfort his mother instead of simply bemoaning his own suffering. Though some other letters show that Seneca begged and lobbied for his return to Rome and power (a request eventually granted), he seems to have borne the pain and disgrace of exile fairly well. The philosophy that he’d long studied prepared him for this kind of adversity and gave him the determination and patience he needed to wait it out. When he found his fortune restored as he returned to power, philosophy prevented him from taking it for granted or becoming dependent on it. This was good because fortune had another turn in store for him. When the new emperor turned his wrath on Seneca, philosophy found him ready and prepared once again.","September 8

Are You Bringing This Home?

A child learns more in one split second, carving a little stick, than in whole days, listening to a teacher.

—Simón Rodríguez

Orville and Wilbur Wright were bicycle salesmen from Ohio. They weren’t engineers. They didn’t go to college; they didn’t have any technical training. Meanwhile, there were teams of engineers from the top universities working on the same problem. One was funded by a grant from the U.S. War Department.

How could the Wrights have possibly bested those deep pockets to become the inventors and pioneers we know them as today?

“It began for them with a toy,” David McCullough writes in The Wright Brothers, “a small helicopter brought home by their father, Bishop Milton Wright, a great believer in the educational value of toys. . . . It was little more than a stick with twin propellers and twisted rubber bands, and probably cost 50 cents.”

It might not seem like a toy could change a child’s life, but of course it can. Toys are more than just things to play with. They are worlds to discover. They are things to be responsible for. They are things to take apart and put back together. They are laboratories for life.

We spend a lot of time introducing our kids to the world of ideas. Let’s also carve out some time to bring home cool toys. Toys with educational value. Toys that teach them about other cultures. Toys that get them interested in flight or science or math or history or technology. Toys that are, in and of themselves, vessels for ideas.

Who knows what might come from their exploration of fun."
2025-09-09,"September 9



“But there is no reason to live and no limit to our miseries if we let our fears predominate.”

—
S
ENECA,
M
ORAL
L
ETTERS
, 
 13.12
b

I
 n the early days of what would become known as the Great Depression, a new president named Franklin Delano Roosevelt was sworn in and gave his first inaugural address. As the last president to hold office before the Twentieth Amendment was ratified, FDR wasn’t able to take office until March—meaning that the country had been without strong leadership for months. Panic was in the air, banks were failing, and people were scared.

You’ve probably heard the “nothing to fear but fear itself” sound bite that FDR gave in that famous speech, but the full line is worth reading because it applies to many difficult things we face in life:

“Let me assert my firm belief that the only thing we have to fear is fear itself—nameless, unreasoning, unjustified terror which paralyzes needed efforts to convert retreat into advance.”

The Stoics knew that fear was to be feared because of the miseries it creates. The things we fear pale in comparison to the damage we do to ourselves and others when we unthinkingly scramble to avoid them. An economic depression is bad; a panic is worse. A tough situation isn’t helped by terror—it only makes things harder. And that’s why we must resist it and reject it if we wish to turn this situation around.","September 9

Teach Them to Notice

Pay attention. It’s all about paying attention. It’s all about taking in as much of what’s out there as you can.

—Susan Sontag

When former diplomat and secretary of defense Robert Lovett was a kid, he and his dad took similar routes in the morning and evening to work and to school. And the fact that they left both places at slightly different times allowed Lovett and his dad to play an interesting game.

At night after dinner, according to biographers Walter Isaacson and Evan Thomas, Lovett’s dad would ask questions about what he had seen. “ ‘How many horses were pulling the cart?’ he would ask about a midtown construction project. ‘How many girders were in the cart?’ ‘How were the horses hitched to the cart?’ ” There would be a few quarters as a reward if young Robert was right, but he could be docked a quarter from his winnings if he got anything wrong.

This was more than just a silly activity they did together, although such things are wonderful. What his father was teaching him was the art of paying attention. Robert was learning to notice, to focus on the details and not to take his surroundings for granted, to be present. It was a skill he used to great advantage as he rose through the diplomatic ranks of the State Department.

Of course, you don’t have to play the same game, but you can find your own way to reward and inspire your kids to pay attention. The quarters and the pats on the back they might win will be nice in the moment, but they will pale in comparison to the value of the real gift you’ll have given them, which will last them a lifetime."
2025-09-10,"September 10



“Here’s a lesson to test your mind’s mettle: take part of a week in which you have only the most meager and cheap food, dress scantly in shabby clothes, and ask yourself if this is really the worst that you feared. It is when times are good that you should gird yourself for tougher times ahead, for when Fortune is kind the soul can build defenses against her ravages. So it is that soldiers practice maneuvers in peacetime, erecting bunkers with no enemies in sight and exhausting themselves under no attack so that when it comes they won’t grow tired.”

—
S
ENECA,
M
ORAL
L
ETTERS
, 
 18.5–6

W
 hat if you spent one day a month experiencing the effects of poverty, hunger, complete isolation, or any other thing you might fear? After the initial culture shock, it would start to feel normal and no longer quite so scary.

There are plenty of misfortunes one can practice, plenty of problems one can solve in advance. Pretend your hot water has been turned off. Pretend your wallet has been stolen. Pretend your cushy mattress was far away and that you have to sleep on the floor, or that your car was repossessed and you have to walk everywhere. Pretend you lost your job and need to find a new one. Again, don’t just think
 about these things, but live them.
 And do it now, while things are good. As Seneca reminds us: “It is precisely in times of immunity from care that the soul should toughen itself beforehand for occasions of greater stress. . . . If you would not have a man flinch when the crisis comes, train him before it comes.”","September 10

“Beautiful” Is What They Say It Is

There is an old LEGO ad from the early 1980s. It has a little pigtailed redhead holding her LEGO creation. What is it? Honestly, it’s hard to say. It’s basically random blocks snapped together. One of the LEGO men has a tree on his head. Needless to say, no architect would sign off on this project. But the smile on this cute little kid’s face says it all.

“Have you ever seen anything like it?” the copy on the ad reads. “Not just what she’s made, but how proud it’s made her. It’s a look you’ll see whenever children build something all by themselves. No matter what they’ve created . . . LEGO Universal Building Sets will help your children discover something very, very special: themselves.”

As parents—as adults—it can be so easy to step in and tell your kids how things are supposed to go. Trees don’t go on people’s heads! A window doesn’t make sense there! But where will they sleep? Dogs and cats aren’t friends! There is no air in space! We think that we are helping or that we are teaching. But really we are stepping on their ability to create and imagine. We may well be depriving them of that beautiful look of pride that the little girl in the ad has—the one that comes from doing something all by yourself. And discovering yourself in the process.

Playtime is for play. It’s supposed to be silly. It’s supposed to be fun. There are no rules. None of it matters . . . unless they want it to matter. So give them some space. Encourage them. Just watch. Let them be beautiful."
2025-09-11,"September 11



“Let us get used to dining out without the crowds, to being a slave to fewer slaves, to getting clothes only for their real purpose, and to living in more modest quarters.”

—
S
ENECA,
O
N
T
RANQUILITY OF
M
IND
, 
 9.3
b

T
 he writer Stefan Zweig—known for his Stoic-esque wisdom—was at one point one of the bestselling authors in the world, only to have his life destroyed by the rise of Hitler. It’s a sad yet timeless rhythm of history: politicians are run out of office for taking a stand we later recognize as courageous. Countless hardworking and prosperous couples have their money stolen by financial crooks. Someone is accused of a crime but not vindicated until years later.

At any moment we may be toppled from our perch and made to do with less
 —less money, less recognition, less access, less resources. Even the “less-es” that come with age: less mobility, less energy, less freedom. But we can prepare for that, in some way, by familiarizing ourselves with what that might feel like.

One way to protect yourself from the swings of fate—and from the emotional vertigo that can result—is by living within your means now.
 So today, we can try to get used to having and surviving on less so that if we are ever forced to have less, it would not be so bad.","September 11

This Is How You Make Them Smart

I have no special talents, I am only passionately curious.

—Albert Einstein

There is a story about Sandra Day O’Connor in Evan Thomas’s great book First. “During one of Washington’s every-seventeen-years eruptions of dormant cicadas,” he writes, “O’Connor collected a batch of the large, dead insects and sent them in a shoebox to her grandchildren in Arizona.”

Her clerk was baffled. O’Connor explained: “One of the most important things to me is that my children and grandchildren are curious. Because, if you’re not curious, you’re not smart.”

We don’t have control over what kind of brain our kids are born with. We don’t even really control what kind of college they get into. Are they a math kid or an artist? Right-brained or left-brained? That’s not up to us. But what we can influence is whether they’re curious. We can encourage this instinct—asking them questions and rewarding them for asking their own. We can cultivate this instinct until it becomes a personality trait—finding all sorts of interesting things and showing them to our kids. And we can demonstrate it—pouring fuel on the sparks of curiosity they exhibit by engaging with the things we’re curious about too.

We can’t make them a specific kind of genius. But we can make them smart . . . by showing them how to be curious."
2025-09-12,"September 12



“Zeno always said that nothing was more unbecoming than putting on airs, especially with the young.”

—
D
IOGENES
L
AERTIUS,
L
IVES OF THE
E
MINENT
P
HILOSOPHERS
, 
 7.1.22

I
 socrates’s famous letter to Demonicus (which later became the inspiration for Polonius’s “To thine own self be true” speech) holds a similar warning to Zeno. Writing to the young man, Isocrates advises: “Be affable in your relations with those who approach you, and never haughty; for the pride of the arrogant even slaves can hardly endure.”

One of the most common tropes in art—from ancient literature to popular movies—is the brash and overconfident young man who has to be taken down a peg by an older, wiser man. It’s a cliché because it’s a fact of life: people tend to get ahead of themselves, thinking they’ve got it all figured out and are better than those that don’t. It becomes so unpleasant to put up with that someone has to drop some knowledge on them.

But this is an entirely avoidable confrontation. If the bubble is never inflated, it won’t need to be popped. Overconfidence is a great weakness and a liability. But if you are already humble, no one will need to humble you—and the world is much less likely to have nasty surprises in store for you. If you stay down to earth, no one will need to bring you—oftentimes crushingly so—back down.","September 12

This Is Something to Invest In

When I have a little money, I buy books; and if I have any left, I buy food and clothes.

—Erasmus

You work hard for your family. You know how you sweated for each dollar, which can make those dollars hard to spend. Especially if you have an eye toward investing—every dollar expended now comes at the cost of returns in the future.

That’s one way to think about it, but it’s not the only way. Marcus Aurelius wrote that what he learned from his great-grandfather was to “avoid public schools, to hire good private teachers, and to accept the resulting costs as money well spent.”

What Marcus was talking about is investing in your children’s education—whatever form you decide it will take. A tutor to teach them Spanish a couple times a month? A piano instructor? A yearly pass to the museum downtown? The gas and the commute to the magnet school on the other side of town instead of the closer but less rigorous one? Private tuition? One parent working less so you can homeschool?

None of this is cheap. But don’t think of it as an expense. Think of it as an investment. It’s the most important investment you can make—it’s an investment in their knowledge, in their education, in their future. It’s making them better. It’s worth what it costs."
2025-09-13,"September 13



“No, it is events that give rise to fear—when another has power over them or can prevent them, that person becomes able to inspire fear. How is the fortress destroyed? Not by iron or fire, but by judgments . . . here is where we must begin, and it is from this front that we must seize the fortress and throw out the tyrants.”

—
E
PICTETUS,
D
ISCOURSES
, 
 4.1.85–86; 
 87
a

T
 he Stoics give us a marvelous concept: the Inner Citadel. It is this fortress, they believed, that protects our soul. Though we might be physically vulnerable, though we might be at the mercy of fate in many ways, our inner domain is impenetrable. As Marcus Aurelius put it (repeatedly, in fact), “stuff cannot touch the soul.”

But history teaches us that impenetrable fortresses can still be breached, if betrayed from the inside. The citizens inside the walls—if they fall prey to fear or greed or avarice—can open the gates and let the enemy in. This is what many of us do when we lose our nerve and give in to fear.

You’ve been granted a strong fortress. Don’t betray it.","September 13

You Have to Unlock This

It wasn’t until law school that future secretary of state Dean Acheson was fully unlocked as a human being. There, he said, with the help of his professors, he was introduced to a “tremendous discovery,” as he called it:

The discovery of the power of thought. Not only did I become aware of this powerful mechanism, the brain, but I became aware of an unlimited mass of material that was lying about the world waiting to be stuffed into the brain.

It was this discovery that propelled Acheson to become not just one of the top legal minds of his time but eventually the country’s principal diplomat. Yet it’s also a little sad. He went to Groton School, Yale College, and Harvard Law School. His parents were smart too. But somehow nobody had been able (or interested?) to get him to realize the power of thought until he was in his midtwenties? Unreal!

Just as we have to help introduce our kids to the world of ideas, we also have to help them discover the incredible power of thought. We have to give them a sense of the limitlessness of human potential trapped in those three pounds of soft tissue between our ears. We have to show them what a powerful mechanism they have been given; then we need to show them how to use it.

We need to unlock their brains . . . as early as possible."
2025-09-14,"September 14



“Try praying differently, and see what happens: Instead of asking for ‘a way to sleep with her,’ try asking for ‘a way to stop desiring to sleep with her.’ Instead of ‘a way to get rid of him,’ try asking for ‘a way to not crave his demise.’ Instead of ‘a way to not lose my child,’ try asking for ‘a way to lose my fear of it.’”

—
M
ARCUS
A
URELIUS,
M
EDITATIONS
, 
 9.40.(6)

P
 rayer has a religious connotation, but in life we all find ourselves hoping and asking for things. In a tough situation, we might silently ask for help; or, after a tough break, for a second chance from above; during a sports game, we might sit on the edge of our seat wishing for some outcome. “C’mon, c’mon, c’mon,” we say. “Please . . .”
 Even if it is to no one in particular, we’re still praying. Yet it’s so revealing in these moments, when we’re privately, powerfully yearning for something, just how nakedly selfish our requests usually are.

We want divine intervention so that our lives will magically be easier. But what about asking for fortitude and strength so you can do what you need to do? What if you sought clarity on what you do control, what is already within your power? You might find your prayers have already been answered.","September 14

Not Just to Read, but to Read Critically

To read attentively—not to be satisfied with “just getting the gist of it.”

—Marcus Aurelius

An illiterate world is not a good one, but a world where people unthinkingly believe and accept everything they read is not that much better. So it’s great that you’re teaching your kids to read, but are you teaching them to read critically?

They need to know: Authors can be wrong. Authors can be questioned. A book is not a one-way conversation. It’s a dialogue between the reader and the writer, between the past and the present. Show them how to take notes, how to disagree, how to question what they see on the page, and how to participate in the dialogue that has begun in the pages they are holding.

They need to know: No one book is definitive. No one school or system has all the answers. Show them how to read books from opposing thinkers. Read one book together . . . then read something that presents a different point of view. Talk about the importance of debate, how to compare and contrast. Teach them to be more than a reader, teach them to be a wide-ranging, critical reader. A questioner. A reviewer. A thinker."
2025-09-15,"September 15



“First practice not letting people know who you are—keep your philosophy to yourself for a bit. In just the manner that fruit is produced—the seed buried for a season, hidden, growing gradually so it may come to full maturity. But if the grain sprouts before the stalk is fully developed, it will never ripen. . . . That is the kind of plant you are, displaying fruit too soon, and the winter will kill you.”

—
E
PICTETUS,
D
ISCOURSES
, 
 4.8.35
b
–37

A
 fter all you’ve read, it might be tempting to think: This stuff is great. I get it. I’m a Stoic.
 But it’s not that easy. Just because you agree with the philosophy doesn’t mean the roots have fully taken hold in your mind.

Fooling with books so you can sound smart or have an intimidating library is like tending a garden to impress your neighbors. Growing one to feed a family? That’s a pure and profitable use of your time. The seeds of Stoicism are long underground. Do the work required to nurture and tend to them. So that they—and you—are prepared and sturdy for the hard winters of life.","September 15

Protect This Impulse

The famed French photographer Henri Cartier-Bresson was a pain in the ass to his teachers. He was bored by what they were teaching in school. He didn’t pay attention. He was constantly getting caught reading something that had nothing to do with his schoolwork, books that were often inappropriate for his age.

One day, as he was about to start sixth grade, he was caught by the principal reading Mallarmé or Rimbaud, two beautiful French poets. At first, the principal seemed like he’d finally had enough. “Let’s have no disorder in your studies,” he barked, using the informal tu. Every other time Henri had been addressed this way, it had been followed with punishment. But then the principal’s voice turned to kindness. “You’re going to read in my office,” he said, and led the boy there, where Henri returned over and over again as a precocious, curious reader for the rest of his school days.

It was this conversation—this little bit of intellectual guardianship and protection of his curiosity—that helped Henri carve out the foundations and freedom that would lead him to become one of the greatest photographers in history.

We have to remember that our job as parents, as educators, is not to keep our kids in line for its own sake. It’s not to crush their initiative because it’s disruptive or uncomfortable or difficult for us. We have to encourage them. We have to make space for our kids.

If they want to read? By God, let them! If they want to skip ahead or deviate from the conventional path? Cheer them on! Who knows, they may have just found their way . . ."
2025-09-16,"September 16



“Success comes to the lowly and to the poorly talented, but the special characteristic of a great person is to triumph over the disasters and panics of human life.”

—
S
ENECA,
O
N
P
ROVIDENCE
, 
 4.1

P
 erhaps you know people who’ve been extraordinarily lucky in life. Maybe they hit the genetic lottery or have skated through classes and careers with ease. Despite never planning, making reckless decisions, jumping from one thing to the next, they’ve somehow survived without a scratch. There’s a saying: “God favors fools.”

It’s natural to be a bit envious of these folks. We want the easy life too—or so we think. But is the easy life really that admirable?

Anyone can get lucky. There’s no skill in being oblivious, and no one would consider that greatness.

On the other hand, the person who perseveres through difficulties, who keeps going when others quit, who makes it to their destination through hard work and honesty? That’s admirable, because their survival was the result of fortitude and resilience, not birthright or circumstance. A person who overcame not just the external obstacles to success but mastered themselves and their emotions along the way? That’s much more impressive. The person who has been dealt a harder hand, understood it, but still triumphed? That’s greatness.","September 16

It’s About the Right Moment

There is a select group of writers who are accessible to anyone, at whatever age or stage of life—Homer, Shakespeare, Goethe, Balzac, Tolstoy—and then there are those whose significance is not properly revealed until a particular moment.

—Stefan Zweig

Maybe they can understand Ender’s Game at eleven, or maybe it won’t be until they’re seventeen. Maybe they can get the message of The Great Gatsby in high school, or maybe it’s something you’ll have to read as a kind of family book club later on. Maybe they’ll take to poetry early, or maybe they won’t. Maybe they’ll love The Little Prince or Charlotte’s Web as much as you did, or maybe tonight is just not the night.

Stefan Zweig was twenty when he first picked up Michel de Montaigne’s Essays—an incomparable book—but he had “little idea what to do with it.” It wasn’t until the last year of his life, after two world wars and a forced exile, that Zweig picked up Montaigne again. This time, the connection was instant. The impact was enormous. Because the moment was right.

Remember, our goal here is to raise readers. But as with gardening, there is a time and a season for certain things to take root, and until you get there, the thing you’ll need most is patience."
2025-09-17,"September 17



“What if someone despises me? Let them see to it. But I will see to it that I won’t be found doing or saying anything contemptible. What if someone hates me? Let them see to that. But I will see to it that I’m kind and good-natured to all, and prepared to show even the hater where they went wrong. Not in a critical way, or to show off my patience, but genuinely and usefully.”

—
M
ARCUS
A
URELIUS,
M
EDITATIONS
, 
 11.13

W
 hen someone has a strong opinion about something, it usually says more about them
 than whatever or whomever the opinion happens to be about. This is especially true when it comes to resentment and hatred of other people. (It is a sad irony that the prejudiced often harbor secret attractions to those they so publicly hate.)

For this reason, the Stoic does two things when encountering hatred or ill opinion in others. They ask: Is this opinion inside my control?
 If there is a chance for influence or change, they take it. But if there isn’t, they accept this person as they are (and never hate a hater). Our job is tough enough already. We don’t have time to think about what other people are thinking, even if it’s about us.","September 17

You Gotta Give Them Access

The story of Theodore Roosevelt is the story of a small boy who read about great men and decided he wanted to be like them.

—Hermann Hagedorn

Theodore Roosevelt certainly came from a privileged family. They were rich, they were social elites, they had a mansion in Manhattan. Yet, as Doris Kearns Goodwin wrote, his main advantage was actually pretty simple:

Few young children read as broadly or had such access to books as young Roosevelt. He had only to pick a volume on the shelves of the vast library in his family’s home or express interest in a particular book and it would magically materialize. During one family vacation Teedie proudly reported that he and his younger brother and sister, Elliott and Corinne, had devoured fifty novels! Thee [Theodore’s father] read aloud to his children in the evenings after dinner. . . . Above all, he sought to impart didactic principles of duty, ethics, and morality through stories, fables, and maxims.

It would be wonderful if we could hand our kids a famous last name, a legacy admission to Harvard, or a trust fund, but that is difficult to do. What you can do—what you must do—is give them access to a library. To unlimited numbers of books. Bring them up in a house that, if it lacks rich heritage or fame or noble lineage like the Roosevelts’, is at least rich in a love of reading."
2025-09-18,"September 18



“Whenever you suffer pain, keep in mind that it’s nothing to be ashamed of and that it can’t degrade your guiding intelligence, nor keep it from acting rationally and for the common good. And in most cases you should be helped by the saying of Epicurus, that pain is never unbearable or unending, so you can remember these limits and not add to them in your imagination. Remember too that many common annoyances are pain in disguise, such as sleepiness, fever and loss of appetite. When they start to get you down, tell yourself you are giving in to pain.”

—
M
ARCUS
A
URELIUS,
M
EDITATIONS
, 
 7.64

I
 n 1931, on a trip to New York City, Winston Churchill was struck crossing the street by a car going more than thirty miles an hour. A witness at the scene was sure that he had been killed. He would spend some eight days in the hospital, with cracked ribs and a severe head wound.

Churchill somehow retained consciousness. When he spoke to the police, he went to great lengths to insist that he was completely to blame and wanted no harm to come to the driver. Later, the driver came to visit Churchill at the hospital. When Churchill heard that the driver was out of work, he tried to offer him—
 the man who had nearly killed him—some money. More than his own pain, he was worried that the publicity from the accident would hurt the man’s job prospects and sought to help how he could.

“Nature is merciful,” he later wrote in a newspaper article about the experience, “and does not try her children, man or beast, beyond their compass. It is only where the cruelty of man intervenes that hellish torments appear. For the rest—live dangerously; take things as they come; dread naught, all will be well.”

In the years to come, Churchill and the world would witness some of the most hellish torments that man could invent. Yet he—along with many of our ancestors—endured that pain as well. As horrible as it was, eventually all would be well again. Because like Epicurus says, nothing is unending. You just need to be strong and gracious enough to get through it.","September 18

The Two Most Important Skills to Teach Your Kids

Looking back on his surprise path to the presidency, one of Gerald Ford’s main regrets came from the course of study he took in college. He would write in his memoirs that if he could go back, the two main things he would have studied were writing and public speaking. Writing well and speaking confidently and articulately before an audience were the two main skills he used in every facet of his life as a leader, and they were the two things he—like most students—got the least instruction in.

With all that has changed since Ford went to college (class of ’35), how little has happened to disrupt that. Nothing remains more important than effective communication.

Kids learn dance in PE but pubic speaking and debate are optional, extracurricular activities. How nuts is that? Kids are evaluated on standardized tests . . . as if effective communication can possibly be captured via multiple choice. In fact, the questions and passages on standardized tests are often the epitome of poor writing and ineffective communication!

If schools aren’t going to do it, we parents have to. It’s on us to teach our kids these important skills—to make sure they’re able to express themselves on the page and in person. We’ve got to give them the opportunities to get up and address an audience—and encourage the confidence required to be comfortable doing so.

Whatever happens in the future, communication will be key (and king). It’s your job to make sure they’re ready."
2025-09-19,"September 19



“Remember that to change your mind and to follow someone’s correction are consistent with a free will. For the action is yours alone—to fulfill its purpose in keeping with your impulse and judgment, and yes, with your intelligence.”

—
M
ARCUS
A
URELIUS,
M
EDITATIONS
, 
 8.16

W
 hen you set your mind to a task, do you always follow through? It’s an impressive feat if you do. But don’t let yourself become a prisoner of that kind of determination. That asset might become a liability someday.

Conditions change. New facts come in. Circumstances arise. If you can’t adapt to them—if you simply proceed onward, unable to adjust according to this additional information—you are no better than a robot. The point is not to have an iron will, but an adaptable
 will—a will that makes full use of reason to clarify perception, impulse, and judgment to act effectively for the right purpose.

It’s not weak to change and adapt. Flexibility is its own kind of strength. In fact, this flexibility combined
 with strength is what will make us resilient and unstoppable.","September 19

Let’s Get to the Bottom of It

How could youths better learn to live than by at once trying the experiment of living? Methinks this would exercise their minds as much as mathematics.

—Henry David Thoreau

The author Susan Cheever tells a story of Henry David Thoreau, who before he became a great writer was a teacher. The school he taught at was close to a river, and it was a source of endless fascination to the kids, mainly what made so many of the interesting sounds that came from the water.

“It has been disputed whether the noise was caused by frogs,” one student reflected later on. “Mr. Thoreau, however, caught three very small frogs, two of them in the act of chirping. While bringing them home one of them chirped in his hat.”

Isn’t that lovely? He didn’t just dismiss their question with an obvious answer. He showed them how you go to the source of things—he showed them the importance of following your curiosity. Thoreau was full of demonstrations like that. For instance, he gave each student a small plot of land and taught them how to survey together, how to grow plants, and how to observe what was happening on their plots.

Yes, we’re busy. Yes, we know stuff. But we can’t just tell them what we know. We have to show them. We have to roll up our sleeves, take off our hats, and get to the bottom of stuff together."
2025-09-20,"September 20



“The art of living is more like wrestling than dancing, because an artful life requires being prepared to meet and withstand sudden and unexpected attacks.”

—
M
ARCUS
A
URELIUS,
M
EDITATIONS
, 
 7.61

D
 ancing is a popular metaphor for life. One must be limber and agile and go along with the music. One must feel and follow and flow with their partner. But anyone who has tried to do something difficult, where there is competition or an adversary, knows that the dancing metaphor is insufficient. Nobody ever gets up on stage and tries to tackle a dancer. The dancer never gets choked out by a rival.

For a wrestler, on the other hand, adversity and the unexpected are part and parcel of what they do. Their sport is a battle, just like life. They are fighting an opponent as well as their own limitations, emotions, and training.

Life, like wrestling, requires more than graceful movement. We have to undergo hard training and cultivate an indomitable will to prevail. Philosophy is the steel against which we sharpen that will and strengthen that resolve.","September 20

Provide Them with This Unusual Advantage

More than three decades after their famous first flight, a journalist asked Orville and Wilbur Wright how they did it. How did two brothers with “no money, no influence, and no other special advantages” do what specialists with all those advantages couldn’t do?

“It isn’t true,” Orville corrected, “to say we had no special advantages. We did have unusual advantages in childhood, without which I doubt we could have accomplished much.” What was their unusual advantage? “The greatest thing in our favor,” Orville explained, “was growing up in a family where there was always much encouragement to intellectual curiosity. If my father had not been the kind who encouraged his children to pursue intellectual interests without any thought of profit, our early curiosity about flying would have been nipped too early to bear fruit.”

We have to do this too. We have to cultivate their curiosities, whatever they may be. We have to encourage their interests, without any thought of whether or not they might be able to profit from them.

We don’t have to be special, or specialists, to give them this unusual advantage."
2025-09-21,"September 21



“When forced, as it seems, by circumstances into utter confusion, get a hold of yourself quickly. Don’t be locked out of the rhythm any longer than necessary. You’ll be able to keep the beat if you are constantly returning to it.”

—
M
ARCUS
A
URELIUS,
M
EDITATIONS
, 
 6.11

W
 e’re going to get caught off guard from time to time. Not just by “black swan” type events—a terrorist attack or a financial panic—but also by minor, unexpected occurrences. Your car battery dies, your friend cancels at the last minute, you suddenly don’t feel well. These situations have a way of throwing us into confusion and disarray. We’ve made an assumption about the world and built plans on top of that assumption. Now that the assumption has collapsed, so too might our organization or understanding.

That’s perfectly OK! It happens. A line of infantrymen will face withering attacks—what’s key is that they don’t allow chaos to reign. Musicians will experience technical difficulties and lose their place from time to time. In both cases, it just matters that they get back into position as quickly as possible.

The same is true for you today. The order and the peace might be interrupted by a new circumstance. OK. Get a hold of yourself and find your way back.","September 21

Raise Them to Be a “Why” Child

In F. Scott Fitzgerald’s short story “Head and Shoulders,” the young prodigy Horace explains:

I was a “why” child. I wanted to see the wheels go around. My father was a young economics professor at Princeton. He brought me up on the system of answering every question I asked him to the best of his ability.

A “ ‘why’ child”—what a delightful phrase! Isn’t that who we’re trying to raise? A child who knows how to figure things out. A child who isn’t content with taking things at face value, who isn’t satisfied with simple explanations.

Can this be annoying? Absolutely. It can even get them in trouble. But curious is better than complacent, and annoying is better than ignorant.

To be sure, there will be times when you’re too tired to answer their questions. There will be other moments when you feel their questions are inappropriate. But in those moments, you must pause and breathe and remember that you have to seed this habit. You have to make sure you water it too—and do your best never to stamp it out.

The more questions they ask, the better. Not just for you or for them but for the world they live in."
2025-09-22,"September 22



“Difficulties show a person’s character. So when a challenge confronts you, remember that God is matching you with a younger sparring partner, as would a physical trainer. Why? Becoming an Olympian takes sweat! I think no one has a better challenge than yours, if only you would use it like an athlete would that younger sparring partner.”

—
E
PICTETUS,
D
ISCOURSES
, 
 1.24.1–2

T
 he Stoics loved to use metaphors from the Olympics, especially wrestling. Like us, they saw sports as both a fun pastime as well as a training ground to practice for the challenges one will inevitably face in the course of living. As General Douglas MacArthur once said, in words later engraved at the gymnasium at West Point:

UPON THE FIELDS OF FRIENDLY STRIFE

ARE SOWN THE SEEDS

THAT, UPON OTHER FIELDS, ON OTHER DAYS

WILL BEAR THE FRUITS OF VICTORY.

Everyone has found themselves outmatched by an opponent, frustrated by some skill or attribute they have that we don’t—height, speed, vision, whatever. How we choose to respond to that struggle tells us about who we are as athletes and who we’ll be as people. Do we see it as a chance to learn and get stronger? Do we get frustrated and complain? Or worse, do we call it off and find an easier game to play, one that makes us feel good instead of challenged?

The greats don’t avoid these tests of their abilities. They seek them out because they are not just the measure of greatness, they are the pathway to it.","September 22

Show Them What They’ll Get Out of This

The way to teach a kid to love books—as the great lover of books Robert Greene has said—is by appealing to their self-interest. Show them what they will get out of books. Tangibly. Immediately. Better yet, find them a book that will have a big payoff for them.

President Joe Biden has talked about how reading earlier in his life about the orator Demosthenes and his speech impediment helped him overcome his own stutter—you think an experience like that, early on, doesn’t turn a person into a reader for life? Find them books that will entertain them. That will help them get their crush to like them. That will make them laugh. That will piss their teachers off. That will help them learn a new skill or solve a problem or feel less alone.

Focus on the ROI—because that’s what books are, investments. You put down a few dollars, commit several hours, and you get something back. To get your kids to read, you have to be a reader, of course, but you also have to show them what they will get out of books. Or else why would they bother?"
2025-09-23,"September 23



“Remember that your ruling reason becomes unconquerable when it rallies and relies on itself, so that it won’t do anything contrary to its own will, even if its position is irrational. How much more unconquerable if its judgments are careful and made rationally? Therefore, the mind freed from passions is an impenetrable fortress—a person has no more secure place of refuge for all time.

—
M
ARCUS
A
URELIUS,
M
EDITATIONS
, 
 8.48

B
 ruce Lee once made an interesting claim: “I fear not the man who has practiced ten thousand kicks once,” he said, “but I fear the man who has practiced one kick ten thousand times.” When we repeat an action so often it becomes unconscious behavior, we can default to it without thinking.

Training in the martial arts or combat is a deeply thoughtful study of movement. We sometimes think of soldiers as automatons, but what they’ve actually built is a steady pattern of unconscious behaviors. Any of us can build these.

When Marcus says that a mind can get to a place where “it won’t do anything contrary to its own will, even if its position is irrational,” what he means is that proper training can change your default habits. Train yourself to give up anger, and you won’t be angry at every fresh slight. Train yourself to avoid gossip, and you won’t get pulled into it. Train yourself on any habit, and you’ll be able to unconsciously go to that habit in trying times.

Think about which behaviors you’d like to be able to default to if you could. How many of them have you practiced only once? Let today be twice.","September 23

Never Make Fun of Them for This

Your kids will do all sorts of ridiculous things. They will trip and fall, and yes, you will sometimes laugh. You will tease them about this and that. They’ll make hilarious mistakes. They’ll look back on their own childish ridiculousness with amusement. Your family will have all sorts of inside jokes.

This is fine. This is wonderful. It’s what binds people together—the ability to bust each other’s balls, to share memories and experiences.

One biographer of Harry Truman noted that the former president “mispronounced a reasonable number of words, which in the beginning puzzled me. Then I realized that while he had often read them, he had seldom, if ever, spoken them aloud, not even in many cases heard them spoken aloud.”

It’s essential that your house and your relationship be a safe place for the mispronunciation of words. Do not make them feel self-conscious about reading, about tackling topics outside their comfort zone. This is how they grow. Tease them and have fun about many things. But mispronouncing a word? Respect it. Encourage it . . . and if you want to fix the problem, start by expanding your own vocabulary!"
2025-09-24,"September 24



“Being unexpected adds to the weight of a disaster, and being a surprise has never failed to increase a person’s pain. For that reason, nothing should ever be unexpected by us. Our minds should be sent out in advance to all things and we shouldn’t just consider the normal course of things, but what could actually happen. For is there anything in life that Fortune won’t knock off its high horse if it pleases her?”

—
S
ENECA,
M
ORAL
L
ETTERS
, 
 91.3
a
–4

I
 n the year 64, during the reign of Nero, a fire tore through the city of Rome. The French city of Lyons sent a large sum of money to aid the victims. The next year the citizens of Lyons were suddenly struck by a tragic fire of their own, prompting Nero to send an equal sum to its victims. As Seneca wrote about the event to a friend in one of his letters, he must have been struck by the poetry—one city helping another, only to be struck by similar disaster not long after.

How often does that happen to us? We comfort a friend during a breakup, only to be surprised when our own relationship ends. We must prepare in our minds for the possibility of extreme reversals of fate. The next time you make a donation to charity, don’t just think about the good turn you’re doing, but take a moment to consider that one day you may need to receive charity yourself.

As far as we know, Seneca truly lived
 these words. Just a year or so after writing this letter, he was falsely accused of plotting against Nero. The price? Seneca was sentenced to commit suicide. As the historian Tacitus relates the scene, Seneca’s closest friends wept and protested the verdict. “Where,” Seneca asked them repeatedly, “are your maxims of philosophy, or the preparations of so many years’ study against evils to come? Who knew not Nero’s cruelty?” That is: he knew it could happen to him too, and so he was prepared for it.","September 24

Are You Showing Them How to Be a Student?

Live as if you were to die tomorrow. Learn as if you were to live forever.

—Gandhi

If you think back to when you were a kid, what appeared to you to be the best part about being an adult? No more school. Our parents didn’t have to carry around heavy books or do homework. We never saw them applying to get into this school or that one. It’s sort of sad that, by and large, we show our kids that education stops. That while adulthood isn’t always fun, one perk is that you no longer have to go to class. That graduation is a final destination.

It doesn’t have to be this way. There’s the story of Epictetus teaching one day when a student’s arrival caused a commotion in the back of the room. Who was it? Hadrian, the emperor. Hadrian’s example clearly had an impact on his successor and adopted grandson, Marcus Aurelius. Late in his reign, a friend spotted Marcus heading out, carrying a stack of books. “Where are you going?” he asked. Marcus was on his way to a lecture on Stoicism, he said, for “learning is a good thing, even for one who is growing old. I am now on my way to Sextus the philosopher to learn what I do not yet know.”

If you want your kids to value learning, if you want them to never stop furthering the education you’ve been investing so much time and money and care and worry into, then we have to show them what an adult committed to lifelong learning actually looks like. We have to show them we have not graduated, we are not on summer break, we have not arrived at the final destination of education.

Wisdom, they must learn, is an endless pursuit."
2025-09-25,"September 25



“Show me someone who isn’t a slave! One is a slave to lust, another to greed, another to power, and all are slaves to fear. I could name a former Consul who is a slave to a little old woman, a millionaire who is the slave of the cleaning woman. . . . No servitude is more abject than the self-imposed.”

—
S
ENECA,
M
ORAL
L
ETTERS
, 
 47.17

W
 e’re all
 addicts in one way or another. We’re addicted to our routines, to our coffee, to our comfort, to someone else’s approval. These dependencies mean we’re not in control of our own lives—the dependency is.

“Anyone who truly wants to be free,” Epictetus said, “won’t desire something that is actually in someone else’s control, unless they want to be a slave.” The subjects of our affection can be removed from us at a moment’s notice. Our routines can be disrupted, the doctor can forbid us from drinking coffee, we can be thrust into uncomfortable situations.

This is why we must strengthen ourselves by testing these dependencies before they become too great. Can you try going without this or that for a day? Can you put yourself on a diet for a month? Can you resist the urge to pick up the phone to make that call? Have you ever taken a cold shower? It’s not so bad after the first couple of times. Have you ever driven a friend’s car while the nicer one you own was in the shop? Was it really that bad? Make yourself invulnerable to your dependency on comfort and convenience, or one day your vulnerability might bring you to your knees.","September 25

Make Sure They Spend Time around Old People

In his book The Vanishing American Adult, former senator Ben Sasse pondered what might strike a person from the distant past as odd about our modern society. Aside from the technology, he said, they’d notice the extreme age segregation. Invariably today, we spend time almost exclusively with people our own age.

Our kids go to school with other kids. We work with other adults. Our own parents and grandparents are shunted off to retirement communities and old folks’ homes and cruise ships. The average age in the U.S. Senate, where Sasse worked, is around sixty-one. There are only ten senators, as of this writing, who are younger than him. The closest they get to young people is summer interns, pages, and junior legislative aides.

When was the last time you stayed under the same roof as someone twice your age? How many conversations do you have with people who grew up without the things you completely take for granted?

In Lori McKenna’s song “Humble and Kind,” she talks about visiting “grandpa every chance that you can.” But it actually requires more than that, more than just seeing your own family. You have to make sure your kids aren’t stuck in a bubble, living their lives away from anyone but other children.

Instead, you have to expose them to wisdom. Expose them to people who remember the good and the bad things that humans did in the recent and not-so-recent past. Expose them to people who have learned painful lessons. Expose them to people who have accomplished incredible things.

Otherwise all that wisdom might be lost, and so might your children."
2025-09-26,"September 26



“Leisure without study is death—a tomb for the living person.”

—
S
ENECA,
M
ORAL
L
ETTERS
, 
 82.4

Y
 ou deserve a vacation. You work hard. You sacrifice. You push yourself. It’s time for a break. Hop a plane, check into your hotel, and head to the beach—but tuck a book under your arm (and not a trashy beach read). Make sure you enjoy your relaxation like a poet—not idly but actively
 , observing the world around you, taking it all in, better understanding your place in the universe. Take a day off from work every now and then, but not a day off from learning.

Maybe your goal is to make enough money so that you can retire early. Good for you! But the purpose of retirement is not to live a life of indolence or to run out the clock, as easy as that might be to do. Rather, it’s to allow for the pursuit of your real calling now that a big distraction is out of the way. To sit around all day and do nothing? To watch endless amounts of television or simply travel from place to place so that you might cross locations off a checklist? That is not life. It’s not freedom either.","September 26

It’s About Learning, Not Memorization

To know by heart is not to know.

—Michel de Montaigne

It’s time for us to review your multiplication tables, you tell them. Let’s look over your vocab flash cards. Or maybe you’re one of those parents who make their kids recite poems or plays, who sign them up for speech competitions. Maybe you’re drilling them for a spelling bee right now.

It’s all making them smarter, you tell yourself. But is it? Or is it just teaching them how to act smart?

We’re not trying to raise robots. We want kids who can think, who can figure stuff out. Who cares what they can recite? We want them to know what something means as much as we want them to know what it is. We want them to love learning, not trivia! So make sure your priorities are aligned. Make sure the activities you design actually get you closer to that goal. Make sure you’re focused on the right stuff.

Teach them to know. That’s what counts."
2025-09-27,"September 27



“For even peace itself will supply more reason for worry. Not even safe circumstances will bring you confidence once your mind has been shocked—once it gets in the habit of blind panic, it can’t provide for its own safety. For it doesn’t really avoid danger, it just runs away. Yet we are exposed to greater danger with our backs turned.”

—
S
ENECA,
M
ORAL
L
ETTERS
, 
 104.10
b

T
 here’s an old proverb that money doesn’t change people, it just makes them more of who they are. Robert Caro has written that “power doesn’t corrupt, it reveals
 .” In some ways, prosperity—financial and personal—is the same way.

If your mind has developed a certain cast—the habit of panicking, in Seneca’s example—then it won’t matter how good things get for you. You’re still primed for panic. Your mind will still find things to worry about, and you’ll still be miserable. Perhaps more so even, because now you have more to lose.

This is why it’s foolish to hope for good fortune. If you were to hope for one thing, you could hope for the strength of character that’s able to thrive in good fortune. Or better, work
 for that kind of character and confidence. Consider every action and every thought—think of them as building blocks of your indestructible character. Then work to make each one strong and significant in its own right.","September 27

What Game Are You Teaching Them?

There are two types of games in this life: finite and infinite. Finite games are things you do once and then they’re over. An infinite game is more like life itself—it goes on and on and everything is interrelated and independent. The former is zero-sum, the latter is non-zero-sum.

Tobias Lütke, the founder of Shopify, tries to live life as an infinite game. He also tries to make sure he doesn’t send mixed messages to his kids. We talk to our children about education as an infinite game, he has said. We say it’s about the love of learning, it’s a lifelong pursuit, it’s about developing into the best person you can be . . . but then we send them off with strong expectations of winning the finite game of first grade.

This sounds familiar, right? We’ve caught ourselves comparing our kids’ grades with other kids’. We’ve talked to other parents about what grade level they’re reading or doing math at and what percentile they’re in statewide. We’ve obsessed over GPA and standardized test scores as if they were keys to the kingdom . . . of what exactly? Then we grill our college kids about whether they found their major yet, about whether the major they picked is going to snag them a high-paying job or not.

You want kids who are in this for life. You want kids who don’t think in zero-sum terms. Teach them to play the infinite game. Teach them by playing it yourself."
2025-09-28,"September 28



“How appropriate that the gods put under our control only the most powerful ability that governs all the rest—the ability to make the right use of external appearances—and that they didn’t put anything else under our control. Was this simply because they weren’t willing to give us more? I think if it had been possible they would have given us more, but it was impossible.

—
E
PICTETUS,
D
ISCOURSES
, 
 1.1.7–8

W
 e could look at the upcoming day and despair at all the things we don’t control: other people, our health, the temperature, the outcome of a project once it leaves our hands.

Or we could look out at that very same day and rejoice at the one thing we do control: the ability to decide what any event means.

This second option offers the ultimate power—a true and fair form of control. If you had control over other people, wouldn’t other people have control over you? Instead, what you’ve been granted is the fairest and most usable of trump cards. While you don’t control external events, you retain the ability to decide how you respond
 to those events. You control what every external event means to you personally.

This includes the difficult one in front of you right now. You’ll find, if you approach it right, that this trump card is plenty.","September 28

They Must Be Surrounded by This

No man has a right to bring up his children without surrounding them with books.

—Horace Mann

Do you know Lewin’s equation? You’re experiencing its implications as you read this:

B = f (P,E)

Behavior (B) is a function of a person (P) and their environment (E). Our habits, our actions, our lives, are determined by our surroundings.

What does this mean for us as parents? Well, we’re largely the architects of our kids’ environment. We all have different means and ends, but within those means we control what we surround our children with. The influences. The colors. The moods. The people. The interactions. And of course, the most important thing there is to a child’s intellectual development: the books.

If you want them to be readers, you have to design the environment of a reader, as an architect does. You have to surround them with books. Good ones. Silly ones. Short ones. Long ones. Used ones. New ones. You have to display them prominently in your house. You have to take your kids to libraries and independent bookstores. Otherwise, how else could they possibly become readers?"
2025-09-29,"September 29



“Nothing can satisfy greed, but even a small measure satisfies nature. So it is that the poverty of an exile brings no misfortune, for no place of exile is so barren as not to produce ample support for a person.”

—
S
ENECA,
O
N
C
ONSOLATION TO
H
ELVIA
, 
 10.11
b

I
 t can be beneficial to reflect on what you used to accept as normal. Consider your first paycheck—how big
 it seemed then. Or your first apartment, with its own bedroom and bathroom and the ramen you gladly scarfed down in the kitchen. Today, as you’ve become more successful, these conditions would hardly feel sufficient. In fact, you probably want even more than what you have right now. Yet just a few years ago those paltry conditions were not only enough, they felt great!

When we become successful, we forget how strong we used to be. We are so used to what we have, we half believe we’d die without it. Of course, this is just the comfort talking. In the days of the world wars, our parents and grandparents made do with rationed gas, butter, and electricity. They were fine, just as you have been fine when you had less.

Remember today that you’d be OK if things suddenly went wrong. Your actual needs are small. There is very little that could happen that would truly threaten your survival. Think about that—and adjust your worries and fears accordingly.","September 29

Don’t Baby Them When It Comes to Books

Modern books for children are rather horrible things, especially when you see them in the mass.

—George Orwell

Not long ago, kids were taught Latin and Greek so they could read the classics . . . in their original languages. Think of Aesop’s Fables. Think of children being read Plutarch’s Lives by their parents. This is heavy stuff. And purposefully so. When you read old schoolbooks, what you’re really doing is acquainting yourself with the obscure yet illustrative figures from the ancient world, while also displaying a willingness to wrestle with timeless and morally complex topics.

These days, the children and young adult sections of bookstores overflow with infantilizing escapism, fantastical melodrama, and just plain absurd nonsense. The curmudgeons among us want to blame millennials and Gen Z for this. Their laziness and faltering tastes are why we’re awash in this stuff.

But do you really believe our kids are dumber than the kids of Orwell’s time? Or back before that? Of course not! They’re kids. We’re the problem. Parents. Adults. Educators. Publishers. As a collective, we’ve stopped believing our kids are capable of reading challenging books. So we provide them with “kids’ editions” and silly picture books instead of helping them build their reading muscles. Then we wonder why they can’t handle heavy stuff.

Well, stop it. Push them. Push yourself. They aren’t babies. Or at least they shouldn’t be after they’ve learned to read for themselves."
2025-09-30,"September 30



“If you lay violent hands on me, you’ll have my body, but my mind will remain with Stilpo.”

—
Z
ENO, QUOTED IN
D
IOGENES
L
AERTIUS,
L
IVES OF THE
E
MINENT
P
HILOSOPHERS
, 
 7.1.24

Z
 eno is not claiming magic powers but simply that while his body can be victimized, philosophy protects his mind—cultivated under his teacher, Stilpo—with an inner fortress whose gates can never be broken from the outside, only surrendered.

Look at Rubin “Hurricane” Carter, the boxer wrongly convicted of homicide who spent nearly twenty years in prison. He would say, “I don’t acknowledge the existence of the prison. It doesn’t exist for me.” Of course, the prison literally existed, and he was physically inside it. But he refused to let his mind be contained by it.

That’s a power that you have too. Hopefully you’ll never have to use this power in a situation of violence or grave injustice; however, in the midst of any and every kind of adversity, it is there. No matter what’s happening to your body, no matter what the outside world inflicts on you, your mind can remain philosophical. It’s still yours. It’s untouchable—and in a way, then, so are you.

","September 30

Do They Have a Project?

Mastery doesn’t come from rote recitation. It comes from falling in love with something. It comes from hard work, sure, but only when the hard work is aligned with a passionate love of a subject or a craft or a field. Forget credentialing; give them something to sink their teeth into!

As Paul Graham wrote:

If I had to choose between my kids getting good grades and working on ambitious projects of their own, I’d pick the projects. And not because I’m an indulgent parent, but because I’ve been on the other end and I know which has more predictive value. When I was picking startups for Y Combinator, I didn’t care about applicants’ grades. But if they’d worked on projects of their own, I wanted to hear all about those.

If you want a kid who has real skills and real passion in this world, you’d be well served to do the same."
2025-10-01,"October 1



“Does the light of a lamp shine and keep its glow until its fuel is spent? Why shouldn’t your truth, justice, and self-control shine until you are extinguished?”

—
M
ARCUS
A
URELIUS,
M
EDITATIONS
, 
 12.15

S
 eneca, repeating Heraclitus, writes that “we mortals are lighted and extinguished.” The light of reason suffuses the universe. Whether the wick of your lamp is being lit for the first time, after a long period of darkness, or even right before the proverbial big sleep, it makes no difference.

Here is where you are right now, and it’s as good a place as any to let virtue shine and continue to shine for as long as you exist.","October 1

A Child’s Life Should Be Good, Not Easy

The Stoic philosopher Seneca got front-row seats to one of the worst parenting jobs in history. In 49 AD, he was recalled from exile to tutor a twelve-year-old named Nero. The ancient historian Cassius Dio tells us that the boy’s mother, the empress Agrippina, had the entire empire under her thumb and used her power to make sure her boy never had to struggle for anything. She was what we today call a snowplow parent. And in clearing the path of every conceivable impediment and obstacle, Agrippina created a monster, one of the worst human beings in history.

It’s little mystery why we see Seneca write over and over again about the importance of struggling with and overcoming adversity. The job of “the good parent,” he says, is to “out of love for the child, [act] as a trainer, endlessly manufacturing trials for the child.” The job of the good parent is to make their child’s life good, not easy.

There is a great Latin expression, “Luctor et emergo.” It means “I struggle and emerge” or “I wrestle with and overcome.” The gods, Seneca writes, “want us to be as good, as virtuous as possible, so assign to us a fortune that will make us struggle.” Without struggle, he says, “no one will know what you were capable of, not even yourself.”

It is hard not to be a snowplow or helicopter parent. We love our kids so much; we want nothing but the best for them. We can’t bear the thought, let alone the sight, of their struggling. But we have to let them scramble through the brambles and the pitfalls of growing up. We have to remind ourselves day after day: a child’s life should be good, not easy."
2025-10-02,"October 2



“But the wise person can lose nothing. Such a person has everything stored up for themselves, leaving nothing to Fortune, their own goods are held firm, bound in virtue, which requires nothing from chance, and therefore can’t be either increased or diminished.”

—
S
ENECA,
O
N THE
F
IRMNESS OF THE
W
ISE
, 
 5.4

S
 ome people put their money in assets—stocks, bonds, property. Others invest in relationships or accomplishments, knowing that they can draw on these things just as easily as others can draw funds from a bank account. But a third type, Seneca says, invests in themselves—in being a good and wise person.

Which of these assets is most immune to market fluctuations and disasters? Which is most resilient in the face of trials and tribulations? Which will never abandon you? Seneca’s own life is an interesting example. He became quite wealthy as a friend of the emperor, but as Nero became more and more deranged, Seneca realized he needed to get out. He offered Nero a deal: he would give Nero all his money and return all of Nero’s gifts in exchange for complete and total freedom.

Ultimately, Nero rejected this offer, but Seneca left anyway, retiring in relative peace. But one day, the executioners came with their mortal decree. In that moment, what did Seneca rely on? It wasn’t his money. It wasn’t his friends, who, although they meant well, were a considerable source of grief and mourning. It was his virtue and inner strength.

It was Seneca’s most trying moment—his last and his finest.","October 2

You Can’t Prevent Them from Making Mistakes

In the novel Siddhartha, the title character tries desperately to convince his son of the importance of the simple way of life, having learned the wisdom of it through painful experience. Like you, like all parents, he watches as his son ignores his warnings, despairing as he goes the wrong direction. Confiding his frustration to his friend, Vasudeva, Siddhartha is hit with this question:

“Do you really believe you have committed your follies so that your son may be spared them?”

It would be wonderful if our kids didn’t have to learn through trial and error, if they could simply accept our advice and start where we left off, rather than touch the proverbial hot stove for themselves. But we should be wise enough as human beings by now to know that is simply not how life works. Much of what we learn has to be learned on our own. Some mistakes have to be made to be fully understood. Don’t your own experiences teach you that, anyway? How many of your parents’ warnings did you really heed?

You can’t prevent your kids from making mistakes. You have to give them the space to learn on their own. But you can take solace in the knowledge that you’ve instilled the character, the awareness, and the willingness to ask for help that they will need in order to bounce back from the mistakes they will inevitably make."
2025-10-03,"October 3



“Meditate often on the interconnectedness and mutual interdependence of all things in the universe. For in a sense, all things are mutually woven together and therefore have an affinity for each other—for one thing follows after another according to their tension of movement, their sympathetic stirrings, and the unity of all substance.”

—
M
ARCUS
A
URELIUS,
M
EDITATIONS
, 
 6.38

A
 nne Lamott once observed that all writers “are little rivers running into one lake,” all contributing to the same big project. The same is true in many industries—though sadly, even inside the same company, people selfishly forget they’re working together. As human beings we all breathe the atoms that made up our ancestors and flow into the same earth when we die.

Over and over again, the Stoics reminded themselves of the interconnectedness of life. Perhaps that was because life in Greece and Rome was particularly harsh. Animals and people were slaughtered senselessly to amuse the masses in the Colosseum (events lamented in the Stoic writings). Countries were conquered and its citizens sold into slavery to expand the empire (the futility of which the Stoics also lamented). This kind of cruelty is possible only when we forget how we’re related to our fellow human beings and the environment.

Today, take a moment to remember that we are woven together and that each of us plays a role (good, bad, or ugly) in this world.","October 3

This Is the Main Lesson

The chief task in life is simply this: to identify and separate matters so that I can say clearly to myself which are externals not under my control, and which have to do with the choices I actually control. Where then do I look for good and evil? Not to uncontrollable externals, but within myself to the choices that are my own.

—Epictetus

There is a lesson underneath nearly everything we want to teach our kids. It is a heady one . . . and yet also a very simple one. The lesson you have to teach happens to be the core of Stoic philosophy, and also the key to success in life: We don’t control what happens in life. We control how we respond.

Your daughter thinks a teacher is unfair and doesn’t like them? Okay, that very well might be true. So what is she going to do about it? The coach says your son is too short to play basketball? Same thing. Screwed up and failed a math test? There’s a bully on the playground? Only got into their safety school? Same. Same. Same.

Teach your kids not to wallow in these misfortunes but to focus on what is next. Guide them to put their energy toward their response. Because that’s what’s up to them. That is the superpower they have. If you teach them that, they have it."
2025-10-04,"October 4



“That which isn’t good for the hive, isn’t good for the bee.”

—
M
ARCUS
A
URELIUS,
M
EDITATIONS
, 
 6.54

I
 nherent in the Stoic concept of sympatheia
 is the notion of an interconnected cosmos in which everything in the universe is part of a larger whole. Marcus Aurelius was one of the first writers to articulate the notion of cosmopolitanism—saying that he was a citizen of the world, not just of Rome.

The idea that you’re a bee in the hive is a reminder of this perspective. Marcus even states the reverse of that idea later in his Meditations
 , just so he doesn’t forget: “That which doesn’t harm the community can’t harm the individual.”

Just because something is bad for you doesn’t mean it’s bad for everyone. Just because something is good for you definitely doesn’t mean it’s good for everyone. Think of the hedge fund managers who bet massively against the economy—they profited by rooting for essentially everyone and everything else to fail. Is that who you want to be? A good Stoic understands that proper impulses, and the right actions that arise from them, naturally carry the good of the whole, which is the wise person’s only good. Conversely, good and wise actions by the whole are what’s good for the individual.","October 4

Make Them Do Their Own Stuff

Sit and pray your nose doesn’t run! Or, rather just wipe your nose and stop seeking a scapegoat.

—Epictetus

There is a great story about a young Spartan woman, Gorgo, who would one day become queen. Despite her royal status, like all Spartans she was raised to be self-sufficient, with no frills or needless luxury.

So imagine Gorgo’s surprise when she witnessed a distinguished visitor to Sparta have his shoes put on by a servant. “Look, Father,” she said innocently to her father, King Leonidas, “the stranger has no hands!”

Sadly, for some of us, it could just as easily be deduced that our kids have no hands. And no brains. We put on their clothes for them. We make their decisions. We clear the road in front like a snowplow. We hover like a helicopter, just in case something goes wrong. We do everything for them.

Then we wonder why they are helpless. We wonder why they have trouble with anxiety or low self-esteem. Confidence is something you earn. It comes from self-sufficiency. It comes from experience. When we coddle and baby them—when we take away their hands—we deprive them of these critical assets.

It’s not right. It’s not fair."
2025-10-05,"October 5



“Better to trip with the feet than with the tongue.”

—
Z
ENO, QUOTED IN
D
IOGENES
L
AERTIUS,
L
IVES OF THE
E
MINENT
P
HILOSOPHERS
, 
 7.1.26

Y
 ou can always get up after you fall, but remember, what has been said can never be unsaid. Especially cruel and hurtful things.","October 5

Don’t Be Like This

In early 2021, the musician John Roderick was rightfully criticized by parents all over the world for missing the point on how to teach kids.

His daughter was hungry. He was busy. She wanted to cook some beans. He wanted her to figure out how to do it on her own. As he worked on a jigsaw puzzle, she struggled to open the can of baked beans with a can opener. She struggled and struggled and struggled. “Will you please just open the can?” she said. He wouldn’t—wanting this to be a lesson. She kept trying, he kept making suggestions (and tweeting about it). This went on and on and on and on for six hours, until she finally opened the can.

Roderick was dubbed “Bean Dad” for his efforts. There’s a difference between being a supportive parent and being a bean dad. There’s a difference between letting your kid wrestle with difficulty so they can be better for it and letting them fumble with a can so you can tweet a story.

No, our job isn’t to open every can for them. Nor is it to let them struggle in the dark for six hours. Step in, show them how to be self-sufficient. Show them how the damn can opener works! Start the can for them the first time and let them take it from there.

Be a guide; don’t be a bean dad."
2025-10-06,"October 6



“It’s in keeping with Nature to show our friends affection and to celebrate their advancement, as if it were our very own. For if we don’t do this, virtue, which is strengthened only by exercising our perceptions, will no longer endure in us.”

—
S
ENECA,
M
ORAL
L
ETTERS
, 
 109.15

W
 atching other people succeed is one of the toughest things to do—especially if we are not doing well ourselves. In our hunter-gatherer minds, we suspect that life is a zero-sum game—that for someone to have more means that we might end up with less.

But like all parts of philosophy, empathy and selflessness are a matter of practice. As Seneca observed, it’s possible to learn to “rejoice in all their successes and be moved by their every failure.” This is what a virtuous person does.

They teach themselves to actively cheer for other people—even in cases where that might come at their own expense—and to put aside jealousy and possessiveness. You can do that too.","October 6

Help Them Forge This

Just as in fair weather, then, one ought to prepare for the storm, so also in youth one should store up discipline and self-restraint as a provision for old age.

—Plutarch

Theodore Roosevelt spent almost every day during the first twelve years of his life struggling with horrible asthma. The attacks were an almost nightly near-death experience. He was bedridden for weeks at a time. Born into great wealth and status, he could have remained weak and would have been taken care of throughout his life. Then one day his father came into his room and delivered a message that would change the young boy’s life: “Theodore, you have the mind but you have not the body, and without the help of the body the mind cannot go as far as it should.” Roosevelt’s younger sister, who witnessed the conversation, recalled how the young, fragile boy looked at his father and said with determination: “I’ll make my body.”

It was the beginning of his preparation for and fulfillment of what he would call “the Strenuous Life.” He worked out every day thereafter. By his early twenties, his battle against asthma was over. Roosevelt had worked that weakness out of his body.

Not everyone accepts the cards they are dealt. They remake their bodies and their lives with activities and exercise. They prepare themselves for the hard road. Do they hope they never have to walk it? Sure. But they are prepared for it in any case.

Are your kids? Nobody is born with a steel backbone. It has to be forged. Your job is to help your kids forge theirs."
2025-10-07,"October 7



“The person who does wrong, does wrong to themselves. The unjust person is unjust to themselves—making themselves evil.”

—
M
ARCUS
A
URELIUS,
M
EDITATIONS
, 
 9.4

T
 he next time you do something wrong, try to remember how it made you feel. Rarely does one say, “I felt great!”

There is a reason there’s often vomit at crime scenes. Instead of the catharsis the person thought they’d feel when they let themselves get out of control or when they got their revenge, they ended up making themselves sick. We feel a version of this when we lie, when we cheat, when we screw someone over.

So in that split second before your ill-gotten gains kick in, ask: How do I feel about myself?
 Is that moment when fear rises in your throat because you suspect you may get caught really worth it?

Self-awareness and wrongdoing rarely go together. If you need a selfish reason to not do wrong—put yourself in touch with these feelings. They’re a powerful disincentive.","October 7

Teach Them to Handle Things

Robert Lovett, the U.S. secretary of defense under President Truman, once said, “You may think this is a small thing, but you’d be amazed at the number of people [I] met in Washington during the war who had never learned to handle anything by themselves.”

If you want your kid to stand out, if you want your kid to succeed, teach them how to handle themselves, how to solve problems. That’s what will make them one in a million. There are plenty of Ivy League kids who struggle to make good decisions, to take care of business, to think and speak clearly. There are geniuses out there who, quite frankly, will say and do things that make you wonder how they manage to cross the street without getting hit by a car.

This isn’t to say you should lower your sights. It’s to remind you to make sure you’re aiming at the right thing. Degrees, fancy credentials, all the right experiences? What does it matter if they aren’t self-sufficient, if they can’t get things done?"
2025-10-08,"October 8



“Yes, getting your wish would have been so nice. But isn’t that exactly why pleasure trips us up? Instead, see if these things might be even nicer—a great soul, freedom, honesty, kindness, saintliness. For there is nothing so pleasing as wisdom itself, when you consider how sure-footed and effortless the works of understanding and knowledge are.”

—
M
ARCUS
A
URELIUS,
M
EDITATIONS
, 
 5.9

N
 obody can argue that pleasure doesn’t feel
 good. That’s pretty much what it does by definition.

But today Marcus Aurelius is reminding you—just as he reminded himself—that those pleasures hardly stand up to virtue. The dopamine rush that comes from sex is momentary. So is the pride of an accomplishment or the hearty applause of a crowd. These pleasures are powerful, but they wear off and leave us wanting more. What lasts longer (and remains more within our circle of control)? Wisdom, good character, sobriety, and kindness.","October 8

You Have to Let Them Struggle

No parent wants to see their kids suffer. It’s almost more painful for you than it is for them to trip over their words, to scratch their heads over their homework, or to bumble their way through the early years of their career. But if they never struggle, they can’t grow, they can’t learn, they can’t get better.

Thomas Edison, a genius and a business success if there ever was one, had trouble with exactly this issue. He was so brilliant, so headstrong, so clear about what he wanted, that he could not quite give his sons room to develop and learn. He couldn’t quite figure out the line between boss and father.

His wife wrote him a great letter once that stands as advice to all parents:

You’ve made a success of your life, built up tremendous industries successfully so you have nothing more to prove to the world that you are capable—All know it—Can’t you be happy in just letting the boys struggle along, with you to guide them. . . . Forget a little bit that you are Charlie’s manager and be a father—a big father!

Of course, it’s wonderful that you care, that you’d die for them if necessary. But you have to forget a little bit—as Edison had to—just how much you feel for them, so that they can learn. And in this way, you’ll save them so much more suffering in the future."
2025-10-09,"October 9



“When the standards have been set, things are tested and weighed. And the work of philosophy is just this, to examine and uphold the standards, but the work of a truly good person is in using those standards when they know them.”

—
E
PICTETUS,
D
ISCOURSES
, 
 2.11.23–25

W
 e go through our days responding and reacting, but it’s rare to really pause and ask: Is this thing I’m about to do consistent with what I believe?
 Or, better: Is this the kind of thing the person I would like to be should do?

The work of living is to set standards and then not
 compromise them. When you’re brushing your teeth, choosing your friends, losing your temper, falling in love, instructing your child, or walking your dog—all of these are opportunities.

Not, I want to do good
 —that’s an excuse. But, I will do good in this particular instance, right now.
 Set a standard; hold fast to it. That’s all there is.","October 9

You Have to Come Up with Challenges

A good half of the art of living is resilience.

—Alain de Botton

Of course, you want tough kids. Kids who are active and resilient, who are healthy and competent. You want them to be able to overcome obstacles and to defend themselves, and with all that to always be prepared for the ups and downs of life.

But you can’t just want tough kids. You have to make tough kids.

Theodore Roosevelt was famous for taking his kids on long walks and leading them over boulders and through thick woods. He wanted to get them used to exerting themselves and solving problems. Cato the Elder, the great-grandfather of the towering Stoic Cato the Younger, a man who rose through the ranks to become one of ancient Rome’s most politically influential citizens, did the same thing. He trained his son Marcus “in athletics, taught him how to throw the javelin, fight in armour, ride a horse, use his fists in boxing, endure the extremes of heat and cold, and swim across the roughest and most swiftly flowing stretches of the Tiber.”

You make kids tough by challenging them and teaching them the rewards of those challenges. You make them tough by toughing things out, together."
2025-10-10,"October 10



“Leave the past behind, let the grand design take care of the future, and instead only rightly guide the present to reverence and justice. Reverence so that you’ll love what you’ve been allotted, for nature brought you both to each other. Justice so that you’ll speak the truth freely and without evasion, and so that you’ll act only as the law and value of things require.”

—
M
ARCUS
A
URELIUS,
M
EDITATIONS
, 
 12.1

A
 ulus Gellius relates that Epictetus once said, “If anyone would take two words to heart and take pains to govern and watch over themselves by them, they will live an impeccable and immensely tranquil life. The two words are: persist and resist.” That’s great advice. But what principles should determine what we persist in and what we ought to resist?

Marcus supplies that answer: reverence and justice. In other words, virtue.","October 10

Yet Don’t Be Too Tough

Many a tough parent has had to come to terms with the fact that each child is different and needs different things. Cato the Elder had to do just that with the challenges he designed for his son Marcus. As Plutarch writes, he had to account for the fact that Marcus was his own person:

Since his body was not strong enough to endure the extreme hardship, Cato was obliged to relax, a little, the extraordinary austerity and self-discipline of his own way of life.

As it should be! We raise tough kids by teaching them—lovingly, patiently, understandingly—how to grow past their limits. Still, we acknowledge and respect those limits. We create challenges for them, but we are not the challenge. No, we are their ally. We are on their team. We love them. We’re working with and for them, not against them."
2025-10-11,"October 11



“How rotten and fraudulent when people say they intend to ‘give it to you straight.’ What are you up to, dear friend? It shouldn’t need your announcement, but be readily seen, as if written on your forehead, heard in the ring of your voice, a flash in your eyes—just as the beloved sees it all in the lover’s glance. In short, the straightforward and good person should be like a smelly goat—you know when they are in the room with you.”

—
M
ARCUS
A
URELIUS,
M
EDITATIONS
, 
 11.15

A
 ll of us have used phrases like that before. “I’m going to be straightforward with you here . . .” “I’ll be honest . . .” “No disrespect but . . .” Empty expressions or not, they prompt the question: If you have to preface your remarks with indicators of honesty or directness, what does that say about everything else you say? If you say you’re being honest now
 , does that mean you usually aren’t?

What if, instead, you cultivated a life and a reputation in which honesty was as bankable as a note from the U.S. Treasury, as emphatic and explicit as a contract, as permanent as a tattoo? Not only would it save you from needing to use the reassurances that other, less scrupulous people must engage in, it will make you a better person.","October 11

Be Like This

Do you remember the viral video of a little four-year-old Iranian boy named Arat Hosseini trying to do box jumps? Arat tries and fails nine times. Then, his dad, Mohamed, enters the frame and gives his son a pep talk. On the very next attempt, Arat lands the jump. On top of the box, he double fist pumps before jumping into his father’s arms.

This is what “Luctor et emergo”—“I struggle and emerge”—is all about. It is not about pointless struggle. It’s about being by their side, encouraging them, picking them up when they fall, telling them what they need to hear when they need to hear it. It’s being like Mohamed the box-jump dad, not John Roderick the bean dad."
2025-10-12,"October 12



“Hecato says, ‘I can teach you a love potion made without any drugs, herbs, or special spell—if you would be loved, love.’”

—
S
ENECA,
M
ORAL
L
ETTERS
, 
 9.6

I
 n 1992, Barbara Jordan addressed the Democratic National Convention and railed against the greed and selfishness and divisiveness of the previous decade. People were ready for a change. “Change it to what?” she asked. “Change that environment of the 80s to an environment which is characterized by a devotion to the public interest, public service, tolerance, and love. Love. Love. Love.”

Love. Love. Love. Love. Why? Because, as the Beatles put it, “In the end, the love you take is equal to the love you make.” Not just in politics, not just in tolerance, but in our personal lives. There is almost no situation in which hatred helps. Yet almost every situation is made better by love—or empathy, understanding, appreciation—even situations in which you are in opposition to someone.

And who knows, you might just get some of that love back.","October 12

Teach Them That They Decide the End of Every Story

When Vice Admiral James Stockdale was shot down over Vietnam, he was taken prisoner by the North Vietnamese. He spent nearly eight years being tortured and subjected to unimaginable loneliness and terror. He had little choice in the fact that he was shot down or that he was taken prisoner. When asked how he made it out alive, he said:

I never lost faith in the end of the story, I never doubted not only that I would get out, but also that I would prevail in the end and turn the experience into the defining event of my life, which, in retrospect, I would not trade.

What Stockdale told himself—and what helped him endure this terrible ordeal and others—was that he possessed an incredible power. He could decide how he was going to use this experience in the rest of his life, however short or long it would be.

Teach them that. Teach them to see hardship as fuel. Teach them to see an opportunity where others see an obstacle. Teach them that despite everything outside their control, they retain an incredible power: the power to choose what they do with what happens to them. They get to decide what role an event will play in their life. They have the power to write the end of their own story."
2025-10-13,"October 13



“The best way to avenge yourself is to not be like that.”

—
M
ARCUS
A
URELIUS,
M
EDITATIONS
, 
 6.6

“How much better to heal than seek revenge from injury. Vengeance wastes a lot of time and exposes you to many more injuries than the first that sparked it. Anger always outlasts hurt. Best to take the opposite course. Would anyone think it normal to return a kick to a mule or a bite to a dog?”

—
S
ENECA,
O
N
A
NGER
, 
 3.27.2

L
 et’s say that someone has treated you rudely. Let’s say someone got promoted ahead of you because they took credit for your work or did something dishonest. It’s natural to think: Oh, that’s how the world works,
 or One day it will be my turn to be like that.
 Or most common: I’ll get them for this.
 Except these are the worst possible responses to bad behavior.

As Marcus and Seneca both wrote, the proper response—indeed the best revenge—is to exact no revenge at all. If someone treats you rudely and you respond with rudeness, you have not done anything but prove to them that they were justified in their actions. If you meet other people’s dishonesty with dishonesty of your own, guess what? You’re proving them right—now everyone is
 a liar.

Instead, today, let’s seek to be better than the things that disappoint or hurt us. Let’s try to be the example we’d like others to follow. It’s awful to be a cheat, to be selfish, to feel the need to inflict pain on our fellow human beings. Meanwhile, living morally and well is quite nice.","October 13

Make Them Prove It

In his wonderful book Outdoor Kids in an Inside World, Steven Rinella tells a story about taking his kids camping in Montana. One of his kids confidently claimed to have spotted a scorpion. When Steve didn’t believe him, the child got increasingly upset, convinced that he had, in fact, seen one. “I told him the only way he would change my mind,” Steven writes, “is by bringing me a scorpion, which seemed like a perfectly safe and reasonable thing to say since we all know there are no scorpions in Montana.”

Every parent who has challenged their kids on those impossible kinds of claims knows what happened next. Within minutes, the kids were back with two scorpions on a rock. “A quick Google search revealed that we were beholding two specimens of Montana’s only scorpion species, the northern scorpion, which is mostly found around rimrock areas in the Yellowstone Basin. It was news to me.”

We all learn the hard way to be credulous of what our kids claim. Even if they are wrong a lot, the one time they’re not, it will cost you. But that doesn’t mean they should have it easy. Make them do the work. Make them prove it. Make them track the scorpion down. Make them find some evidence, give a detailed description, build the case. Better yet, do it together. You’re teaching them to show their work, to support their position, to convince and persuade . . . and you’re keeping them busy in the process."
2025-10-14,"October 14



“Are you angry when someone’s armpits stink or when their breath is bad? What would be the point? Having such a mouth and such armpits, there’s going to be a smell emanating. You say, they must have sense, can’t they tell how they are offending others? Well, you have sense too, congratulations! So, use your natural reason to awaken theirs, show them, call it out. If the person will listen, you will have cured them without useless anger. No drama nor unseemly show required.”

—
M
ARCUS
A
URELIUS,
M
EDITATIONS
, 
 5.28

T
 he person sitting next to you on the plane, the one who is loudly chattering and knocking around in your space? The one you’re grinding your teeth about, hating from the depth of your soul because they’re rude, ignorant, obnoxious? In these situations, you might feel it takes everything you have to restrain yourself from murdering them.

It’s funny how that
 thought comes into our heads before, you know, politely asking them to stop, or making the minor scene of asking for a different seat. We’d rather be pissed off, bitter, raging inside than risk an awkward conversation that might actually help this person and make the world a better place. We don’t just want people to be better, we expect it to magically happen—that we can simply will other people to change, burning holes into their skull with our angry stare.

Although when you think about it that way, it makes you wonder who the rude one actually is.","October 14

Pain Is a Part of Life

Even though you have these powers free and entirely your own, you don’t use them, because you still don’t realize what you have or where it came from. . . . I am prepared to show you that you have resources and a character naturally strong and resilient.

—Epictetus

Oh, how you wish you could guarantee they will never suffer. Of course, you know that’s not possible. As the character in Hermann Hesse’s Siddhartha says, we cannot spare our kids the suffering we have gone through in our lives. We cannot prevent them from suffering altogether. Because suffering and pain are parts of life.

As a parent, the goal is to raise kids tough enough—loved enough—to deal with what life is going to throw at them. We don’t want them to suffer, but when suffering comes (and it is definitely coming), we want them to be able to endure its initial shock, navigate its ups and downs, and then learn from its consequences.

Think about that today. Think about toughening your kids up; think about preparing them for an uncertain future. Because that is the one thing we know for certain. Things are going to be tough. Things will go wrong. More pandemics and emergencies and recessions and heartbreak lie ahead. Our kids are going to have to be ready for it . . . and it’s on us to make sure they are."
2025-10-15,"October 15



“Everything turns on your assumptions about it, and that’s on you. You can pluck out the hasty judgment at will, and like steering a ship around the point, you will find calm seas, fair weather and a safe port.”

—
M
ARCUS
A
URELIUS,
M
EDITATIONS
, 
 12.22

“E
 ven a dog,” Supreme Court Justice Oliver Wendell Holmes once said, “distinguishes between being stumbled over and being kicked.” Yet if you’ve ever accidentally stepped on your dog, you know that the first reaction is usually a bark or a yelp or a quick snap of the jaws. In the instant, there is no distinction—just pain. Then it sees who it was, hears your soothing voice, and goes right back to wagging its tail.

A virtuous person does not jump to hasty judgments about other people. A virtuous person is generous with assumptions: that something was an accident, that someone didn’t know, that it won’t happen again. This makes life easier to bear and makes us more tolerant. Meanwhile, assuming malice—the most hasty of judgments—makes everything harder to bear.

Be deliberate and accommodating with your assumptions about other people and you’ll find, as Marcus says, calmer seas and fairer weather.","October 15

Courage Is Calling

In 2006, Benjamin Mee bought a zoo. Literally a zoo. It was broken down and in desperate need of a caring owner. Mee and his family were struggling too. Things hadn’t been going well for them either. But Mee explains to his son—in a scene immortalized by Matt Damon in the movie version of Mee’s book, We Bought a Zoo—that our lives are defined by the moments when we put ourselves out there:

You know, sometimes all you need is twenty seconds of insane courage. Just literally twenty seconds of just embarrassing bravery. And I promise you, something great will come of it.

This idea of breaking courage down into little pieces is a very good one for us parents to pass on to our own kids. A person isn’t brave, generally. We can be brave only specifically in the moment. This is as true for us and our kids or Benjamin Mee’s son as it is for the most decorated soldiers who have ever served in the military.

If you read the citations for many Medal of Honor recipients, for instance, the action that rises to the level of heroism is almost always just a moment. It’s usually not fighting off twelve insurgents for five hours—it’s sprinting across an open plain for twenty seconds, exposed to enemy gunfire on three sides, to come to the aid of a fallen comrade.

Just literally twenty seconds of insane, embarrassing bravery. That’s what courage is. So teach them how to find those few seconds of courage. Tell them something great will come of it. Promise them."
2025-10-16,"October 16



“Some people with exceptional minds quickly grasp virtue, or produce it within themselves. But other dim and lazy types, hindered by bad habits, must have their rusty souls constantly scrubbed down. . . . The weaker sorts will be helped and lifted from their bad opinions if we put them in the care of philosophy’s principles.”

—
S
ENECA,
M
ORAL
L
ETTERS
, 
 95.36–37

S
 toicism is not an evangelical religion. You’re not obligated to save anyone—there’s no risk of hell if a soul remains in ignorance of the teachings of Epictetus or Marcus Aurelius.

But now that you’ve learned and studied a better path, you can be of service to others. You can share your wisdom or insight with a friend or stranger—remembering that behavior is always a better example than a lecture.

Everyone deserves to benefit from “philosophy’s principles” as Seneca put it. If you see someone who is in need of help, or has asked for guidance, provide it. You owe them that much.","October 16

There Is Good in Everything

Parenthood can feel like one tough situation after another. One kid is sick. The other is struggling in school. You just got a call from your neighbor telling you that your son was caught throwing rocks at their house yesterday. Your daughter is being bullied. It looks like the whole family is going to be super late to today’s soccer game.

Ugh. It’s frustrating. It’s overwhelming. It can feel so negative.

What we need to remember in moments like this is that line from Laura Ingalls Wilder:

There is good in everything, if only we look for it.

If we, as parents, look at everything being thrown at us as problems, as a burden, we are going to get burned out . . . fast. But if, instead, we can see the good in each of these issues, if we can focus on the opportunity within each obstacle, not only will we be more likely to make it through, but we’ll be better parents for it."
2025-10-17,"October 17



“A benefit should be kept like a buried treasure, only to be dug up in necessity. . . . Nature bids us to do well by all. . . . Wherever there is a human being, we have an opportunity for kindness.”

—
S
ENECA,
O
N THE
H
APPY
L
IFE
, 
 24.2–3

T
 he first person you meet today—passing acquaintance or friend—no matter the context—positive or negative—is an opportunity for kindness. Or as different translators have taken this line from Seneca to mean, it is an opportunity for benefit
 . For both of you. You can seek to understand where they are coming from. You can seek to understand who they are, what they need, and what forces or impulses might be acting on them. And you can treat them well and be better off for it.

The same is true with the second person you encounter, and the third. Of course, there is no guarantee that they will return the favor, but that’s not our concern. As always, we’re going to focus on what we control: in this case, the ability to choose to respond with kindness.","October 17

Help, but Don’t Make Them Helpless

There is so much to do. Your kids have to get dressed. They have to eat. They have go to school. They have to do well in school. They’ll need jobs. They’ll need to figure out how to find a home, find a spouse, navigate the difficulties of the modern world.

There is so much to do . . . and they are so bad at all of it. So how does a parent get involved without crossing the line? How do we know where to help, what to handle for them, what to tell them they don’t have to worry about? Of course, there are no rules. No one can give you a perfect list: Pay for their college, but not their car. Cook them food, but don’t do their homework for them. Clean the kitchen, but not their room.

So maybe instead we should look for a good principle to follow instead. Perhaps we can adapt Plutarch’s line about leadership:

A parent should do anything, but not everything.

A great leader is never above rolling up their sleeves. Like a great parent, they’ll do anything for their family or their organization. But they also know they can’t do everything. It’s not good for them or for anyone else."
2025-10-18,"October 18



“There’s nothing worse than a wolf befriending sheep. Avoid false friendship at all costs. If you are good, straightforward, and well meaning it should show in your eyes and not escape notice.”

—
M
ARCUS
A
URELIUS,
M
EDITATIONS
, 
 11.15

I
 t’s pretty obvious that one should keep away from the wicked and two-faced as much as possible—the jealous friend, the narcissistic parent, the untrustworthy partner. At first glance, Marcus Aurelius is reminding us to avoid false friends.

But what if we turn it around? What if, instead, we ask about the times that we have been false to our
 friends? Ultimately that’s what Stoicism is about—not judging other people’s behavior, but judging our own.

We’ve all been a frenemy at one point or another. We’ve been nice to their face—usually because there was something in it for us—but later, in different company, we said how we really felt. Or we’ve strung someone along, cared only when things were going well, or declined to help even though someone really needed us.

This behavior is beneath us—and worth remembering the next time we accuse someone else of being a bad friend.","October 18

Teach Them That It’s Figureoutable

The impediment to action advances action. What stands in the way becomes the way.

—Marcus Aurelius

There’s a story that occurs constantly in the biographies of creative and brilliant people. It goes something like this: As a kid they have a question—maybe it’s about how car engines work, or what Antarctica is like. It doesn’t matter what the question is about, really—history, science, animals—because their parents all have the same response. They say, “I don’t know, but let’s go figure it out!” So they go to the library or the hardware store or the computer and they dig around until they find the answer.

What this experience did for the young versions of these notable figures was instill in them a few essential lessons that would then set them on their paths: (1) their parents actually listened and cared; (2) curiosity is the starting point of a great adventure; and (3) there are places, like the library or the internet or some wise old neighbor, where answers can be found.

Most important, though, they learned something well expressed in the title of Marie Forleo’s book: Everything Is Figureoutable. Problems can be solved. Ignorance can be eliminated. Answers can be tracked down. The unknown can be made familiar. Things can be discovered.

Show them how this works. Point them to the library or the laptop, the telephone or their science teacher. Teach them that everything is figureoutable. Big and small."
2025-10-19,"October 19



“Since habit is such a powerful influence, and we’re used to pursuing our impulses to gain and avoid outside our own choice, we should set a contrary habit against that, and where appearances are really slippery, use the counterforce of our training.”

—
E
PICTETUS,
D
ISCOURSES
, 
 3.12.6

W
 hen a dog is barking loudly because someone is at the door, the worst thing you can do is yell. To the dog, it’s like you’re barking too! When a dog is running away, it’s not helpful to chase it—again, now it’s like you’re both running. A better option in both scenarios is to give the dog something else to do. Tell it to sit. Tell it to go to its bed or kennel. Run in the other direction. Break the pattern, interrupt the negative impulse.

The same goes for us. When a bad habit reveals itself, counteract it with a commitment to a contrary virtue. For instance, let’s say you find yourself procrastinating today—don’t dig in and fight it. Get up and take a walk to clear your head and reset instead. If you find yourself saying something negative or nasty, don’t kick yourself. Add something positive and nice to qualify the remark.

Oppose established habits, and use the counterforce of training to get traction and make progress. If you find yourself cutting corners during a workout or on a project, say to yourself: “OK, now I am going to go even further or do even better.”

Good habits have the power to drive out bad habits. And habits are easy to pick up—as we all know.","October 19

Teach Them That It’s Figureoutable, Part II

When Charles Lindbergh was thinking about attempting the first transatlantic flight, he ran into an issue: he honestly didn’t even know how long the distance was.

There is an incredible exchange in his memoir about the flight, where in the early preparation Lindbergh is talking with a mechanic about his plan to go from New York to Paris by a certain route.

“How far is that?” one of them asks.

“It’s about 3,500 miles. We could get a pretty close check by scaling it off a globe. Do you know where one is?”

“There’s a globe at the public library. It only takes a few minutes to drive there. I’ve got to know what the distance is before I can make any accurate calculations. My car’s right outside.”

Lindbergh was a guy who knew how to solve his own problems by figuring stuff out. Lindbergh and his partner end up taking a piece of string, stretching it from New York to Paris across the curve of the globe, and then measuring it against the key. They got it pretty damn close too, close enough for him to survive the flight.

We don’t have to solve our children’s problems for them. We don’t have to teach them how to memorize things. What we have to do is teach them how to help themselves. We have to show them that everything is figureoutable."
2025-10-20,"October 20



“You have proof in the extent of your wanderings that you never found the art of living anywhere—not in logic, nor in wealth, fame, or in any indulgence. Nowhere. Where is it then? In doing what human nature demands. How is a person to do this? By having principles be the source of desire and action. What principles? Those to do with good and evil, indeed in the belief that there is no good for a human being except what creates justice, self-control, courage and freedom, and nothing evil except what destroys these things.”

—
M
ARCUS
A
URELIUS,
M
EDITATIONS
, 
 8.1.(5)

W

hat’s the meaning of life? Why was I born?
 Most of us struggle with these questions—sometimes when we’re young, sometimes not until we’re older. Rarely do we find much in the way of direction. But that’s simply because we miss the point. As Viktor Frankl points out in Man’s Search for Meaning
 , it is not our question to ask. Instead, it is we
 who are being asked the question. It’s our lives that are the answer.

No amount of travel or reading or clever sages can tell you what you want to know. Instead, it is you
 who must find the answer in your actions, in living the good life—by embodying the self-evident principles of justice, self-control, courage, freedom, and abstaining from evil.","October 20

Be Careful How Helpful You Are

In 2016, Jeannie Gaffigan found out she had a tumor in her brain the size of a pear. It was quite possible she would die, but if she didn’t, her recovery would be long and painful and she might never be the same. It was an incredibly difficult time for the Gaffigan family. In an interview, she explained just how afraid she was that her family would not be able to function or survive without her:

I was, like, being wheeled into the OR being like, “My computer password is,” you know, “The Fresh Direct password is.” I was like, there’s just too much to impart. And as I was recovering, I realized that doing everything for people completely robs them of their ability to function. And so there were two things there. It taught me I was overcontrolling my life, my people, and my kids. And secondly, it should be that they’re just fine on their own. They don’t need the boot camp that I was running.

Of course, the lesson here is not that you or your kids’ coparent is not important. That would be absurd. What Jeannie realized is that by holding on too tight, by being so helpful, she was actually holding them back. “There I was, useless,” she said, “and everybody was okay. Everyone was fine. They were better. And Jim—stuff came out of him that he never had before. And things blossomed in my kids, and I watched it from afar. They didn’t need me, but they kind of did.”"
2025-10-21,"October 21



“Such behavior! People don’t want to praise their contemporaries whose lives they actually share, but hold great expectations for the praise of future generations—people they haven’t met or ever will! This is akin to being upset that past generations didn’t praise you.”

—
M
ARCUS
A
URELIUS,
M
EDITATIONS
, 
 6.18

A
 lexandria, the city in Egypt, still bears the name of its founder, Alexander the Great, some 2,300 years after he set foot there. How cool would it feel to have a city named after you for so many centuries? To know that people are still saying your name?

Here’s a thought: it wouldn’t be cool. Because, like Alexander, you’ll be dead. You’ll have no idea whether your name lasted down through the centuries. No one gets to enjoy their own legacy—by definition.

Worse, think of all the horrible things Alexander did to achieve what he did. He fought pointless wars. He had a terrible temper—even killing his best friend in a drunken fight. He was ruthless and a slave to his ambition. Is he really so admirable?

Instead of wasting even a second considering the opinions of future people—people who are not even born yet—focus every bit of yourself on being the best person you can be in the present moment. On doing the right thing, right now. The distant future is irrelevant. Be good and noble and impressive now—while it still matters.","October 21

Make Them Find Out for Themselves

It would be easy to give them all the answers. It’s even fun to give them the answers. It would make things go faster and more smoothly and let you get back to what you were doing. But you can’t. You just can’t.

We’ve said before that the goal is to raise kids who know how to figure things out. What does that mean? It means you have to let them figure things out.

The philosopher John Stuart Mill would recall that in his own unique childhood education, which was supervised by his father, “anything which could be found out by thinking I was never told, until I had exhausted my efforts to find it out for myself.” It’s not that his father never helped him—like some homeschooling bean dad—it’s that he encouraged his son to take a crack at it first. More than encouraged—he let him struggle with it, let him not know until he either learned or learned how to learn. The boy had to try and fail before he came to the rescue.

Luctor et emergo, remember? I struggle and emerge? We have to make them understand that they have what it takes to do this on their own, and if they don’t, the best way to get it is to develop it by experience, by curiosity and exploration. We hold some of our answers back not because we don’t love them but because we love them so much. We let them struggle because we believe in them and because we believe even more in what will come out the other side."
2025-10-22,"October 22



“So someone’s good at taking down an opponent, but that doesn’t make them more community-minded, or modest, or well-prepared for any circumstance, or more tolerant of the faults of others.”

—
M
ARCUS
A
URELIUS,
M
EDITATIONS
, 
 7.52

S
 elf-improvement is a noble pursuit. Most people don’t even bother. But among those who do, it’s possible for vanity and superficiality to corrupt this process. Do you want six-pack abs because you are challenging yourself and committing to a difficult goal? Or is it because you want to impress people with your shirt off? Are you running that marathon because you want to test your limits or because you’re running away from your problems at home?

Our will shouldn’t be directed at becoming the person who is in perfect shape or who can speak multiple languages but who doesn’t have a second for other people. What’s the point of winning at sports but losing in the effort to be a good husband, wife, father, mother, son, or daughter? Let’s not confuse getting better at stuff
 with being a better person.
 One is a much bigger priority than the other.","October 22

How You See It Matters

Choose not to be harmed—and you won’t feel harmed. Don’t feel harmed—and you haven’t been.

—Marcus Aurelius

There are things that nobody ever wants to happen—especially to their kids. Whether it’s breaking an arm or being bullied, life visits things upon us. Things that frustrate, things that hurt, things that cause problems.

While we’d never choose for these things to happen, we have to remember that when they do happen, we still do retain some choice: as James Stockdale did upon his descent into the North Vietnamese jungle, we choose how we see these difficult events. We choose the story we tell ourselves about them.

The power of this idea—whether it was embraced or rejected—revealed itself in the attitudes of parents during the pandemic. Too many parents chose to see that their children had been harmed, be it by distance learning or by not seeing their grandparents. Of course, these events were undesirable. And there were consequences. But “harmed”? This is a subjective word. This is a choice.

Will your children be affected by things that happen? By having to change teachers midyear because of a move? By having glasses? By a divorce? By their learning issues? Yes. It would be dishonest to claim otherwise. But negatively affected? That’s up to you. Because how you decide to see it and, more important, how you choose to respond are going to determine how your children perceive these events as well."
2025-10-23,"October 23



“People aren’t in awe of your sharp mind? So be it. But you have many other qualities you can’t claim to have been deprived of at birth. Display then those qualities in your own power: honesty, dignity, endurance, chastity, contentment, frugality, kindness, freedom, persistence, avoiding gossip, and magnanimity.”

—
M
ARCUS
A
URELIUS,
M
EDITATIONS
, 
 5.5

I
 t’s easy to blame our circumstances. One person curses that they weren’t born taller, another that they’re not smarter, with a different complexion, or born in a different country. It’d be hard to find a single person on this planet—from supermodels on down—who doesn’t think they’re deficient in at least some way. But whatever your perceived deficits are, remember that there are positive qualities that you can develop that don’t depend on genetic accidents.

You have the choice
 to be truthful. You have the choice
 to be dignified. You can choose
 to endure. You can choose
 to be happy. You can choose to be chaste. You can choose to be thrifty. You can choose to be kind to others. You can choose to be free. You can persist under difficult odds. You can avoid trafficking in gossip. You can choose to be gracious.

And honestly, aren’t the traits that are the result of effort and skill more impressive anyway?","October 23

Don’t Start This for Them

General H. R. McMaster and his millennial daughter jokingly refer to her peers as the “start-my-orange-for-me generation.” Meaning the kids she grew up with can’t even peel an orange without having their parents get it going first. And now as adults they suffer for it. Because for as long as they’ve been conscious of it, their parents have been doing stuff like that for them. Whether it was science fair projects started the night before or arguing with teachers over (bad) grades they’d rightfully earned or funding the down payment for a house they couldn’t afford, McMaster’s daughter was surrounded by learned helplessness.

There are lots of reasons for this snowplow, helicopter parenting style: narcissism, fear, insecurity, economic uncertainty, and, of course, real love. Regardless of the emotion behind it, the effect is the same.

Our goal is to raise self-sufficient kids. So let them peel their own oranges. That doesn’t mean just let them struggle like the bean dad; it means teach them. It means encourage them. It means set expectations for them. It means let them go off on their own."
2025-10-24,"October 24



“Dig deep within yourself, for there is a fountain of goodness ever ready to flow if you will keep digging.”

—
M
ARCUS
A
URELIUS,
M
EDITATIONS
, 
 7.59

T
 oday, we could hope that goodness comes our way—good news, good weather, good luck. Or we could find
 it ourselves, in
 ourselves. Goodness isn’t something that’s going to be delivered by mail. You have to dig it up inside your own soul. You find it within your own thoughts, and you make it with your own actions.","October 24

They Can Still Be Successful

Yes, it’s true: many of the most successful artists and entrepreneurs and world leaders came from horrible circumstances. Adversity shaped and formed them, even fueled them to greatness.

Does that mean that, because you remain happily married and you are able to put your kids into good schools and new clothes, they are somehow disadvantaged? Hardly!

“It has been suggested [that an unhappy childhood is necessary] for greatness,” the dancer and writer Agnes de Mille wrote in her biography of Martha Graham. “Possibly. Yet many childhoods are unhappy without producing anything attractive, one almost-certain result being trouble in life.”

The reality is that successful people come from all sorts of backgrounds. Franklin Delano Roosevelt had loving parents. Churchill did not. They both reached the same heights . . . and though they both struggled to do it well, they each sought to provide good, stable, and loving homes for their own children.

Creating a happy childhood for our kids is the whole point of what we’re trying to do here. Don’t second-guess yourself. Their lives should be good. Just remember that good is not the same as easy!"
2025-10-25,"October 25



“What, then, makes a person free from hindrance and self-determining? For wealth doesn’t, neither does high-office, state or kingdom—rather, something else must be found . . . in the case of living, it is the knowledge of how to live.”

—
E
PICTETUS,
D
ISCOURSES
, 
 4.1.62–64

Y
 ou have two essential tasks in life: to be a good person and to pursue the occupation that you love. Everything else is a waste of energy and a squandering of your potential.

How does one do that? OK, that’s a tougher question. But the philosophy we see from the Stoics makes it simple enough: say no to distractions, to destructive emotions, to outside pressure. Ask yourself: What is it that only I can do? What is the best use of my limited time on this planet?
 Try to do the right thing when the situation calls for it. Treat other people the way you would hope to be treated. And understand that every small choice and tiny matter is an opportunity to practice these larger principles.

That’s it. That’s what goes into the most important skill of all: how to live.","October 25

Nobody Likes What Is Spoiled

There is a certain beauty in the child, the beauty of innocence and docility. But there is nothing beautiful about a spoiled child.

—Doug McManaman

There is nothing more lovely and more wonderful than a child. Their laugh. Their joy. The cute things they say. But like every sweet thing, it can easily turn sour.

You’re not doing your kids any favors by giving them everything they want. You’re not helping them by removing every difficulty and preventing all adversity. You’re not making their lives easier by fighting all their battles. You’re not rewarding them by overindulging them.

No, you’re spoiling them. And you’re not doing much of a service to the world in the process, either. Instead, you are setting your kids up for a very tough and unpleasant time in this life. You are, in fact, making them very weak and very unpleasant.

Don’t spoil them. All things in moderation, even as you love them as much as humanly possible. It’s a difficult balance, to be sure, but the stakes are too high not to get it right."
2025-10-26,"October 26



“The best and the greatest number of authors have asserted that philosophy consists of three parts: the moral, the natural, and the rational. The first puts the soul in order. The second thoroughly examines the natural order of things. The third inquires into the proper meaning of words, and their arrangements and proofs which keep falsehoods from creeping in to displace truth.”

—
S
ENECA,
M
ORAL
L
ETTERS
, 
 89.9

T
 hese three parts—the moral, the natural, and the rational—have one aim. As different as they are, they have the same purpose: to help you live a good life ruled by reason.

Not in the future, but right now.","October 26

Don’t Deprive Them of This

All of humanity’s problems stem from man’s inability to sit quietly in a room alone.

—Blaise Pascal

Our instinct is to make sure every second of our kids’ time is filled. They’ve got school. And swim practice. And guitar lessons. And scheduled playdates. We tell them to go play outside. To read or do their homework or practice their instrument. We ask them what they want to do next. We are always forcing or encouraging them to do something, anything.

This is usually all very well-intentioned. But it is depriving them of a very important skill in life: the ability to be alone. To sit with their own thoughts. To entertain themselves. To get comfortable with boredom.

Some kids are extroverts. Some are introverts. But every kid needs to know how to be alone and to be happy in that space. There are lots of opportunities for you to help them develop this ability, depending on their age and personality, of course. When they start stirring in the morning, don’t rush in. When they’re quietly playing in their room, take a step back. Let them be bored. Let them lie around for a little while after school or on the weekend. Let them have some time with themselves so they might cultivate some independence.

It’s a critical part of life (as every adult knows). Those who lack the ability to sit quietly in a room alone are miserable and prone to addiction and overstimulation. So teach them now. Or, more accurately, give them the space to teach themselves."
2025-10-27,"October 27



“Crimes often return to their teacher.”

—
S
ENECA,
T
HYESTES
, 
 311

I
 t’s ironic that Seneca would have one of his characters utter this line. As we know, for many years Seneca served as the tutor and mentor to the emperor Nero. There is a lot of evidence that Seneca was, in fact, a positive moral influence on the deranged young man, but even at the time, Seneca’s contemporaries found it strange that a philosopher would serve as the right hand to such an evil person. They even used the Greek word tyrannodidaskalos—
 tyrant teacher—to describe him. And just as Shakespeare observed in Macbeth
 , “Bloody instructions, which, being taught, return / To plague th’inventor,” Seneca’s collaboration with Nero ultimately ended with the student murdering the teacher.

It’s something to think about when you consider whom to work with and whom to do business with in life. If you show a client how to do something unethical or illegal, might they return the favor to an unsuspecting you later on? If you provide a bad example to your employees, to your associates, to your children, might they betray you or hurt you down the road? What goes around comes around, is the saying. Karma is a notion we have imported from the East, along similar lines.

Seneca paid a price for his instructions to Nero. As has been true throughout the ages, his hypocrisy—avoidable or not—was costly. So too will be yours.","October 27

Let Them Know About Your Battles

Major Taylor was the greatest cyclist of his generation. Born black in America in 1878, if Major was to fight his way to the top of his sport, he would have to fight his way through brutal racism and unfairness to do it. The dual battles took their toll on Taylor. In the end, he lost not only his fame and fortune but the family he loved too. He died alone, penniless, and estranged from his young daughter, Sydney.

As Michael Kranish writes in The World’s Fastest Man, for many years Sydney just thought her father had failed her, and naturally, she was angry at him. “Sydney had been bitter at what she interpreted as her father’s rigidity and aloofness. Only later, she said, did she truly understand the strains he had faced—the physical one of racing for decades, and the mental one of battling racism. The combination, she believed, had slowly killed him.”

Sydney didn’t know her father’s battles. Those battles weren’t his fault . . . but his failure to talk to her about them was. We all struggle. There has never been a parent (or a human being) who didn’t have their own battles. If we don’t explain this to our children, if we can’t be vulnerable or honest with them, there will forever be an unbridgeable gap between us. We will lose time and connection that we can’t ever get back.

All of us will lose what Sydney and Major lost: a chance to support each other, to understand each other, to learn from each other’s struggles, and to be loved and fully appreciated by each other."
2025-10-28,"October 28



“You’ll more quickly find an earthly thing kept from the earth than you will a person cut off from other human beings.”

—
M
ARCUS
A
URELIUS,
M
EDITATIONS
, 
 9.9.3

N
 aturally, Marcus Aurelius and the rest of the Stoics were not familiar with Newtonian physics. But they knew that what went up must come down. That’s the analogy he’s using here: our mutual interdependence with our fellow human beings is stronger than the law of gravity.

Philosophy attracts introverts. The study of human nature can make you aware of other people’s faults and can breed contempt for others. So do struggle and difficulty—they isolate us from the world.

But none of that changes that we are, as Aristotle put it, social animals. We need each other. We must be there for each other. We must take care of each other (and to allow others to care for us in return). To pretend otherwise is to violate our nature, to be more or less than what it means to be a human being.","October 28

You Can Survive Anything

It was the best of times, it was the worst of times.

—Charles Dickens

We doubt ourselves as parents. Not just sometimes but all the time. We wonder if we’re doing enough, if we’re doing things right, if we have what it takes to raise good kids.

Well, we can put that to rest. The COVID-19 years have settled the matter.

You have been through the wringer. You have been through the crucible. And you’re still here.

You got through it. You did your best. You may have stumbled but you never gave up. You might be exhausted from it—how could you not be—but you have also gained incredible strength from it.

Seneca talks about how the real object of pity is the person who has never been through adversity. Those of us who have? It wasn’t easy, but at least we know now what we’re capable of.

If you ever wondered if you have what it takes . . . now you have proof. You do."
2025-10-29,"October 29



“Each person acquires their own character, but their official roles are designated by chance. You should invite some to your table because they are deserving, others because they may come to deserve it.”

—
S
ENECA,
M
ORAL
L
ETTERS
, 
 47.15
b

I
 n the hiring process, most employers look at where someone went to school, what jobs they’ve held in the past. This is because past success can be an indicator of future successes. But is it always? There are plenty of people who were successful because of luck. Maybe they got into Oxford or Harvard because of their parents. And what about a young person who hasn’t had time to build a track record? Are they worthless?

Of course not. This is why character
 is a far better measure of a man or woman. Not just for jobs, but for friendships, relationships, for everything. Heraclitus put it as a maxim: “Character is fate.”

When you seek to advance your own position in life, character is the best lever—perhaps not in the short term, but certainly over the long term. And the same goes for the people you invite into your life.","October 29

You Have to See It This Way

If you haven’t heard the famous Jocko Willink “Good” speech, you should listen to it as soon as you have a chance. Because his Navy SEAL mentality doesn’t just apply to warfare; it doesn’t just apply to entrepreneurship or leadership. It is also a prescription for parenting. In fact, we might easily adapt it as a personal mantra to some of the daily troubles we face as parents day in and day out.

Oh, my kid woke up sick this morning? Good, we’ll spend the day at home together.

The take-out order got canceled last minute? Good, we’ll have breakfast for dinner.

You caught your kid lying? Good, now you have an opportunity to talk about honesty.

Pulled over for speeding? Good, show your kids how you handle owning a mistake.

Business in trouble? Good, talk to them about grace under pressure.

Flight delayed? Good, have fun in the airport as a family.

Traffic? Good, you get more time with them.

They are struggling in math class? Good, time for you to brush up on your algebra.

Your kids are counting on you. You don’t get to despair. There’s no time to complain. No one is going to come take this problem off your hands. It’s on you. It’s what you were given by fate or chance, and now you’ve got to work with it. You’ve got to make something of it.

You have to make it good . . . for them."
2025-10-30,"October 30



“Aren’t you ashamed to reserve for yourself only the remnants of your life and to dedicate to wisdom only that time can’t be directed to business?”

—
S
ENECA,
O
N THE
B
REVITY OF
L
IFE
, 
 3.5
b

I
 n one of his letters, Seneca tells a story about Alexander the Great. Apparently as Alexander was conquering the world, certain countries would offer him pieces of their territory in hopes that he’d leave them alone in exchange. Alexander would tell them, writes Seneca, that he hadn’t come all the way to Asia to accept whatever they would give him, but instead they were going to have to accept whatever he chose to leave them.

According to Seneca, we should treat philosophy the same way in our lives. Philosophy shouldn’t have to accept what time or energy is left over from other occupations but instead we should graciously make time for those other pursuits only once our study is finished.

If real self-improvement is what we’re after, why do we leave our reading until those few minutes before we shut off the lights and go to bed? Why do we block off eight to ten hours in the middle of the day to be at the office or to go to meetings but block out no time for thinking about the big questions? The average person somehow manages to squeeze in twenty-eight hours of television per week—but ask them if they had time to study philosophy, and they will probably tell you they’re too busy.","October 30

Give Them This Great Power

When she was about thirteen years old, Condoleezza Rice came home heartbroken because a classmate had gotten up and moved seats, refusing to be seated next to a black girl. You might have expected her parents to comfort her, to tell her that America still had a long way to go, and to assure her that she was just as good as everyone else. Indeed, they may have done those things, but her father also chose in that moment to give his daughter some pretty counterintuitive advice: “It’s okay that some close-minded person doesn’t want to sit next to you, as long as they are the one that moves.”

Instead of making his daughter feel like a victim, he empowered her. He gave her a great gift in that moment—it was a gift of dignity and strength. Yes, he was telling her she couldn’t control what other thoughtless or mean people did. She could, however, decide not to let it affect her, not to let it change how she lived her life or how she went about her own school day. If some racist kid (with racist parents, obviously) wanted to change where they sat, that was their choice. But she didn’t have to bend or be changed by it. She didn’t have to let it get to her.

They can move. She didn’t have to do a thing. That was her power. Your kids should know they have that power too."
2025-10-31,"October 31



“The human being is born with an inclination toward virtue.”

—
M
USONIUS
R
UFUS,
L
ECTURES
, 
 2.7.1–2

T
 he notion of original sin has weighed down humankind for centuries. In reality, we’re made to help each other and be good to each other. We wouldn’t have survived as a species otherwise.

There is hardly an idea in Stoic philosophy that wouldn’t be immediately agreeable to a child or that doesn’t jibe with common sense. The ideas within it go to the core of who we are and what we know to be true. The only things they conflict with are the various inventions of society—which usually serve some selfish interest more than they benefit the common good.

You were born good. “All of us have been made by nature,” Rufus said, “so that we can live free from error and nobly—not that one can and another can’t, but all.” You were born with an attraction to virtue and self-mastery. If you’ve gotten far from that, it’s not out of some inborn corruption but from a nurturing of the wrong things and the wrong ideas. As Seneca has pointed out, philosophy is a tool to strip it all away—to get back to our true nature.

","October 31

Don’t Be One of Those Parents

A helicopter parent hovers. They refuse to let their kid out of their sight. They follow them on the playground so they never fall down. They don’t let them ride their bike to a friend’s house so they never get lost. They make all their kids’ decisions for them. They check in constantly with their teachers to make sure everything is going according to plan. Their plan.

A snowplow parent doesn’t hover; they drive out in front of their kid, clearing the road of every conceivable impediment and obstacle between adolescence and . . . retirement? Their kid’s, not their own.

Coach doesn’t think their kid is good enough to be the star player? They’ll start their own team. College applications? They’ve got it handled—even if it means bending the rules or breaking the law. At great pain and expense, their kid will never have to struggle, stumble, or be rejected.

Needless to say, neither of these approaches is likely to produce what every good parent wants: self-sufficient, happy, and well-adjusted children. Even though many helicopter and snowplow parents come from a good place—they love their kids so much that they want nothing but the best for them—they are actively doing harm.

Your job is to be there for your kid, not to be their everything. Your job is to teach your kid, not to prevent them from ever failing. Yes, you have to keep them safe, but not at the cost of keeping them sheltered. Not at the expense of life itself."
2025-11-01,"November 1



“Don’t seek for everything to happen as you wish it would, but rather wish that everything happens as it actually will—then your life will flow well.”

—
E
PICTETUS,
E
NCHIRIDION
, 
 8

“It is easy to praise providence for anything that may happen if you have two qualities: a complete view of what has actually happened in each instance and a sense of gratitude. Without gratitude what is the point of seeing, and without seeing what is the object of gratitude?”

—
E
PICTETUS,
D
ISCOURSES
, 
 1.6.1–2

S
 omething happened that we wish had not. Which of these is easiest to change: our opinion or the event that is past?

The answer is obvious. Accept what happened and change your wish that it had not happened. Stoicism calls this the “art of acquiescence”—to accept rather than fight every little thing.

And the most practiced Stoics take it a step further. Instead of simply accepting
 what happens, they urge us to actually enjoy
 what has happened—whatever it is. Nietzsche, many centuries later, coined the perfect expression to capture this idea: amor fati
 (a love of fate). It’s not just accepting, it’s loving
 everything that happens.

To wish for what has happened to happen is a clever way to avoid disappointment because nothing is contrary to your desires. But to actually feel gratitude for what happens? To love it? That’s a recipe for happiness and joy.","November 1

Parenthood Is a Bond We All Share

All of our fellow animal creatures, as Aristotle observed long ago, try to stay alive and reproduce more of their kind.

—Martha Nussbaum

You love your kids more than anything. They are so special to you. Your eyes close when you think about them. Your heart softens. There is nothing you wouldn’t do for them. There is no one who means more.

Think about them for a second. Do you feel that radiating warmth? Do you feel it washing over you? You just want to hug them, right? Maybe you even want to cry. That’s what being a parent is.

Now take a minute to consider the many people with whom you share that feeling. Consider how basically every single person, even murderers on death row, even the rude person who just shoved you in the supermarket, even the billionaire you think is destroying our political system, has that same feeling about their kids. Run it backward and forward too. Cleopatra felt that way about her daughter. Frederick Douglass felt it about his sons. So too did billions of ordinary people in small towns and caves and ships on stormy oceans.

Being a parent is something special. It’s also something that is nearly universal. We might be kinder and more forgiving and find more common ground if we could just remember that a little more often."
2025-11-02,"November 2



“But I haven’t at any time been hindered in my will, nor forced against it. And how is this possible? I have bound up my choice to act with the will of God. God wills that I be sick, such is my will. He wills that I should choose something, so do I. He wills that I reach for something, or something be given to me—I wish for the same. What God doesn’t will, I do not wish for.”

—
E
PICTETUS,
D
ISCOURSES
, 
 4.1.89

W
 hen General Dwight D. Eisenhower wrote to his wife on the eve of the invasion of Normandy, he told her, “Everything we could think of has been done, the troops are fit everybody is doing his best. The answer is in the lap of the gods.” He’d done everything he could—and now, what would happen would happen and as Epictetus might say, he was ready to bear whatever that was. In fact, Eisenhower had written another letter that night and prepared it for release in case the invasion failed. If failure was what God—or fate or luck or whatever you want to call it—willed, he was ready.

There is a wonderful lesson there. The man in charge of perhaps the most powerful army the world had ever assembled, on the eve of the most expertly organized and planned invasion the world will hopefully ever know, was humble enough to know that the outcome ultimately belonged to someone or something bigger than him.

And so it goes with all our ventures. No matter how much preparation, no matter how skilled or smart we are, the ultimate outcome is in the lap of the gods. The sooner we know that, the better we will be.","November 2

You’d Trade Anything for This, Yet . . .

When Kobe Bryant took off in his helicopter from downtown Los Angeles on January 26, 2020, he was a five-time NBA champion. He was a two-time finals MVP. He was a two-time Olympic gold medalist. He had won an Emmy and an Oscar and he was a New York Times–bestselling author. He had earned hundreds of millions of dollars in his career and raised a venture capital fund of more than $100 million.

Yet it goes without saying that he would have traded all of those things for just one more day as a dad to his four girls. And you would do the exact same thing.

Who wouldn’t?

We know this. If asked, we would say it. You would say it, right? Yet . . . yet . . . yet . . . look at your choices. You’d give up so much for one more bedtime with your kids, and here you are, on your phone while they’re in the bath. No amount of money could compensate you for one more morning with them, and here you are, grouchy because it’s early, put out because you’re sitting in traffic as you drive them to school.

You have, right now, in your grasp, the thing that Kobe Bryant would have traded anything for. Do. Not. Waste. It. Be grateful for it."
2025-11-03,"November 3



“Just as we commonly hear people say the doctor prescribed someone particular riding exercises, or ice baths, or walking without shoes, we should in the same way say that nature prescribed someone to be diseased, or disabled, or to suffer any kind of impairment. In the case of the doctor, prescribed means something ordered to help aid someone’s healing. But in the case of nature, it means that what happens to each of us is ordered to help aid our destiny.”

—
M
ARCUS
A
URELIUS,
M
EDITATIONS
, 
 5.8.

T
 he Stoics were masters at analogies and used them as a tool to help strengthen their reasoning.

Here, Marcus observes how willingly we will put up with unpleasantness if commanded to by the magic words “doctor’s orders.” The doctor says you’ve got to take this nasty medicine, and you’ll do it. The doctor tells you you have to start sleeping hanging upside down like a bat. You’ll feel silly, but soon enough you’ll get to dangling because you think it will make you better.

On the other hand, when it comes to external events, we fight like hell if anything happens contrary to our plans. But what if, Marcus asks, a doctor had prescribed this exact thing as a part of our treatment? What if this was as good for us as medicine?

Well, what if?","November 3

This Is Something to Be Glad About

It can be hard to express your feelings as a parent sometimes. Not so much because parents are expected to bottle up their emotions but because the emotions that come with being a parent can be so overwhelming and complex. It’s a rush of a million feelings: love, joy, fear, absurdity, exhaustion, responsibility, motivation, and primal attachment.

No one prepared you for any of this . . . and it’s unlike anything you’ve ever dealt with before. How do you express it? How do you let your family know what they mean to you? How they have you wrapped around their finger, how they are your everything?

Maybe this exchange from The Boy, the Mole, the Fox and the Horse will suffice.

“Sometimes I want to say I love you all,” says the mole, “but I find it difficult.”

“Do you?” says the boy.

“Yes, so I say something like I’m glad we are all here.”

I’m glad we are all here. Isn’t that the perfect way to capture how you feel? Joy and gratitude that you’re together, that this is happening. That’s something to be glad about. That you have each other. That we’re all here, right now, despite it all."
2025-11-04,"November 4



“There is no evil in things changing, just as there is no good in persisting in a new state.”

—
M
ARCUS
A
URELIUS,
M
EDITATIONS
, 
 4.42

W
 hen people say change is good, they’re usually trying to reassure someone (or themselves). Because instinctively we view change as bad—or at least we’re suspicious of it.

The Stoics want you to do away with those labels altogether. Change isn’t good. The status quo isn’t bad. They just are.

Remember, events are objective. It’s only our opinion that says something is good or bad (and thus worth fighting against or fighting for). A better attitude? To decide to make the most of everything. But to do that you must first cease fighting.","November 4

You’ve Been Graced

Charles de Gaulle had a hard life. He was a POW in World War I. He had to flee France in order to save it in World War II. He endured protests and assassination attempts. He also had a daughter named Anne, who was born with Down syndrome. In 1928, when she was born, this was not something people knew how to deal with—disabled children were often sent away to institutions. Parents were made to feel ashamed, as if they were responsible for having, in the language of the day, a “retarded” child.

But not de Gaulle and his wife, Yvonne. They embraced their daughter. They built their lives around the challenging but rewarding experience of raising her. “Her birth was a trial for my wife and myself,” he said. “But believe me, Anne is my joy and my strength. She is the grace of God in my life. . . . She has kept me in the security of obedience to the sovereign will of God.”

Each of our children is different. Each comes with their own limitations, challenges, and personality. Whether they are seriously handicapped, have a minor learning disability, or bring into our lives this or that, it doesn’t matter. We have been graced. They are a blessing, an opportunity for us to change and grow; they give us joy and something to throw ourselves into."
2025-11-05,"November 5



“This is the very thing which makes up the virtue of the happy person and a well-flowing life—when the affairs of life are in every way tuned to the harmony between the individual divine spirit and the will of the director of the universe.”

—
C
HRYSIPPUS, QUOTED IN
D
IOGENES
L
AERTIUS,
L
IVES OF THE
E
MINENT
P
HILOSOPHERS
, 
 7.1.88

I
 n undergoing a twelve-step program, many addicts struggle most with step 2: acknowledging a higher power. Addicts often fight this one. At first they claim it’s because they’re atheists or because they don’t like religion or because they don’t understand why it matters.

But they later realize that this is just the addiction talking—it’s another form of selfishness and self-absorption. The actual language of the step is pretty easy to swallow: “[We] came to believe that a Power greater than ourselves could restore us to sanity.” Subsequent steps ask the addict to submit and let go. The second step really has less to do with “god” than those other steps—the letting go. It’s about attuning to the universe and discarding the toxic idea that we’re at the center of it.

It’s no wonder that the Stoics are popular with those in twelve-step programs. It’s also clear that this wisdom is beneficial to us all. You don’t have to believe there is a god directing the universe, you just need to stop believing that you’re
 that director. As soon as you can attune your spirit to that idea, the easier and happier your life will be, because you will have given up the most potent addiction of all: control.","November 5

Are You Teaching Them Gratitude?

Your kids should be grateful. Not to Mom and Dad, of course; you’re just doing your job. You’re legally and biologically obligated. Your kids should be grateful for everything. We all should. It’s amazing that any of us are alive at all. The odds are astronomically small that we are here, that we are us.

So it’s important that you teach your kids about gratitude. Jason Harris, the CEO of Mekanism—an award-winning ad agency—and the author of The Soulful Art of Persuasion, has an interesting practice for persuading your kids to have a more grateful outlook about life. As he writes:

Every Sunday night we write down in our book three things for which we are individually grateful. I know this is not an earth-shattering idea. . . . But this practice has made a world of difference for me and my kids. It resets you and gets you prepped for the week ahead. . . . What’s helpful about writing these reflections in a notebook is that you can consult previous entries and jog your memory on truly trying days. . . . Keeping thoughts of gratitude on the surface of your mental life can help you realize that whatever might be going wrong today, on balance we all have a ton to be positive about.

Beautiful. And how much more beautiful would the world be if more of us took up this practice with our own kids?"
2025-11-06,"November 6



“If the breaking day sees someone proud,

The ending day sees them brought low.

No one should put too much trust in triumph,

No one should give up hope of trials improving.

Clotho mixes one with the other and stops

Fortune from resting, spinning every fate around.

No one has had so much divine favor

That they could guarantee themselves tomorrow.

God keeps our lives hurtling on,

Spinning in a whirlwind.”

—
S
ENECA,
T
HYESTES
, 
 613

T
 he novelist Cormac McCarthy was living in a motel room when he heard a knock at the door. It was a messenger—he’d been awarded the MacArthur “genius” grant and $250,000. Unexpected events can be good as well as bad.

Who could dream of such an unexpected twist? Who but Clotho, one of the three Greek goddesses of fate, who “spins” the thread of human life? To the ancients, she was the one who decided the course of the events of our lives—some good, some bad. As the playwright Aeschylus wrote, “When the gods send evil, one cannot escape it.” The same was true for great destiny and good fortune.

Their resigned attitude might seem strange to us today, but they understood who was really in control (not them, not us!). No amount of prosperity, no amount of difficulty, is certain or forever. A triumph becomes a trial, a trial becomes a triumph. Life can change in an instant. Remember, today, how often it does.","November 6

It’s Always a Blessing

A writer—and, I believe, generally all persons—must think that whatever happens to him or her is a resource.

—Jorge Luis Borges

The thing about being a parent is that it gives you superpowers—or at least a superpower. Nothing too special. You can’t fly. You can’t stop bullets with your chest. But you are able, at least with the right frame of mind, to be serene and happy in the kinds of situations that make everyone else miserable.

A delayed flight. A sick day. Traffic. A pandemic. These are things other people dread. Parents certainly don’t look forward to them either, but they always have this: they understand it’s more time they get to spend with their kids.

All the inconveniences of life are, through the lens of our superpower, an opportunity to hang out with the people we love most! Who can beat that? In fact, delayed flights and traffic or a rainy day are some of the best opportunities, period . . . because now your kids are trapped! Who cares if they don’t want to spend time with you? You’ve got them where you want them.

So don’t complain about the inconveniences. Enjoy them. They’re a blessing. Now you get to spend more time with your kids."
2025-11-07,"November 7



“Don’t trust in your reputation, money, or position, but in the strength that is yours—namely, your judgments about the things that you control and don’t control. For this alone is what makes us free and unfettered, that picks us up by the neck from the depths and lifts us eye to eye with the rich and powerful.”

—
E
PICTETUS,
D
ISCOURSES
, 
 3.26.34–35

I
 n a scene in Steven Pressfield’s classic novel about Alexander the Great, The Virtues of War
 , Alexander reaches a river crossing only to be confronted by a philosopher who refuses to move. “This man has conquered the world!” one of Alexander’s men shouts. “What have you done?” The philosopher responds, with complete confidence, “I have conquered the need to conquer the world.”

We do know that Alexander did clash with Diogenes the Cynic, a philosopher known for his rejection of what society prizes and, by extension, Alexander’s self-image. Just as in Pressfield’s fictional encounter, in Diogenes’s real confrontation with Alexander, the philosopher was more powerful than the most powerful man in the world—because, unlike him, Diogenes had fewer wants. They were able to look each other in the eye and see who really had control over himself, who had achieved the self-mastery required for real and lasting power.

You can have that too. It just means focusing inward on acquiring power rather than outward. As Publilius Syrus, himself a former slave, put it: “Would you have a great empire? Rule over yourself!”","November 7

There Must Be Hope

But you have to have hope. You have to be optimistic in order to continue to move forward.

—John Lewis

A lot has happened in your life. It’s rightly made you cynical about some things, be it politics, relationships, or other people. A lot has happened in history too, and anyone who has ever read a book will have trouble shaking the fact that a lot of lies have been told, a lot of horrible rigging of the system has happened, and a lot of that contributes to the mess we’re in now.

But guess what? You have kids now and you don’t get to be a cynical, angry person anymore. Because you’re responsible for the raising of the next generation.

It is imperative that we give our children hope. That we explain the world to our kids in a way that empowers them with agency, that shows them progress is (and has been) possible. That as awful as things are, as the poet Maggie Smith says, the world still has good bones. Like a good real-estate agent, she tells us, we have to convince our kids that they could turn this into something beautiful. You have to show them that they can make a difference, then equip them with the skills, the resources, and the responsibility to do so.

You have to teach them that no one and nothing is irredeemable."
2025-11-08,"November 8



“Remember that you are an actor in a play, playing a character according to the will of the playwright—if a short play, then it’s short; if long, long. If he wishes you to play the beggar, play even that role well, just as you would if it were a cripple, a honcho, or an everyday person. For this is your duty, to perform well the character assigned you. That selection belongs to another.”

—
E
PICTETUS,
E
NCHIRIDION
, 
 17

M
 arcus Aurelius didn’t want to be emperor. He wasn’t a politician who sought office, and he wasn’t a true heir to the throne. As far as we can tell from his letters and from history, what he really wanted was to be a philosopher. But the powerful elite in Rome, including the emperor Hadrian, saw something in him. Groomed for power, Marcus was adopted and put in line for the throne because they knew he could handle it. Meanwhile, Epictetus lived much of his life as a slave and was persecuted for his philosophical teachings. Both did quite a lot with the roles they were assigned.

Our station in life can be as random as a roll of the dice. Some of us are born into privilege, others into adversity. Sometimes we’re given exactly the opportunities we want. At other times we’re given a lucky break, but to us it feels like a burden.

The Stoics remind us that whatever happens to us today or over the course of our lives, wherever we fall on the intellectual, social, or physical spectra, our job is not to complain or bemoan our plight but to do the best we can to accept it and fulfill it. Is there still room for flexibility or ambition? Of course! The history of the stage is littered with stories of bit parts that turned into starring roles and indelible characters that were expanded in future adaptations. But even this begins with acceptance and understanding—and a desire to excel at what we have been assigned.","November 8

You’ll Want Them to Come to You with Problems

Do you want to be the kind of parent whom your kids turn to when they have a problem? You want them to come to you with their fears, with their secrets, with their dilemmas, don’t you?

Well, then you better make yourself the kind of parent who has earned that honor, who has earned that respect. Because it’s a privilege and not a right. Need proof? Think about your own parents and how many things you kept from them. Even more, why you kept those things from them.

Sure, some things we hide because we know it’s stuff we’re not supposed to be doing. But a lot of it is stuff we could have used their advice on, that we ached to connect over—yet we knew we couldn’t. They would rush to judgment. They wouldn’t let us explain. It would trigger their anxiety or their temper or their moralizing reminders. And we already had enough problems!

You want them to come to you? You want to help them? Then show them you’re worthy of their trust. Teach them that reaching out is worth doing. Teach them that they’ll get a fair hearing. Prove to them that you make things better, not worse."
2025-11-09,"November 9



“The universe is change. Life is opinion.”

—
M
ARCUS
A
URELIUS,
M
EDITATIONS
, 
 4.3.4
b

I
 n Plutarch’s Life of Theseus,
 he describes how the ship of Theseus, an Athenian hero, was preserved by the people of Athens in battle-ready condition for many centuries. Each time a board decayed, it would be replaced until eventually every stick of wood in it had been replaced. Plutarch asks: Is it still the ship of Theseus, or is it a new one?

In Japan, a famous Shinto shrine is rebuilt every twenty-three years. It’s gone through more than sixty of those cycles. Is it one shrine, 1,400 years old? Or sixty consecutive shrines? Even the U.S. Senate, given its staggered elections, could be said to have never been fully turned over. Is it the same body formed in the days of George Washington?

Our understanding of what something is
 is just a snapshot—an ephemeral opinion. The universe is in a constant state of change. Our nails grow and are cut and keep growing. New skin replaces dead skin. Old memories are replaced by new memories. Are we still the same people? Are the people around us the same? Nothing is exempt from this fluidity, not even the things we hold most sacred.","November 9

You Will Want a Crowded Table

What a great spectacle it is when a husband or wife with many children are seen with these children crowded around them!

—Musonius Rufus

It’s helpful to sit back and really think about what parental success looks like.

First, of course, it’s having healthy kids who survive to adulthood—that’s obvious.

But second, when you flash way forward into the future, what is it? It’s that beautiful phrase captured in the title of the Highwomen’s hit “Crowded Table.” At Thanksgiving. On birthdays. At some summer house on the beach you all rent as a family. That is, having kids whom you get to see, whom you have a good relationship with, whom you want to spend time with . . . for the rest of your days.

If you want a garden, the song reminds us, you’re going to have to sow the seed.

And if you want a crowded table, you’ll need to make the right decisions now so they’ll want to make the decision to fly from their homes to yours when they’re older and have families of their own. You’ll have to plant a little happiness, give a little love, if that’s what you want to reap.

You’ll need to set the table today to have the one you’ll want tomorrow."
2025-11-10,"November 10



“Think by way of example on the times of Vespasian, and you’ll see all these things: marrying, raising children, falling ill, dying, wars, holiday feasts, commerce, farming, flattering, pretending, suspecting, scheming, praying that others die, grumbling over one’s lot, falling in love, amassing fortunes, lusting after office and power. Now that life of theirs is dead and gone . . . the times of Trajan, again the same . . .”

—
M
ARCUS
A
URELIUS,
M
EDITATIONS
, 
 4.32

E
 rnest Hemingway opens his book The Sun Also Rises
 with a Bible verse: “One generation passeth, and another generation cometh; but the earth abideth forever. The sun also riseth, and the sun goeth down, and resteth to the place where he arose.” It was this passage, his editor would say, that “contained all the wisdom of the ancient world.”

And what wisdom is that? One of the most striking things about history is just how long human beings have been doing what they do. Though certain attitudes and practices have come and gone, what’s left are people—living, dying, loving, fighting, crying, laughing.

Breathless media reports or popular books often perpetuate the belief that we’ve reached the apex of humanity, or that this time, things really are different
 . The irony is that people have believed that for centuries.

Strong people resist this notion. They know that with a few exceptions, things are the same as they’ve always been and always will be. You’re just like the people who came before you, and you’re but a brief stopover until the people just like you who will come after. The earth abides forever, but we will come and go.","November 10

How Timeless This Is

What’s so wonderful about being a parent is how it connects us to every father and mother and family that came before us. There is a line in one of Seneca’s essays: “illi in litoribus harenae congestu simulacra domuum excitant hi ut magnum aliquid agentes . . .” (“while children at the beach bring toy houses to life out of heaps of sand, as though engaged in a grand enterprise . . .”).

That’s the kind of timeless observation that a writer at the beach with their kids would make. Seneca was spending time with family and he was struck by the innocence and the metaphor of kids building sandcastles . . . just as your kids build sandcastles. And with that, two thousand years of distance evaporates. A father in ancient Rome, exactly the same as a father in Pensacola over spring break or a mom at a public beach in Africa’s Ivory Coast.

It can be humbling and comforting to take the time to think of these moments. As you try to rein in your difficult teenager, as your three-month-old falls asleep in your arms, as you nurse your daughter with health problems through her recovery—the fact that this kind of thing has been happening throughout human history should be heartening. They made it; you’re going to make it.

What a tradition you are part of. Think how many parents have come before you and will come after. We all struggle. We all triumph. We all smile watching our kids play in the sand.

Parenthood, this timeless enterprise."
2025-11-11,"November 11



“When you are distressed by an external thing, it’s not the thing itself that troubles you, but only your judgment of it. And you can wipe this out at a moment’s notice.”

—
M
ARCUS
A
URELIUS,
M
EDITATIONS
, 
 8.47

I
 magine you’ve dreamed of a life in politics. You’re young, you’re vigorous, and you’ve held increasingly powerful positions over the course of your career. Then at thirty-nine, you start to feel run down. Your doctors tell you that you have polio and your life will never be the same. Your career is over—right?

This is the story of Franklin Delano Roosevelt, now widely regarded as one of America’s greatest political leaders. He was, at middle age, diagnosed with polio after spending years preparing for and dreaming about the presidency.

It’s impossible to understand FDR without understanding this disability. The “external thing” was that he was crippled—this was a literal fact—but his judgment of it was that it did not cripple his career or his personhood. Though he was certainly the victim of a then incurable disease, he wiped away—almost immediately—the victim’s mentality.

Let’s not confuse acceptance with passivity.","November 11

There Is Nothing Better Than This

Love is the only legacy that matters. Let’s not point our love in the wrong direction.

—Donald Miller

Falling in love with your spouse is great. Making a lot of money is awesome. Crushing it at work is the best. It’s nice to have a big house or to go out and have a wonderful night with friends. But there is nothing quite like coming home to your kids. Having them rush into your arms for a hug. Feeling them fall asleep on your chest on the couch. When they climb on your shoulders. When they talk to you about something they’re excited about. When you hear them coming around the corner, excitedly saying your name, and they jump into your bed.

Nothing’s better, as Bruce Springsteen put it, than blood on blood.

There is a lot of great stuff in life, but nothing is better than family. That’s what he’s saying. The blood relationship is not what he’s talking about. He’s talking about the bond. The people you’d do anything for.

So the question to think about today is: If this really is the best and most important thing in your world, are you really building your life around it? We pull extra hours at the office to get promoted. We take risks to make investments with our money. We make plans to see friends or have fun. But do we actively sacrifice and scheme so that we might have more of that one pleasure that tops them all? Do we actively prioritize the thing that truly matters most? Those moments when blood is on blood, when family is together?"
2025-11-12,"November 12



“If we judge as good and evil only the things in the power of our own choice, then there is no room left for blaming gods or being hostile to others.”

—
M
ARCUS
A
URELIUS,
M
EDITATIONS
, 
 6.41

A
 sign on President Harry Truman’s desk read, THE BUCK STOPS HERE
 . As president, with more power and control than pretty much anyone else, he knew that, good or bad, there wasn’t anyone he could blame for stuff other than himself. There was no one to pass the buck to. The chain ended there, in the Oval Office.

As the president of our own lives—and knowing that our powers begin and end with our reasoned choice—we would do well to internalize this same attitude. We don’t control things outside that sphere, but we do control our attitudes and our responses to those events—and that’s plenty. It’s enough that we go into each and every day knowing that there is no one to pass the buck to. It ends with us.","November 12

This Is Why You’re Here

Whoever wants to become great among you must be your servant, and whoever wants to be first must be slave of all. For even the Son of Man did not come to be served, but to serve, and to give his life as a ransom for many.

—Mark 10:43–45

Sometimes you get a glimpse into the lives of childless people and feel a tinge of jealousy. How much more time they have. Even the acronym DINK can make your mouth water a bit: dual incomes, no kids.

And yet? You know you made the right choice, not just because you love your kids but because kids give us the most important thing in the world. They give us purpose—a reason why we’re here. That verse from the Gospel of Mark should land deeply with any parent.

We are here to give them a good life . . . and in so doing, make our own lives worth living. So there is no need to feel jealous. If there is anyone to envy, it’s you."
2025-11-13,"November 13



“Don’t allow yourself to be heard any longer griping about public life, not even with your own ears!”

—
M
ARCUS
A
URELIUS,
M
EDITATIONS,

 8.9

N
 ot only do even the most fortunate of us complain, it often seems like the more fortunate we are, the more time we have to do so. Marcus Aurelius was a reluctant chief executive—just as you might be a reluctant accountant, kid’s soccer coach, or lawyer. Or perhaps you generally like your job, but you could do without a few of its attendant responsibilities. Where does that thinking get you? Nowhere, other than in a negative state of mind.

It calls to mind a motto of British prime minister Benjamin Disraeli: “Never complain, never explain.” He said this because, like Marcus, he knew that the burdens of responsibility were immense. It’s so easy to complain about this or that, or to try to make excuses and justifications for the things you’ve done. But that doesn’t accomplish anything—and it never lightens the load.","November 13

You Should Like Being Their Chauffeur

What am I, many a parent has asked their kid, your chauffeur? What do you think I am, an Uber driver? It’s understandable—it can be a pain to drive your kids around. To school. To a friend’s house. To football practice. Sometimes it can feel like this is all parenting is—driving a little person around . . . for free.

But instead of seeing this as an obligation, see it as a gift. For a bunch of reasons. First off, twenty minutes in the car can be something you share and remember forever.

Second, how often do you get this kind of captive audience? You guys are stuck together! This is wonderful. This is what you wanted, right? An opportunity to connect? To bond? To have fun? So use it!

Third, as many parents with older kids will tell you, something changes when kids are in the car with you. Suddenly, you’re not the parent. You’re just a companion. Kids will share and say things in the car they wouldn’t say anywhere else. Or better, if their friends are with them in the car too, you fade into the background and suddenly get to watch how your kid is with other people. You’ll learn things about your own son or daughter that you’d never know otherwise. You’ll get a glimpse into who they are in a way they could never articulate to you directly.

The point is: driving your kids around is a privilege. It’s an opportunity. Don’t complain about it. If anything, volunteer to do it!"
2025-11-14,"November 14



“He was sent to prison. But the observation ‘he has suffered evil,’ is an addition coming from you.”

—
E
PICTETUS,
D
ISCOURSES
, 
 3.8.5
b
–6
a

T
 his is classic Stoic thinking, as you’ve gathered by now. An event itself is objective. How we describe it—that it was unfair, or it’s a great calamity, or that they did it on purpose—is on us.

Malcolm X (then Malcolm Little) went into prison a criminal, but he left as an educated, religious, and motivated man who would help in the struggle for civil rights. Did he suffer an evil? Or did he choose to make his experience a positive one?

Acceptance isn’t passive. It’s the first step in an active process toward self-improvement.","November 14

You’ll Want Them Close

John Jay O’Connor III grew up in San Francisco. His family was local royalty. He went to college at Stanford, just down the road, and returned there for law school as well. So how did the O’Connors end up in Phoenix? It wasn’t because he wanted to be close to the family of his new wife, Sandra Day O’Connor—who lived as far east as one could get in Arizona, on a ranch in the middle of nowhere. It certainly wasn’t because Phoenix was a bustling metropolis or a paragon of culture—not in the late 1950s, anyway.

The answer was simple. He didn’t want to be very close to his family. As he later reflected: “My mother was a very critical woman, and I did not want to listen to her time and again.”

We all want great things for our children . . . but most of all, especially when we’re older, we’re going to want them to be close to us. How can we increase our chances of that? How can we do our best to ensure the existence of that lovely, crowded table we talked about the other day?

By being pleasant to be around. By not making our anxieties and fears our kids’ problem. By loving them as much as we push them. By helping them be who they are . . . not what we think they should be. By asking ourselves, every time we feel like criticizing or judging or starting an argument, Is this worth what I am about to withdraw from our relationship?

By putting them first, but not putting everything on them, we might one day find them as close to us at our table as they are close to our hearts."
2025-11-15,"November 15



“Meditate often on the swiftness with which all that exists and is coming into being is swept by us and carried away. For substance is like a river’s unending flow, its activities continually changing and causes infinitely shifting so that almost nothing at all stands still.”

—
M
ARCUS
A
URELIUS,
M
EDITATIONS
, 
 5.23

M
 arcus borrows this wonderful metaphor from Heraclitus, who said, “No man steps in the same river twice.” Because the river has changed, and so has the man.

Life is in a constant state of change. And so are we. To get upset by things is to wrongly assume that they will last. To kick ourselves or blame others is grabbing at the wind. To resent change is to wrongly assume that you have a choice in the matter.

Everything is change. Embrace that. Flow with it.","November 15

No, This Is the Special Part

In her wonderful book On Looking, Alexandra Horowitz takes a series of walks in different environments. What does a geologist see on a city block? What does a naturalist see walking through a park? What does a dog see on a short walk around the block? But the most interesting walk was the one Alexandra took with her nineteen-month-old.

The idea was to really try on her son’s perspective on the world. So they walk out of the apartment, down the hall to the elevator, into and then and out of the elevator, and across the lobby to the front door, where they would start the walk. And as Alexandra went to check in with her baby boy, she suddenly realized . . . that the walk had begun all the way back inside the apartment.

To a kid, the world is a very different place from the one we live in and walk through and, if we’re being honest, take for granted. This has more to do with their size and their inexperience than anything else, but that doesn’t invalidate their opinions and impressions. If anything, it opens a new window for us to look at the world through, as it did for Alexandra. It reminds us of how we felt about new things when we were their age. It is an antidote to cynicism and world-weariness.

As parents, we have to appreciate the fact that our kids can help us see the world maybe better than we can help them see it. They can help us see that anything can be special and fun, that a walk doesn’t have to be outside, that dinner can be anywhere and a cardboard box can be more fun than the Christmas present it was carrying. We have to encourage this spirit. We have to make sure we don’t crush it with subtle corrections and insistence on the “official” way things are or should be. Most of all, we have to learn from their perspective and add it as much as possible to our own lives."
2025-11-16,"November 16



“Hecato says, ‘cease to hope and you will cease to fear.’ . . . The primary cause of both these ills is that instead of adapting ourselves to present circumstances we send out thoughts too far ahead.”

—
S
ENECA,
M
ORAL
L
ETTERS
, 
 5.7
b
–8

H
 ope is generally regarded as good. Fear is generally regarded as bad. To a Stoic like Hecato (known as Hecato of Rhodes), they are the same—both are projections into the future about things we do not control. Both are the enemy of this present moment that you are actually in. Both mean you’re living a life in opposition to amor fati.

It’s not about overcoming our fears but understanding that both hope and fear contain a dangerous amount of want
 and worry
 in them. And, sadly, the want is what causes the worry.","November 16

They Help You Notice Things

It was painting that finally helped Winston Churchill slow down and learn how to see. He had been so busy, so ambitious, that he had not cultivated the eye or the discipline to slow down and really look at the world. Artistic hobbies can do that for you.

Parenting can have the same effect. Nothing cultivates your eye quite like games of “I Spy” in the car. Helicopters have been flying overhead your whole life, but it was only when your son or daughter became obsessed with them that you started to really notice. Do you think Sandra Day O’Connor went out and gathered cicadas before she was a parent and grandparent? No, it was the act of sending them off to curious children that got her to appreciate this gross but fascinating bit of nature.

The things our kids like, the joy we take in their joy—it forces us to slow down. To notice. To develop an eye. Because we want to point things out. We want them to see. So we pay closer attention than ever before. We keep our eyes peeled wider than ever before. We slow down in a way that, if left to our own devices, we never would.

And for that we must be grateful."
2025-11-17,"November 17



“When philosophy is wielded with arrogance and stubbornly, it is the cause for the ruin of many. Let philosophy scrape off your own faults, rather than be a way to rail against the faults of others.”

—
S
ENECA,
M
ORAL
L
ETTERS
, 
 103.4
b
–5
a

R
 emember, the proper direction of philosophy—of all the things we’re doing here—is focused inward. To make ourselves
 better and to leave other people to that task for themselves and their own journey. Our faults are in our control, and so we turn to philosophy to help scrape them off like barnacles from the hull of a ship. Other people’s faults? Not so much. That’s for them to do.

Leave other people to their faults. Nothing in Stoic philosophy empowers you to judge them—only to accept them. Especially when we have so many of our own.","November 17

Let Them See You in Your Element

I loved going with my father to the legislature. I would sit in the galley for hours watching all the activity on the floor and then would wander around the halls trying to figure out what was going on.

—Lyndon Johnson

What do you think drew Steph Curry to basketball? It was the time he spent in arenas watching his dad play. The lights before the team ran through the tunnel. The cheers of the crowd. The pounding of the music. The sound of the buzzer. Seeing Dad do his thing. Even Curry’s obsession with popcorn hints at a kid who spent countless afternoons and evenings in NBA arenas, soaking in not just the sights and sounds but even the smells and the tastes.

This is an old story, one as old as parenthood itself. It’s why blacksmiths had sons who became blacksmiths, why as soon as women were allowed to have careers, the daughters of teachers followed their mothers into the classroom and soon enough into more and more elite professions.

So let your kids see you work. Expose them to the good and the bad of it, even the boring parts of it. You have no idea what parts they’ll find exciting. You never know what you might be opening their eyes to. Don’t pressure them to go into the “family business,” of course, but give them a chance to see how that business runs. Let them see you in your element."
2025-11-18,"November 18



“Our rational nature moves freely forward in its impressions when it:

1) accepts nothing false or uncertain;

2) directs its impulses only to acts for the common good;

3) limits its desires and aversions only to what’s in its own power;

4) embraces everything nature assigns it.”

—
M
ARCUS
A
URELIUS,
M
EDITATIONS
, 
 8.7

I
 f you notice, Marcus repeatedly reminds himself what Stoicism is. These bullet points are helpful to those of us reading thousands of years later, but really they were intended to be helpful to him. Maybe that day he had accepted a bad impression or had acted selfishly. Maybe he had pinned his hopes on something outside his control or complained and fought against something that had happened. Or maybe it had just been awhile since he’d thought about these things and wanted a reminder.

Whatever his case was, or whatever ours is today, let’s align our minds along these four critical habits:

1.	Accept only what is true.

2.	Work for the common good.

3.	Match our needs and wants with what is in our control.

4.	Embrace what nature has in store for us.","November 18

This Is the Highest Praise

In the book My First Coach by Gary Myers, Tom Brady’s father, Tom Brady Sr., was told some of the things his son had to say about how much he enjoyed being with his dad growing up. Tom Sr. was visibly taken aback by the remarks. They were that yearned-for confirmation that every parent desires. As he said:

I think every father relishes time with their sons, and you never know if the son relishes time with his father. For me to hear he respects me, as much as I respect him, is the most satisfying feeling that I could ever have. I remember when he was still in high school and I would go in to wake him up in the morning so we could go play golf. It was always the greatest joy for me that he wanted to play golf with me. Years later, he made the comment that, “I never wanted to stay out late on Friday night because I wanted to play golf with my dad Saturday morning.”

If there is one way to judge, in the end, whether you’ve done this thing right, that is it. It’s the ultimate test of a parent’s worth: Did you build the kind of relationship where your kids want to spend time with you? This isn’t something that you just throw up your hands and hope for. It doesn’t just happen because your personalities magically align. It’s something you have to work for—you have to create the alignment. You have to build the relationship."
2025-11-19,"November 19



“For any challenge we should hold three thoughts at our command:

‘Lead on God and Destiny,

To that Goal fixed for me long ago.

I will follow and not stumble; even if my will

is weak I will soldier on.’”

—
C
LEANTHES

“Whoever embraces necessity count as wise,

skilled in divine matters.”

—
E
URIPIDES

“If it pleases the gods, so be it. They may well kill me, but they can’t hurt me.”

—
P
LATO’S
C
RITO
AND
A
POLOGY

—
E
PICTETUS,
E
NCHIRIDION
, 
 53

T
 hese three quotes compiled by Epictetus show us—in wisdom across history—the themes of tolerance, flexibility, and, ultimately, acceptance. Cleanthes and Euripides evoke destiny and fate as concepts that help ease acceptance. When one has a belief in a greater or higher power (be it God or gods), then there is no such thing as an event going contrary to plan.

Even if you don’t believe in a deity, you can take some comfort in the various laws of the universe or even the circle of life. What happens to us as individuals can seem random or upsetting or cruel or inexplicable, when in fact these events make perfect sense when our perspective is zoomed out, even just slightly.

Let’s practice this perspective today. Pretend that each event—whether desired or unexpected—was willed to happen, willed specifically for you. You wouldn’t fight that, would you?","November 19

Look for the Double Opportunity

Bill Simmons is a busy man. He’s a writer, a podcaster, a CEO, a documentary film producer, a husband, and a father of two. His eldest, Zoe, played on a big-time travel soccer team. So every weekend for months during soccer season, Simmons drove for hours around Southern California to various tournaments. If you know anything about Los Angeles, you know that traffic is a frustrating, nerve-racking hell on earth.

And yet Simmons wouldn’t trade it for anything. As he would say, the drive to and from tournaments meant he had his daughter trapped in a confined space for a couple hours where he could check in with her. How’s school? Friends? Boyfriends? How are you feeling about things going on in the world?

As parents, the one thing that is always in short supply is time. And Bill Simmons’s time is as thinly stretched as anyone’s. Which is why he learned how to double up on it. As we should too.

The jogging stroller lets you exercise . . . while spending time with your kid. The drive to school . . . is a chance to have that conversation you needed to have with your daughter. All the chores that need to be done around the house . . . are a way to teach your kids about responsibility. As a parent, you always have to be looking for the double opportunity. Time is at a premium. Resources are scarce. Don’t waste any of them."
2025-11-20,"November 20



“If you’ve seen the present, you’ve seen all things, from time immemorial into all of eternity. For everything that happens is related and the same.”

—
M
ARCUS
A
URELIUS,
M
EDITATIONS
, 
 6.37

T
 he events that will transpire today are the same as the things that have always occurred. People living and dying, animals living and dying, clouds rolling in and rolling out, air sucked in and sucked out, as it has for aeons. This moment right now, to paraphrase Emerson, is a quotation of the moments that have come before and will come ever after.

This idea is expressed nowhere more beautifully than in the Christianity hymn Gloria Patri
 . “As it was in the beginning, and now, and always, and to the ages of ages.” This thought is not supposed to be depressing or uplifting. It’s just a fact. However, it can have a calming, centering effect. No need to get excited, no need to wait on pins and needles. If you haven’t seen this before, someone else has. That can be a relief.","November 20

You’d Do This Only for Them

The comedian Hasan Minhaj tells a story about taking his young daughter to school picture day. She had a runny nose and was having trouble wiping it. The next thing he knew, he found himself sucking the snot out of his daughter’s nose with a Starbucks straw. As the sheer foulness of the moment hit him, so did another thought: I would never do this for my wife.

We’d do a lot for a spouse, for our parents, even for a stranger in need. We would do anything for our kids, because they didn’t do anything to deserve being thrust into existence, completely helpless in the beginning, entirely dependent on us for years. They didn’t choose to be here on this earth. They didn’t choose us to be their parents. We chose to have them. We made them. They are not just part of our lives; they are part of us. They are of us.

There is something about this relationship that softens the hardest head and warms the coldest heart. And while the relationship will change over time—Hasan will not be sucking snot through straws a few years from now—what will not change is the urge and the willingness to do anything for our kids."
2025-11-21,"November 21



“A good isn’t increased by the addition of time, but if one is wise for even a moment, they will be no less happy than the person who exercises virtue for all time and happily passes their life in it.”

—
C
HRYSIPPUS QUOTED BY
P
LUTARCH IN
M
ORALIA
: “
A
GAINST THE
S
TOICS ON
C
OMMON
C
ONCEPTIONS,” 
 1062 (
L
OEB, P. 
 682)

P
 erhaps wisdom and happiness are like winning a medal in the Olympics. It doesn’t matter whether you won a hundred years ago or ten minutes ago, or whether you won just once or in multiple events. It doesn’t matter whether someone beats your time or score down the road, and it doesn’t matter whether you never compete again. You’ll always be a medalist, and you’ll always know what it feels like. No one can take that away—and it would be impossible to feel more
 of that feeling.

The Juilliard-trained actor Evan Handler, who not only survived acute myeloid leukemia but also severe depression, has talked about his decision to take antidepressants, which he did for a deliberately brief time. He took them because he wanted to know what true, normal happiness felt like. Once he did, he knew he would stop. He could go back to the struggle like everyone else. He had the ideal for a moment and that was enough.

Perhaps today will be the day when we experience happiness or wisdom. Don’t try to grab that moment and hold on to it with all your might. It’s not under your control how long it lasts. Enjoy it, recognize it, remember it. Having it for a moment is the same as having it forever.","November 21

Do Not Be Afraid

The world is a narrow bridge, and the important thing is not to be afraid.

—Hebrew prayer

Do you know what the most repeated phrase in the Bible is? It’s “Be not afraid.” Over and over again these words appear. They’re a warning from on high to “be strong and of good courage,” as we hear in the book of Joshua. “Do not be afraid nor be dismayed.”

A similar chord is struck in much of ancient Greek mythology. Some version of “Be brave,” “Have courage,” “Don’t be scared,” appears more than a dozen times in the Odyssey. It doesn’t matter which religion or philosophy or great mind you turn to, you will find courage in the same place the Stoics held it: at the top of the list of virtues.

It is impossible to be a good parent without having courage or cultivating courage in our kids. After all, it is the environment we create for them, the values we teach them, the rules we give them, and the bonds we forge with them that will give them the courage to do and be the things they were destined to accomplish and become.

Remember Barack Obama’s observation:

What makes you a man is not the ability to have a child, but the courage to raise one. As fathers, we need to be involved in our children’s lives not just when it’s convenient or easy, and not just when they’re doing well—but when it’s difficult and thankless, and they’re struggling. That is when they need us most.

None of this parenting stuff is easy. A lot of it is scary. But it is essential. And it matters whether you have the courage to step up and do it every day for the rest of their lives."
2025-11-22,"November 22



“Fortune falls heavily on those for whom she’s unexpected. The one always on the lookout easily endures.”

—
S
ENECA,
O
N
C
ONSOLATION TO
H
ELVIA
, 
 5.3

T
 here is a story of a Zen master who had a beautiful prized cup. The master would repeat to himself, “The glass is already broken.” He enjoyed the cup. He used it. He showed it off to visitors. But in his mind, it was already broken. And so one day, when it actually did break, he simply said, “Of course.”

This is how the Stoics think too. There is supposedly a true story about Epictetus and a lamp. He never locked his house, and so his expensive lamp was stolen. When Epictetus replaced it, he replaced it with a cheaper one so he could be less attached to it if it were stolen again.

Devastation—that feeling that we’re absolutely crushed and shocked by an event—is a factor of how unlikely we considered that event in the first place. No one is wrecked
 by the fact that it’s snowing in the winter, because we’ve accepted (and even anticipated) this turn of events. What about the occurrences that surprise us? We might not be so shocked if we took the time to consider their possibility.","November 22

Everybody Is Going Through Something

At five years old, the future NFL linebacker Ryan Shazier started losing his hair. It turned out to be a rare autoimmune disease called alopecia and, as you can imagine, not exactly an easy thing for a kid to go through. He was teased. He was looked at strangely. He felt different.

But one day, his parents helped him realize something. They said to him: everyone is going through something; the only difference is that what you’re going through is visible. Other kids had learning disabilities or were going to bed hungry at night or had parents who were getting divorced. All those struggles were hidden—perhaps intentionally, out of shame and fear—but that didn’t mean they weren’t real. It didn’t mean that anyone had it better or worse than Ryan. In fact, it meant they were actually all in the same boat.

Did Ryan suddenly stop getting teased? Did it suddenly not hurt to get teased? No, but it did help. It gave him perspective and patience and hope.

This is something we have to teach our kids. Life isn’t easy. No one is dealt a perfect hand. Some troubles are visible. Some aren’t. But we’re all struggling with something. When our kids understand this, they’ll feel better about those difficult moments. And they will be armed with the empathy they need to be kinder and more understanding of other kids too."
2025-11-23,"November 23



“In short, you must remember this—that if you hold anything dear outside of your own reasoned choice, you will have destroyed your capacity for choice.”

—
E
PICTETUS,
D
ISCOURSES
, 
 4.4.23

A
 ccording to Anthony de Mello, “there is one thing and only one thing that causes unhappiness. The name of that thing is Attachment.” Attachments to an image you have of a person, attachments to wealth and status, attachments to a certain place or time, attachments to a job or to a lifestyle. All of those things are dangerous for one reason: they are outside of our reasoned choice. How long we keep them is not in our control.

As Epictetus realized some two thousand years before de Mello, our attachments are what make it so hard to accept change. Once we have them, we don’t want to let go. We become slaves to maintaining the status quo. We are like the Red Queen in Alice in Wonderland
 —running faster and faster to stay in the same place.

But everything is in a constant state of change. We have certain things for a while and then lose them. The only permanent thing is prohairesis
 , our capacity for reasoned choice. The things we are attached to can come and go, our choice is resilient and adaptable. The sooner we become aware of this the better. The easier it will be to accept and adapt to what does happen.","November 23

What Are You Even Fighting About?

There is no family immune to conflict. The problem, then, is not that conflicts happen; it is how we handle them when they occur, how we let these disagreements and miscommunications take on a life of their own. As Bruce Springsteen sings in “Tucson Train”:

We fought hard over nothin’

We fought till nothin’ remained

But more hauntingly, he talks about how long he ended up carrying that nothin’—something we’re all guilty of. So much of the stuff we get upset about doesn’t even matter . . . and then because we get upset about it, we end up saying things that do matter and can never be unsaid. We fight over nothing and destroy everything we care about most.

You will want a crowded table when you’re old, we’ve said. Well, that’s going to require some delayed gratification now. Some restraint now. It means letting things go. It means admitting you were wrong. It means telling your kids, your spouse, your own parents, that you’re sorry. It means accepting apologies from them too. It means showing them how to patch things up with their siblings, with other people.

We can’t let arguments take on lives of their own and risk their taking the joy out of our lives. Life is too short, family is too precious, to destroy over nothing."
2025-11-24,"November 24



“Whenever you experience the pangs of losing something, don’t treat it like a part of yourself but as a breakable glass, so when it falls you will remember that and won’t be troubled. So too, whenever you kiss your child, sibling, or friend, don’t layer on top of the experience all the things you might wish, but hold them back and stop them, just as those who ride behind triumphant generals remind them they are mortal. In the same way, remind yourself that your precious one isn’t one of your possessions, but something given for now, not forever . . .”

—
E
PICTETUS,
D
ISCOURSES
, 
 3.24.84–86
a

A
 t a Roman triumph, the majority of the public would have their eyes glued to the victorious general at the front—one of the most coveted spots during Roman times. Only a few would notice the aide in the back, right behind the commander, whispering into his ear, “Remember, thou art mortal.” What a reminder to hear at the peak of glory and victory!

In our own lives, we can train to be that whisper. When there is something we prize—or someone that we love—we can whisper to ourselves that it is fragile, mortal, and not truly ours. No matter how strong or invincible something feels, it never is. We must remind ourselves that it can break, can die, can leave us.

Loss is one of our deepest fears. Ignorance and pretending don’t make things any better. They just mean the loss will be all the more jarring when it occurs.","November 24

Look for the Excuse

When he was a young teenager, Lewis Puller Jr. got himself an afternoon paper route. It was one of those things that his parents insisted on so he could learn responsibility and hard work and all that. And it was certainly good for that.

It was also good for something even better. One day, Lewis’s bike got a flat tire, so his dad (Chesty Puller, the most decorated marine in U.S. history) drove him on the route. The next day, it rained, so Chesty did it again. On the third day, Lewis’s dad got the car and drove him again anyway—even though he didn’t need to. It was just the excuse he was looking for to spend time with his son.

These are the excuses we have to look for as well. Yeah, you could have dinner delivered . . . but going to pick it up is something to do together. Yeah, you could put them in the carpool . . . but driving the carpool is a chance to see them with their friends. You could buy their clothes online . . . or take them shopping, just the two of you. You could run on the treadmill . . . or strap them in the bike trailer instead and go for a ride. You could tell them they have to go to bed . . . or you could stay up and watch TV together.

Look for the excuse. Find the opportunities."
2025-11-25,"November 25



“As for me, I would choose being sick over living in luxury, for being sick only harms the body, whereas luxury destroys both the body and the soul, causing weakness and incapacity in the body, and lack of control and cowardice in the soul. What’s more, luxury breeds injustice because it also breeds greediness.”

—
M
USONIUS
R
UFUS,
L
ECTURES
, 
 20.95.14–17

S
 tories about lottery winners tend to share one lesson: suddenly coming into a great deal of money is a curse, not a blessing. Just a few years after they get their big check, many lottery winners are actually in worse financial shape. They’ve lost friends, they’ve gotten divorced. Their whole lives have been turned into a nightmare as a result of their obscenely good fortune.

It’s like that Metallica lyric (fittingly from a song called “No Leaf Clover”): “Then it comes to be that the soothing light at the end of your tunnel / Is just a freight train coming your way.”

And yet the most common response from a cancer survivor, the person who went through the thing we all dread and fear? “It was the best thing that ever happened to me.”

Funny how that works out, isn’t it?","November 25

Don’t Let Them Sneer

The poorest way to face life is to face it with a sneer.

—Theodore Roosevelt

It is so easy to fall into the clutches of forces like contempt and wallflower nihilism and superiority. But this kind of cynicism, a wise man once said, is really a kind of cowardice. It voids creativity, collaboration, and connection. And we model it almost unthinkingly. Little comments under our breath; making fun of stuff that makes us uncomfortable; rationalizing our avoidance of things we’d rather not do or deep down know we don’t do well. These choices are passed on so easily to impressionable children who are always watching.

Our kids came into the world with fresh eyes, a full heart, and so much energy. Don’t deprive them of these forces. Lift them up. Let them be earnest. Let them care and try. Better yet, let them infect you with their sincerity and the clarity of their passion.

Whatever you do, don’t let your cynicism infect them."
2025-11-26,"November 26



“We are like many pellets of incense falling on the same altar. Some collapse sooner, others later, but it makes no difference.”

—
M
ARCUS
A
URELIUS,
M
EDITATIONS
, 
 4.15

W
 hat’s the difference between you and the richest person in the world? One has a little more money than the other. What’s the difference between you and the oldest person in the world? One has been around a little longer than the other. Same goes for the tallest, smartest, fastest, and on down the line.

Measuring ourselves against other people makes acceptance difficult, because we want what they
 have, or we want how things could
 have gone, not what we happen to have. But that makes no difference.

Some might see this line from Marcus as pessimistic, whereas others see it as optimistic. It’s really just truth
 . We’re all here and we’re all going to leave this earth eventually, so let’s not concern ourselves with petty differences in the meantime. We have too much to do.","November 26

Let Them Take You Down a Peg

A proud man is always looking down on things and people; and, of course, as long as you are looking down, you cannot see something that is above you.

—C. S. Lewis

In the midst of the Civil War, Abraham Lincoln went to visit the defenses that ringed Washington, DC. As he inspected the front lines, a Confederate sniper took a shot at him—and, thankfully, missed. A soldier nearby shouted at Lincoln, “Get down, you damn fool!”

It was a pretty remarkable moment in presidential history. As Gerald Ford observed, “Few people, with the possible exception of his wife, will ever tell the president he is a fool.” The office has the effect, he said, of increasing one’s sense of self-importance.

One of the great things about being a parent—if you do it right—is that it’s very humbling. No one knows how to cut you down to size quite like your kids. They don’t care how rich, how important, how respected you are. To them, you’re a goober. To them, you’re unfunny, old, and hopelessly uncool. You’re someone they can make fun of. In fact, you’re who they practice their sense of humor on. They’re not impressed with how much you paid for the hotel room—they want to know if there is a swimming pool. They don’t care how trendy a restaurant is—they hate that it doesn’t have chicken fingers. They don’t want you to drop them off in front of school, and they don’t think you’re clever. They suspect you don’t have any idea what you’re talking about.

“No man is a hero to his valet” goes the old expression. Plenty of parents are heroes to their kids, of course, but no one is exempt from their children’s uncanny ability to size them up and cut them down from time to time. And that’s a good thing."
2025-11-27,"November 27



“How satisfying it is to dismiss and block out any upsetting or foreign impression, and immediately to have peace in all things.”

—
M
ARCUS
A
URELIUS,
M
EDITATIONS
, 
 5.2

T
 he Stoics were mercifully spared the information overload endemic to today’s society. They had no social media, no newspapers, no television chatter to rile them up. But even back then, an undisciplined person would have found plenty to be distracted and upset by.

Part of the Stoic mindset then was a sort of a cultivated ignorance. Publilius Syrus’s epigram expresses it well: “Always shun that which makes you angry.” Meaning: turn your mind away from the things that provoke it. If you find that discussing politics at the dinner table leads to fighting, why do you keep bringing it up? If your sibling’s life choices bother you, why don’t you stop picking at them and making them your concern? The same goes for so many other sources of aggravation.

It’s not a sign of weakness to shut them out. Instead, it’s a sign of strong will. Try saying: “I know the reaction I typically take in these situations, and I’m not going to do it this time.” And then follow it with: “I’m also going to remove this stimulus from my life in the future as well.”

Because what follows is peace and serenity.","November 27

This Is a Family Motto

It was one of those nights. The boys would not go to sleep. They had that contagious energy that so often keeps brothers awake. The first time their father came in to tell them to go to bed, they didn’t listen. The second time either. More giggling. Fighting. Playing games. Messing around. Getting into mischief.

Finally, the third time, famed college football coach Jack Harbaugh was readying to yell—just like the father in the movie Step Brothers—“RUMPUS TIME IS OVER!” And yet he didn’t. Instead, he just looked at the boys, the future NFL coaches John and Jim Harbaugh, caught as they were in the middle of their fun, and said, “Who could possibly have it better than you two? You share, you laugh, you’re brothers, you tell each other stories, you share your dreams. Who could have it better than you two?”

The boys answered in unison: “Nobody, Dad, nobody.” It was this question that became the Harbaugh family motto, and one worth aspiring to in every family, rich or poor, big or small.

Who has it better than us?"
2025-11-28,"November 28



“If someone is slipping up, kindly correct them and point out what they missed. But if you can’t, blame yourself—or no one.”

—
M
ARCUS
A
URELIUS,
M
EDITATIONS
, 
 10.4

A
 good teacher knows that when a student is failing, the blame falls on the instructor, not the pupil. How much more generous and tolerant would we be if we could extend this understanding to other spheres in our life? To be able to see that if a friend is unreliable, maybe it’s because they don’t know what’s wrong or because we haven’t tried to help them fix their flaw. If an employee is underperforming, just talk to them or figure out if they’re lacking in support. If someone is being annoying, try talking to them about the problem with their behavior, or ask yourself: Why am I being so sensitive?

And if this doesn’t work, try letting it go. It might be an isolated incident anyway.","November 28

Family Doesn’t Hold You Back

It’s a pernicious belief that goes a long way back—back even to the Buddha himself, who had to leave his family to find enlightenment. The writer Cyril Connolly once said that the enemy of art is the “pram in the hall,” that kids hold artists down.

While there is no question that raising kids is hard, that it takes enormous amounts of time and energy—especially in a world where so much of the burden unfairly falls on women—real artists and entrepreneurs and leaders know the truth. Kids are not a burden or an impediment to success. They help us. They give us purpose and clarity and, most important, balance.

The great Lin-Manuel Miranda and his wife had their first child just two weeks before the first rehearsals of his smash play Hamilton. You might think that this was a disruption or a distraction, but in fact it was the opposite. Miranda told the filmmaker Judd Apatow in the book Sicker in the Head that Hamilton might not have succeeded without this life event, and Miranda himself might not have been able to withstand the success either. Having an infant at home wasn’t a distraction; it forced him to ignore distraction. “I had to say no to ninety percent of it,” Miranda says of all the offers and party invites that came his way, “because . . . I had to sleep eight hours and I knew I was gonna wake up twice and change diapers. My family really saved my ass, because I think that’s how you lose it.”

So actually maybe family does hold you back . . . from getting in trouble. From biting off more than you can chew. From thinking you’re bigger or more important than you are. It holds you down . . . to reality, to what actually matters. It makes you realize that you’re loved, that you’re enough. And as it happens, all of this can make you better at what you do."
2025-11-29,"November 29



“Don’t lament this and don’t get agitated.”

—
M
ARCUS
A
URELIUS,
M
EDITATIONS
, 
 7.43

T
 here’s that feeling we get when something happens: It’s all over
now. All is lost.
 What follows are complaints and pity and misery—the impotent struggle against something that’s already occurred.

Why bother? We have no idea what the future holds. We have no idea what’s coming up around the bend. It could be more problems, or this could be the darkness before the dawn.

If we’re Stoic, there is one thing we can be sure of: whatever happens, we’re going to be OK.","November 29

It’s an Honor to Do This

They say that the reason people have long shaken hands with their right hands was to signal that they came in peace and were not dangerous. They say that when dogs roll over and show you their belly, it’s an indication of trust and deliberate vulnerability. Funnily enough, it’s the same thing when they look at you while they go to the bathroom—they are exposed but are looking at you because they know you’ll protect them.

These might not feel like particularly meaningful gestures of respect and love, but they are. It’s an honor to get them, even though we regularly overlook their significance. The same is true of so many things that our kids do. Think about how vulnerable and small they are . . . even as they get older. Think about how helpless they are on their own.

The way they’ll let you pick them up and throw them, the way they like to crawl into your bed, the way they call for you at night, the way they feel safe enough to cry around you. These things are an honor. They are incredible gestures of vulnerability and trust and love.

And you earned them . . . though you can never fail to keep earning them. This is something you cannot let down and cannot take for granted. They are a little fellow following you. They are looking at you with wide eyes and an open heart.

Live up to the honor they bestow on you with their trust and love."
2025-11-30,"November 30



“The person who follows reason in all things will have both leisure and a readiness to act—they are at once both cheerful and self-composed.”

—
M
ARCUS
A
URELIUS,
M
EDITATIONS
, 
 10.12
b

T
 he guiding reason of the world—the Stoics called this the logos
 —works in mysterious ways. Sometimes, the logos
 gives us what we want, other times it gives us precisely what we do not want. In either case, they believed that the logos
 was an all-powerful force that governed the universe.

There is a helpful analogy to explain the logos
 : We are like a dog leashed to a moving cart. The direction of the cart will determine where we go. Depending on the length of the leash, we also have a fair amount of room to explore and determine the pace, but ultimately what each of us must choose is whether we will go willingly or be painfully dragged. Which will it be?

Cheerful acceptance? Or ignorant refusal? In the end, they amount to the same.

","November 30

You Got What You’ll Want

There have been some iconic father-son moments in sports history. Tiger Woods hugging his son Charlie after winning the Masters. Drew Brees lifting up his son Baylen after winning the Super Bowl. Michael Phelps running to kiss his son Boomer after making Olympic history. Tom Brady screaming his son’s name as he ran off the field after clinching his tenth trip to the Super Bowl. There are mother-daughter moments, too. Serena Williams’s daughter, Olympia, taking pictures of her mom from the stands at the US Open. Paula Radcliffe training for the New York City Marathon (which she won in 2007) while pregnant.

Why do these moments give us the chills? Because we know the feeling. It doesn’t matter what happened at work. It doesn’t matter what we’ve just done or been through. The first thing on our minds is our kids. We want to hold them. We want to tell them we love them. We want to share with them.

And here’s the other thing about those moments. Yeah, sometimes we wish we had gone pro. Yeah, it’d be nice to make millions. To be famous. To reach the pinnacle. But the real prize? These athletes all reach for one thing . . . and it’s not the trophy. They want what you already have.

Sure, pursue your dreams. Strive to be one of the best at what you do. Aspire to be great and successful and all that. But don’t ever forget that when or if you get there, you’re only gonna want what you already have. You can say hi to your son or daughter right now. You can tell them that you love them right now.

It’ll feel just as good as a trip to the Super Bowl—to you and to them."
2025-12-01,"December 1



“Let us prepare our minds as if we’d come to the very end of life. Let us postpone nothing. Let us balance life’s books each day. . . . The one who puts the finishing touches on their life each day is never short of time.”

—
S
ENECA,
M
ORAL
L
ETTERS
, 
 101.7
b
–8
a

“L
 ive each day as if it were your last” is a cliché. Plenty say it, few actually do it. How reasonable would that be anyway? Surely Seneca isn’t saying to forsake laws and considerations—to find some orgy to join because the world is ending.

A better analogy would be a soldier about to leave on deployment. Not knowing whether they’ll return or not, what do they do?

They get their affairs in order. They handle their business. They tell their children or their family that they love them. They don’t have time for quarreling or petty matters. And then in the morning they are ready to go—hoping to come back in one piece but prepared for the possibility that they might not.

Let us live today that same way.","December 1

Cherish the Garbage Time

We save and plan for elaborate vacations. We anticipate for months and months. And when it inevitably isn’t as special or elaborate or photo-worthy as we’d hoped, we feel awful, like we’re not enough, like we haven’t done enough.

Yet the comedian Jerry Seinfeld, who has three kids, questions the “quality time” that so many of us chase.

I’m a believer in the ordinary and the mundane. These guys that talk about “quality time”—I always find that a little sad when they say, “We have quality time.” I don’t want quality time. I want the garbage time. That’s what I like. You just see them in their room reading a comic book and you get to kind of watch that for a minute, or [having] a bowl of Cheerios at 11 o’clock at night when they’re not even supposed to be up. The garbage, that’s what I love.

Special days? Nah. Every day, every minute, can be special. All time with your kids—all time with anyone you love—is created equal. Eating cereal together can be wonderful. Blowing off school for a fun day together can be wonderful—but so can the twenty-minute drive in traffic to school. So can taking out the garbage or waiting in the McDonald’s drive-through.

Cherish the “garbage time.” It’s the best kind of time there is."
2025-12-02,"December 2



“Let each thing you would do, say or intend be like that of a dying person.”

—
M
ARCUS
A
URELIUS,
M
EDITATIONS
, 
 2.11.1

H
 ave you ever heard some ask: “What would you do if you found out tomorrow that you had cancer?” The question is designed to make you consider how different life might be if you were suddenly given just a few months or weeks to live. There’s nothing like a terminal illness to wake people up.

But here’s the thing: you already have a terminal diagnosis. We all do! As the writer Edmund Wilson put it, “Death is one prophecy that never fails.” Every person is born with a death sentence. Each second that passes by is one you’ll never get back.

Once you realize this, it will have a profound impact on what you do, say, and think. Don’t let another day tick away in ignorance of the reality that you’re a dying person. We all are. Can today be the day we stop pretending otherwise?","December 2

You Are Constantly Losing Them

I saw the faces of those little boys who aren’t here anymore, the ones who lived with me in the dreamtime of early childhood.

—Caitlin Flanagan

Every parent’s deepest fear is losing their child. And the terrible, beautiful tragedy of parenthood is that, indeed, we are constantly losing our children. Day by day by day.

Not literally, of course, but in the sense that they are growing, changing, becoming something new, something more independent. On a daily if not an hourly basis. Professor Scott Galloway has talked about the profound grief he felt looking at an old picture of his eleven-year-old. Yes, it was true that his eleven-year-old was now a great fourteen-year-old, but the eleven-year-old was no more.

Such is our fate. Such is the life we signed up for. We want them to grow. We can’t wait for them to start walking, to start school, to experience all the wonderful things that life has in store for them. Yet this also means that they’ll never again be what they are right now—that what they are right now is ephemeral and fleeting for us at best.

Blink, get distracted, take it for granted? It’s gone. You’ve missed it."
2025-12-03,"December 3



“Philosophy does not claim to get a person any external possession. To do so would be beyond its field. As wood is to the carpenter, bronze to the sculptor, so our own lives are the proper material in the art of living.”

—
E
PICTETUS,
D
ISCOURSES
, 
 1.15.2

P
 hilosophy is not some idle pursuit appropriate only for academics or the rich. Instead, it is one of the most essential activities that a human being can engage in. Its purpose, as Henry David Thoreau said a few thousand years after Epictetus, is to help us “solve the problems of life, not only theoretically but practically.” This aligns nicely with Cicero’s famous line: “To philosophize is to learn how to die
 .”

You’re not reading these quotes and doing these thought exercises for fun. Though they may be enjoyable and help you lighten up, their aim is to help you sculpt and improve your life. And because all of us have but one life and one death, we should treat each experience like a sculptor with his chisels, carving until, to paraphrase Michelangelo, we set free the angel in the marble.

We are trying to do this difficult thing—living and dying—as well as we can. And to do that, we must remember what we’ve learned and the wise words we’ve been given.","December 3

Think the Unthinkable

It’s fitting that one of the most important things you can do as a parent would require you to think about a thing that’s very nearly impossible for a parent to even consider. It comes to us from Marcus Aurelius by way of Epictetus:

As you kiss your son good night, says Epictetus, whisper to yourself, “He may be dead in the morning.” Don’t tempt fate, you say. By talking about a natural event? Is fate tempted when we speak of grain being reaped?

Of course, this is not an easy thing to do. It goes against all our impulses. But we must do it. Because life is fleeting and the world is cruel. Marcus lost eight children. Eight! Seneca, we gather, lost one early too. It should never happen, but it does. It heartbreakingly, world-wreckingly, nobody-deserves-it does. And it’s not that we hope Marcus Aurelius’s and Seneca’s philosophical training prepared them for the pain of losing a child (nothing can prepare you for that). What we hope is that this exercise meant they didn’t waste a single second of the time they did get with their beautiful children.

A parent who faces the fact that they can lose a child at any moment is a parent who is present. They don’t rush through bedtime. They see it as the gift that it is. They don’t hold on to stupid things. A great parent looks at the cruel world and says, “I know what you can do to my family in the future, but for the moment you’ve spared me. I will not take that for granted.”"
2025-12-04,"December 4



“Anything that can be prevented, taken away, or coerced is not a person’s own—but those things that can’t be blocked are their own.”

—
E
PICTETUS,
D
ISCOURSES
, 
 3.24.3

T
 he conservationist Daniel O’Brien has said that he doesn’t “own” his several-thousand-acre buffalo ranch in South Dakota, he just lives there while the bank lets him make mortgage payments on it. It’s a joke about the economic realities of ranching, but it also hints at the idea that land doesn’t belong to one individual, that it will far outlast us and our descendants. Marcus Aurelius used to say that we don’t own anything and that even our lives are held in trust.

We may claw and fight and work to own things, but those things can be taken away in a second. The same goes for other things we like to think are “ours” but are equally precarious: our status, our physical health or strength, our relationships. How can these really be ours if something other than us—fate, bad luck, death, and so on—can dispossess us of them without notice?

So what do we own? Just our lives—and not for long.","December 4

Don’t Let Them Do This

They say it all the time. When will this be over? Are we there yet? Why is this taking so long? Do we have to? It’s whiny. It’s annoying. You ask them to stop. But in getting upset, you miss the real opportunity to teach them and to explain to them what they’re really saying.

In his book Travels with Epicurus, the writer Daniel Klein recalls a formative moment:

I remember one long-ago evening, on an overcrowded train to Philadelphia, hearing a young woman moan to her mother, “God I wish we were there already!” Her white-haired mother replied eloquently, “Darling, never wish away a minute of your life.”

They’re kids, so they don’t understand how short a time we actually have on this planet. Even you, as an adult, sometimes forget it. That you get only eighteen summers at home with your kid. That you drop them off at school only a little more than a thousand mornings. That you’ll get only so many breakfasts together, so many trips to the store, so many waits in the waiting room at the doctor’s office.

To wish that away? To waste those moments, those minutes? To want it to be over soon? What a tragedy. We can’t take any time with our kids for granted. And we have to teach them now, before they regret it, not to waste a minute of this life that we have."
2025-12-05,"December 5



“Keep death and exile before your eyes each day, along with everything that seems terrible—by doing so, you’ll never have a base thought nor will you have excessive desire.”

—
E
PICTETUS,
E
NCHIRIDION
, 
 21

P
 olitical winds could change in an instant, depriving you of the most basic freedoms you take for granted. Or, no matter who you are or how safely you’ve lived your life, there’s someone out there who would rob and kill you for a couple dollars.

As it’s written in the timeless Epic of Gilgamesh
 :

“Man is snapped off like a reed in the canebrake!

The comely young man, the pretty young woman—

All too soon in their prime Death abducts them!”

Death is not the only unexpected interruption we might face—our plans can be dashed to pieces by a million things. Today might be a bit more pleasant if you ignore those possibilities, but at what cost?","December 5

Tempus Fugit

This is our big mistake: to think we look forward toward death. Most of death is already gone. Whatever time has passed is owned by death.

—Seneca

Every time you pick them up to trim their nails. Every time you take them to get a haircut. Every time you take a load of outgrown clothes to Goodwill or to a friend’s house. Every time you have to buy them a new pair of socks or shoes, be sure to acknowledge the moment.

Notice what has led up to this. Whether it’s a few weeks between nail trimmings or six months for a new pair of bigger shoes—what has happened is a piece of their childhood has elapsed. That time has passed, and it’s gone forever.

Now ask yourself: Did you spend it well? Did you live it? Were you who and what they needed you to be?

The Stoics remind us that death isn’t just some inevitable event in the future. It is happening right now. Every time they wear out a coat, every time they outgrow a pair of shoes or a pair of pants. Those moments mark movement. They are the score marks of the homemade growth chart on the kitchen doorframe. They tick off opportunities for time together that never come back."
2025-12-06,"December 6



“Don’t behave as if you are destined to live forever. What’s fated hangs over you. As long as you live and while you can, become good now.”

—
M
ARCUS
A
URELIUS,
M
EDITATIONS
, 
 4.17

T
 here is an ancient story of a courtier who had made light of the responsibilities of his king. To prove he was mistaken, the king arranged to switch places with the courtier so he could experience what it was like to be a king. The king made one other adjustment: he hung a sword by a hair over the throne to illustrate the peril and burden of kingship as well as the constant fear of assassination. We call that dangling reminder of death and difficulty the Sword of Damocles.

The reality is that a similar sword hangs over all of us—life can be taken from us at any moment. And that threat can send us in one of two directions: we can fear and dread it, or we can use it to motivate us. To do good, to be good. Because the sword is dangling, and there’s nothing else to be concerned with. Would you rather it catch you in the middle of some shameful, selfish act? Would you rather it catch you waiting
 to be good in the future?","December 6

What Would You Do Less Of?

The height of cultivation always runs to simplicity.

—Bruce Lee

We spend so much time on stuff that doesn’t matter. Maybe it’s doomscrolling on our phone or answering emails. Maybe it’s arguing with your spouse, with your kids, with strangers on the internet.

You hate these things but you let them fill up so much of your life. Marcus Aurelius, frustrated with some obnoxious thing that was consuming his days, once asked himself, “You’re afraid of death because you won’t be able to do this anymore?”

That’s the thing about tempus fugit (time flies). It’s so clarifying. If you had unlimited time, maybe you wouldn’t mind spending two hours a day in traffic. Maybe you wouldn’t need to steer clear of the cesspool of Twitter or the bottomlessness of your inbox. If suddenly death were real to you—if you were given a few months or years to live—what would you immediately spend less time doing? What is the “this” that Marcus Aurelius referred to that you would cut out?"
2025-12-07,"December 7



“Think of the life you have lived until now as over and, as a dead man, see what’s left as a bonus and live it according to Nature. Love the hand that fate deals you and play it as your own, for what could be more fitting?”

—
M
ARCUS
A
URELIUS,
M
EDITATIONS
, 
 7.56–57

W
 e have an irrational fear of acknowledging our own mortality. We avoid thinking about it because we think it will be depressing. In fact, reflecting on mortality often has the opposite effect—invigorating us more than saddening us. Why? Because it gives us clarity.

If you were suddenly told you had but a week to live, what changes would you make? If you died but were resuscitated, how different would your perspective be?

When, as Shakespeare’s Prospero puts it, “every third thought shall be my grave,” there’s no risk of getting caught up in petty matters or distractions. Instead of denying our fear of death, let’s let it make us the best people we can be.

Today.","December 7

You Can Find the Time

I didn’t see why it had to be either/or. . . . If you have a job in the daytime, you write at night. It’s all a question of how much you want to do it.

—Margaret Atwood

We think we’re too busy. We think it’s impossible. We’re parents now. There’s no way we can start that company. There’s no way we can finish that project. We have to be realistic. We’ve got to put it aside for now.

There just isn’t enough time.

As a young, struggling novelist, the writer Susan Straight would walk her daughter in the heat of Riverside, California, until she fell asleep. For naps. At night. It was the only way she could get her down. And the second her daughter drifted off, Straight would stop wherever they were, sit on the curb next to the stroller, and write in her notebook. She finished an entire novel that way. Even as passersby would offer her money, thinking she was homeless, she kept at it. Little did they, or she, know that the novel would go on to win major literary prizes and launch a wonderful career.

We talked in November about how parents have to look for the double opportunities—the ways to spend time with your kid and do what you need to do. Part of that is also looking for the moments inside the moments, when we can find the time, squeeze it like an orange for all it’s worth, and get our work in too.

We can do this. We have to do this. It’s not impossible. It’s been done by people who had it harder than us. Toni Morrison did it. Susan Straight did it. You can do it. Whether it’s writing or going back to law school or training for a marathon, you can find the time.

You don’t have to give up. You don’t have to be realistic. Just be creative."
2025-12-08,"December 8



“It’s better to conquer grief than to deceive it.”

—
S
ENECA,
O
N
C
ONSOLATION TO
H
ELVIA
, 
 17.1
b

W
 e’ve all lost people we were close to—a friend, a colleague, a parent, a grandparent. While we were suffering from our grief, some well-meaning person did their best to take our mind off it or make us think about something else for a couple hours. However kind, these gestures are misguided.

The Stoics are stereotyped as suppressing their emotions, but their philosophy was actually intended to teach us to face, process, and deal with emotions immediately
 instead of running from them. Tempting as it is to deceive yourself or hide from a powerful emotion like grief—by telling yourself and other people that you’re fine—awareness and understanding are better. Distraction might be pleasant in the short term—by going to gladiatorial games, as a Roman might have done, for example. Focusing is better in the long term.

That means facing it now. Process and parse what you are feeling. Remove your expectations, your entitlements, your sense of having been wronged. Find the positive in the situation, but also sit with your pain and accept it, remembering that it is a part of life. That’s how one conquers grief.","December 8

It’s the Thousandth Time That Counts

I would have given anything to keep her little.

—Jodi Picoult

C’mon, Dad, again! One more time! Can we keep going a little longer? Let’s start over! I don’t want to stop!

You’ve heard all these things more times than you can count. The request for one more book before bed. One more time riding on your back. To watch that funny video one more time. To sing that song once more from the beginning. To hear the story over again. To jump in the pool one more time . . . and then one more time after that . . . and one more time after that.

No matter how patient and indulgent you are, there will come a point when you’ll want to say no. When you’ll feel like you have to say no. Because you’ve got to go. Because this can’t possibly be interesting to anyone. Because it feels irresponsible.

Maybe that’s all true. But you know what? Say yes. Even if it’s the thousandth time. In fact, say yes because it’s the thousandth time. Because that’s the time that counts.

You never know when you’ll get another time. None of us know how long we’ve got. None of us know how many more times we have. So say yes. Make this thousandth one count like it was the first."
2025-12-09,"December 9



“Were all the geniuses of history to focus on this single theme, they could never fully express their bafflement at the darkness of the human mind. No person would give up even an inch of their estate, and the slightest dispute with a neighbor can mean hell to pay; yet we easily let others encroach on our lives—worse, we often pave the way for those who will take it over. No person hands out their money to passersby, but to how many do each of us hand out our lives! We’re tight-fisted with property and money, yet think too little of wasting time, the one thing about which we should all be the toughest misers.”

—
S
ENECA,
O
N THE
B
REVITY OF
L
IFE
, 
 3.1–2

T
 oday there will be endless interruptions: phone calls, emails, visitors, unexpected events. Booker T. Washington observed that “the number of people who stand ready to consume one’s time, to no purpose, is almost countless.”

A philosopher, on the other hand, knows that their default state should be one of reflection and inner awareness. This is why they so diligently protect their personal space and thoughts from the intrusions of the world. They know that a few minutes of contemplation are worth more than any meeting or report. They also know how little time we’re actually given in life—and how quickly our stores can be depleted.

Seneca reminds us that while we might be good at protecting our physical property, we are far too lax at enforcing our mental boundaries. Property can be regained; there is quite a bit of it out there—some of it still untouched by man. But time? Time is our most irreplaceable asset—we cannot buy more of it. We can only strive to waste as little as possible.","December 9

What Will You Regret?

To have a child is the greatest honor and responsibility that can be bestowed upon any living being.

—Christopher Paolini

On their deathbeds, parents think about a lot of things. They think about the world they’re leaving to their sons and daughters. They think about how they parented. They think about the mistakes they made. They think about what they did right. They are warmed by the thoughts of their children, and if they are lucky, they find themselves surrounded by them.

The question for you to think about today, on a day hopefully quite far from that moment, is: What decisions are you making now, and how will you think about them then? Think about what most parents regret as they come to the end of life: They wish they’d expressed their love for their kids more. They regret not spending more time with their kids. They regret not telling them often enough how proud of them they were. They regret taking things too seriously. They regret letting petty differences or petty problems loom larger than the love that they felt in their hearts. They regret not being present, spending all that energy trying to organize perfect “quality” time when there was so much ordinary, wonderful garbage time to be had. They regret spoiling their kids, not teaching them the right lessons, not having the conversations that needed to be had.

Well, you’re lucky. Because you’re not on your deathbed right now. It’s not too late. Nor is it ever too early. Today you can adjust and change to make sure you don’t have those regrets—or at least you can seek to minimize them."
2025-12-10,"December 10



“I say, let no one rob me of a single day who isn’t going to make a full return on the loss.”

—
S
ENECA,
O
N
T
RANQUILITY OF
M
IND
, 
 1.11
b

P
 eople spend a lot more money when they use credit cards than when they have to pull out actual cash. If you ever wondered why credit card companies and banks push cards so aggressively, this is why. The more credit cards you have, the more you’ll spend.

Do we treat the days of our lives like we treat our money? Because we don’t exactly know how many days we’ll be alive, and because we try our hardest not
 to think about the fact that someday we’ll die, we’re pretty liberal with how freely we spend our time. We let people and obligations impose on that time, only rarely asking: What am I getting in return here?

Seneca’s maxim is the equivalent of cutting up your credit cards and switching to cash. He says to put real thought into every transaction: Am I getting my money’s worth here? Is this a fair trade?","December 10

Why Are You Rushing?

The trees are coming into leaf. . . . Their greenness is a kind of grief.

—Philip Larkin

We’re always in a rush. We have to get them ready for school. We have to get them off to bed. We have to get to the airport. We have to get back inside. We have to finish up dinner.

We are, as parents, it seems, perpetually short of time and always eager to get to the next thing. But it’s worth stopping and thinking today about what we are actually rushing to and what we are rushing away from. You’re wrapping up bedtime quickly—why? So you can sit and watch Netflix after they’re asleep? You cannot stand for them to be late to school—why? Fear of other parents judging you? You want to be to the airport how early? And for what reason? Because it recommends doing so on your ticket?

When we rush, we should know that we are hurrying through life. We are zipping through their childhood—the exact thing that we will stop and miss at some point not long from now. How much of this will seem important then? How much would we give to get back a few of the minutes that right now we seem to want to be over as quickly as possible?

So slow down. Savor it."
2025-12-11,"December 11



“As Cicero says, we hate gladiators if they are quick to save their lives by any means; we favor them if they show contempt for their lives.”

—
S
ENECA,
O
N
T
RANQUILITY OF
M
IND
, 
 11.4
b

L
 yndon Johnson’s college classmates used to tell an embarrassing story about him. Johnson apparently had a big mouth and felt he had to constantly dominate and intimidate others. Yet his biographer, Robert Caro, makes it clear that when someone stood up to young Lyndon, he proved himself to be a complete coward. In one instance, during an argument over a poker game, instead of fighting, Johnson threw himself on a bed and “began kicking his feet in the air with a frantic, windmilling motion . . . like a girl.” He shouted, “If you hit me, I’ll kick you! If you hit me, I’ll kick you!”

Later in his life, Johnson also worked extremely hard to avoid serving in World War II and lived it up in California while other soldiers fought and died abroad. He later claimed to be a war hero. It was one of his most shameful lies.

We do not need to disregard our physical safety or engage in wanton acts of violence to be brave. But nobody respects a coward. Nobody likes a shirker of duty. Nobody admires a person who puts too high a price on their own comfort and needs.

That’s the irony of cowardice. It’s aimed at self-protection, but it creates shameful secrets. Self-preservation is hardly worth it because of everything it costs in return.

Be brave. Be dignified.","December 11

The Present Is Pleasurable Enough

This is the real secret of life—to be completely engaged with what you are doing in the here and now.

—Alan Watts

After a long and arduous hunt in 1888, Theodore Roosevelt finally got the bull caribou he had been tracking. “It was one of those moments,” he later wrote, “that repay the hunter for days of toil and hardship; that is if he needs repayment, and does not find life in the wilderness pleasure enough in itself.”

A hunter who enjoys only bagging their quarry is likely to be a disappointed hunter, nine times out of ten. More important, they are a blind and deaf hunter who needlessly misses out on the majesty of life outdoors. And the parent who thinks this is an occupation you “win,” who believes parenting is measured mostly by those special, big moments, is missing a lot of majestic life as well.

It’s not about the future, about getting through the terrible twos or terrible teens to some idyllic end result. The next milestone is not there to assure us the days of toil and hardship were worth it. We can’t forget to notice and appreciate the little pleasures of the experience, the right here and now.

Find pleasure enough in what’s present today."
2025-12-12,"December 12



“Walk the long gallery of the past, of empires and kingdoms succeeding each other without number. And you can also see the future, for surely it will be exactly the same, unable to deviate from the present rhythm. It’s all one whether we’ve experienced forty years or an aeon. What more is there to see?”

—
M
ARCUS
A
URELIUS,
M
EDITATIONS
, 
 7.49

A
 ll things die. Not just people but companies, kingdoms, religions, and ideas—eventually. The Roman Republic lasted 450 years. The Roman Empire, of which Marcus Aurelius was considered to be one of the “five good emperors,” lasted 500 years. The longest recorded life of a human being is 122 years. The average life expectancy in the United States is a little over seventy-eight years. In other countries, in other eras, it has been more and it has been less. But in the end, we all succumb, as Marcus said, to the rhythm of events—of which there is always a final, determined beat. There is no need to dwell on this fact, but there is no point in ignoring it either.","December 12

You Have the Time

You see how much time you have only when you stop thinking you have none.

—Gustie Herrigel

Every parent feels short on time. You have work, your marriage, your relationship. You have your kids and basketball practice and lunches to pack and baths to give. You have all those important conversations to have, rules to set down, homework to check, and curfews to enforce. Plus, you have your own health and your own interests to service.

Who has the time? you have probably said to yourself. How can I get it all in?

You have to stop with this idea that you are rushed, that it all needs to be squeezed in—because it’s the urgency and franticness that are actually speeding things up. That was Gustie Herrigel’s powerful insight.

You see, it’s your desire to “squeeze it all in” that’s filling your to-do list and making you miss opportunities. You won’t need to schedule as much quality time with your kids if you realize that it’s all quality time. You won’t need to go to the gym as much if you realize that running around the yard is exercise. You won’t need to do a whole lot of things when you realize they don’t really matter. And when you drop them, you’ll have more space and more freedom."
2025-12-13,"December 13



“You aren’t bothered, are you, because you weigh a certain amount and not twice as much? So why get worked up that you’ve been given a certain lifespan and not more? Just as you are satisfied with your normal weight, so you should be with the time you’ve been given.”

—
M
ARCUS
A
URELIUS,
M
EDITATIONS
, 
 6.49

T
 hey say age is just a number, but to some people it’s a very important one—otherwise, women wouldn’t lie about being younger, and ambitious young men wouldn’t lie about being older. Rich people and health nuts spend billions of dollars in an effort to move the expiration date from around seventy-eight years to hopefully forever
 .

The number of years we manage to eke out doesn’t matter, only what those years are composed of. Seneca put it best when he said, “Life is long if you know how to use it.” Sadly, most people don’t—they waste the life they’ve been given. Only when it is too late do they try to compensate for that waste by vainly hoping to put more time on the clock.

Use today. Use every day. Make yourself satisfied with what you have been given.","December 13

Love the Little Moments

Enjoy the little things, for one day you may look back and realize they were the big things.

—Robert Brault

The morning rush before you get them ready for school. The time you spent waiting at a traffic light. When you were both hungry, so you stopped for fast food. When they messed up, but instead of getting mad you sat down as a family and talked. That weekend afternoon where you watched a movie on the couch.

These seem like little, inconsequential, ultimately forgettable moments. The background noise of life. Quintessential garbage time. But that’s misleading. Just as one man’s trash (or garbage time, in this case) is another man’s treasure, so can these little moments—if you decide to see them properly and soak them in—become the big moments, the important time.

Don’t take it for granted. Don’t let your mind or your attention drift. Don’t get too anxious (or ambitious) about the future at the expense of the present. Just be here now. Be with them.

Treat the little things as big things. Because in truth, that’s what they are."
2025-12-14,"December 14



“Soon you will die, and still you aren’t sincere, undisturbed, or free from suspicion that external things can harm you, nor are you gracious to all, knowing that wisdom and acting justly are one and the same.”

—
M
ARCUS
A
URELIUS,
M
EDITATIONS
, 
 4.37

F
 rom what we understand, Marcus wrote many of his meditations later in life, when he was suffering from serious illnesses. So when he says, “Soon you will die,” he was speaking frankly to himself about his own mortality. How scary that must have been. He was staring at the real possibility of death and not liking what he saw in these last minutes.

Sure, he’d accomplished many things in his life, but his emotions were still the cause of discomfort, pain, and frustration. He knew that with his limited time left, better choices would provide relief.

Hopefully, you have a lot more time left—but that makes it even more important to make headway while you still can. We are unfinished products up until the end, as Marcus knew very well. But the earlier we learn it, the more we can enjoy the fruits of the labor on our character—and the sooner we can be free (or freer
 ) of insincerity, anxiety, ungraciousness, and un-Stoic-ness.","December 14

Is It Really Time to Go?

Whatever [my son is] doing right now, that’s the most important thing. So I encourage him to keep doing it as long as possible. I never say, “Come on! Let’s go!” . . . Of course my adult mind wanders to all the other things we could be doing. But I let it go, and return to that present focus.

—Derek Sivers

Even the most patient of us gets bored. Or has somewhere to be. Or really doesn’t see what makes this flower—the four hundredth one drawn in a row—so special. So we want to prod our kids along.

Dinner’s almost ready. We’re going to be late. The game’s about to start. It’s really hot out here.

We have to work to override these instincts. Because the truth is, most of the stuff we’re rushing to is not that urgent. There is a certain amount of Zen in that, which is valuable to us for its own sake. But with regard to our kids, it’s also teaching them a valuable skill. Shouldn’t we want them to develop the ability to focus and pursue their curiosity? Isn’t it worth it for them to get a little dirty or for you to show up to the birthday party a bit late because they were really, intensely alive for a few minutes?

Encourage your kids. Resist the urge to hurry. It’s not really time to go. You’re exactly where you—and they—need to be."
2025-12-15,"December 15



“This is the mark of perfection of character—to spend each day as if it were your last, without frenzy, laziness, or any pretending.”

—
M
ARCUS
A
URELIUS,
M
EDITATIONS
, 
 7.69

T
 he Stoics didn’t think that anyone could be perfect. The idea of becoming a sage—the highest aspiration of a philosopher—wasn’t realistic. This was just their Platonic ideal.

Still, they started every day hoping to get a little closer to that mark. There was much to gain in the trying. Can you actually live today like it is your last day? Is it even possible to embody completeness or perfection in our ethos
 (character), effortlessly doing the right thing for a full twenty-four hours? Is it possible for more than a minute?

Maybe not. But if trying was enough for the Stoics, it should be enough for us too.","December 15

Every Moment Is the Same

Always hold fast to the present. Every situation, indeed every moment, is of infinite value, for it is the representative of a whole eternity.

—Goethe

With bills to pay or traffic to wait through, a colicky baby or a resentful teenager, it can be hard to feel that the moment right in front of you is a gift. But indeed, these are wonderful moments. We must, as Goethe put it, hold fast to them.

That’s what parenting is. It’s right now. It’s whatever you’re doing in this moment. Always.

Driving them to school. Folding laundry. Getting some quiet time before they wake up. Putting them back to bed when they wake up in the middle of the night. Sending them to their room. Taking away their phone because their grades have slipped. This is all it. This is all part of the job. And every one of these moments is wonderful. Every one of these moments is a gift.

All of it is right now. It’s being presented to you at this very moment."
2025-12-16,"December 16



“I tell you, you only have to learn to live like the healthy person does . . . living with complete confidence. What confidence? The only one worth holding, in what is trustworthy, unhindered, and can’t be taken away—your own reasoned choice.”

—
E
PICTETUS,
D
ISCOURSES
, 
 3.26.23
b
–24

A
 s the Stoics say repeatedly, it’s dangerous to have faith in what you do not control. But your own reasoned choice? Well, for now that is
 in your control. Therefore it is one of the few things you can have confidence in. It’s the one area of health that can’t suddenly be given a terminal diagnosis (except for the one we all get the day we’re born). It’s the only one that remains pristine and never wears down—it’s only the user who quits it; never will it quit the user.

In this passage, Epictetus points out that slaves and workers and philosophers alike can live this way. Socrates, Diogenes, and Cleanthes lived this way—even while they had families and while they were struggling students.

And so can you.","December 16

You Must Amend Your Life

This great Robert Southwell poem is a haunting reminder to all parents:

My ancestors are turned to clay,

And many of my mates are gone;

My youngers daily drop away,

And can I think to ’scape alone?

No, no, I know that I must die,

And yet my life amend not I.

Do you parent according to the unpleasant fact that we will not be here forever, or are you more like Southwell? Are you in denial, struggling to accept the only fact that matters and to amend your life accordingly?

When you wake up each morning, when you walk through the front door each night, forget what you were bothered about at work. Forget what is happening in the news. Forget what you and your spouse are fighting about. Be with your kids. Be with your family.

Life is short. Your family is what matters. Your kids are what matters. So forget all the things you’d like to do “someday.” Do them with your kids now."
2025-12-17,"December 17



“Death lies heavy upon one

who, known exceedingly well by all,

dies unknown to himself.”

—
S
ENECA,
T
HYESTES
, 
 400

S
 ome of the most powerful and important people in the world seem to have almost no self-awareness. Although total strangers know endless amounts of trivia about them, celebrities—because they are too busy or because it hurts too much—appear to know very little about themselves.

We can be guilty of the same sin. We ignore Socrates’s dictum to “know thyself”—often realizing we have done so at our peril, years later, when we wake up one day and realize how rarely we have asked ourselves questions like: Who am I? What’s important to me? What do I like? What do I
need?

Now—right now—you have the time to explore yourself, to understand your own mind and body. Don’t wait. Know yourself. Before it’s impossibly late.","December 17

This Could Be the Moment

The simple things are also the most extraordinary things.

—Paulo Coelho

You’re busy. It’s just a trip to the store. Your kids have been a pain all day. You’re trying to get ready to give them a special surprise. And because of what you’re trying to do, get through, or plan, you’re not thinking about right now. You’re thinking about later. Is that so bad? In theory, of course not. The problem is that, in reality, this moment may be the moment.

Think of your own childhood. Think of what stands out. Is it the big moments? The big conversations? Or is it ordinary experiences, ordinary interactions—ones your own parents don’t even recall—that have somehow wormed into your memory?

Like when your dad skipped work and took you to a random midweek baseball game. When Mom made breakfast for dinner—your favorite—for no reason in particular. Or conversely, when they spoke to you sharply, when you saw them do something bad, when you were made to feel a certain way you’d never felt before.

Every moment is a chance to parent. Indeed, you are shaping them in every moment, whether you intend to or not. Every moment could be the moment. So you can’t rush through them, you can’t assume they don’t matter, you can’t lower your standards for yourself. Because this could be the last, best moment you get."
2025-12-18,"December 18



“Both Alexander the Great and his mule-keeper were both brought to the same place by death—they were either received into the all-generative reason, or scattered among the atoms.”

—
M
ARCUS
A
URELIUS,
M
EDITATIONS
, 
 6.24

I
 n a world that is in many ways becoming more and more unequal, there aren’t many truly equalitarian experiences left. When Benjamin Franklin observed that “in this world nothing can be said to be certain, except death and taxes,” he couldn’t have known how good some people would get at avoiding their taxes. But death? That’s still the one thing that everyone experiences.

We all face the same end. Whether you conquer the known world or shine the shoes of the people who do, at the end death will be a radical equalizer—a lesson in abject humility. Shakespeare had Hamlet trace out the logic in stark terms for both Alexander and Julius Caesar:

“Imperious Caesar, dead and turn’d to clay,

Might stop a hole to keep the wind away:

O, that that earth, which kept the world in awe,

Should patch a wall to expel the winter flaw!”

The next time you feel yourself getting high and mighty—or conversely, feeling low and inferior—just remember, we all end up the same way. In death, no one is better, no one is worse. All our stories have the same finale.","December 18

Try to See It This Way

At the end of Death Be Not Proud, John Gunther’s memoir about his son’s life, Gunther’s wife, Frances, writes, “Johnny lay dying of a brain tumor for fifteen months. He was in his seventeenth year. I never kissed him goodnight without wondering whether I should see him alive in the morning. I greeted him each morning as though he were newly born to me, a re-gift of God. Each day he lived was a blessed day of grace.”

Hopefully, thankfully, most of us will not have to go through what that family did. But we can and we must try to practice what they practiced. Because you never know. Wouldn’t it be better to see each day this way, that each day with them is a gift, a lucky break, a midnight reprieve, as opposed to a chore?

Act tonight as if it were your last time together. Soak it in. Appreciate it. Be everything they need. And then in the morning, arise and be surprised, grateful, blessed, by the grace of another try. Then live accordingly."
2025-12-19,"December 19



“Think of the whole universe of matter and how small your share. Think about the expanse of time and how brief—almost momentary—the part marked for you. Think of the workings of fate and how infinitesimal your role.”

—
M
ARCUS
A
URELIUS,
M
EDITATIONS
, 
 5.24

T
 he amount of matter in the universe is immense—on the order of trillions of atoms. What percentage of that matter does one human body constitute?

The earth, as far as science tells us, is some 4.5 billion years old and shows no sign of ending soon. Our time on the earth, on the other hand, will be what? Several decades, maybe?

Sometimes we need to have the facts and figures spelled out in front of us to fully realize the scale at which humans happen to exist in the big scheme of things.

Consider this the next time you feel self-important, or like everything rises and falls on what you do next. It doesn’t. You’re just one person among many, doing your best among many. That’s all you need to do.","December 19

Do Your Future Self This Favor

At some point you will look back at this moment in your kids’ lives with the misty wistfulness of nostalgia. It doesn’t matter what the future holds for them, or which paths they take; you will look back at this time with a sense of longing.

It’s just a fact. Because they’ll never be two again. Or twelve. Or twenty-five. You get only so many bedtimes, so many baths, so many drives to school, so many vacations, so many evenings on the couch, so many times in the garage trying to fix something they asked for your help with. In the end, we will all wish we could go back in time to get just one more of any of those moments.

Well, that can’t happen. But there is a way that we can travel to the future, or at least speak to the future. As the great author of children’s books Adam Rubin has said: we can, by the choices we make today, tell our future selves that we did everything we could. That we soaked it in. That we didn’t rush through it. That we told them what they meant to us.

Do your future self the favor of a lifetime. Don’t take this moment for granted. Don’t let your temper rule. Don’t be stubborn. Don’t value the wrong things. Love now, while you can. Embrace the moment while you can. Don’t rush away from it while it’s still here."
2025-12-20,"December 20



“Do you then ponder how the supreme of human evils, the surest mark of the base and cowardly, is not death, but the fear of death? I urge you to discipline yourself against such fear, direct all your thinking, exercises, and reading this way—and you will know the only path to human freedom.”

—
E
PICTETUS,
D
ISCOURSES
, 
 3.26.38–39

T
 o steel himself before he committed suicide rather than submit to Julius Caesar’s destruction of the Roman Republic, the great Stoic philosopher Cato read a bit of Plato’s Phaedo
 . In it, Plato writes, “It is the child within us that trembles before death.” Death is scary because it is such an unknown. No one can come back and tell us what it is like. We are in the dark about it.

As childlike and ultimately ignorant as we are about death, there are plenty of wise men and women who can at least provide some guidance. There’s a reason that the world’s oldest people never seem to be afraid of death: they’ve had more time to think about it than we have (and they realized how pointless worrying was). There are other wonderful resources: Florida Scott-Maxwell’s Stoic diary during her terminal illness, The
Measure of My Days
 , is one. Seneca’s famous words to his family and friends, who had broken down and begged with his executioners, is another. “Where,” Seneca gently chided them, “are your maxims of philosophy, or the preparation of so many years’ study against evils to come?” Throughout philosophy there are inspiring, brave words from brave men and women who can help us face this fear.

There is another helpful consideration about death from the Stoics. If death is truly the end, then what is there exactly to fear? For everything from your fears to your pain receptors to your worries and your remaining wishes, they will perish with you. As frightening as death might seem, remember: it contains within it the end of fear.","December 20

They Could Be Your Last Words

On January 8, 2022, about to go onstage to perform stand-up, Bob Saget—legendary comedian, longtime host of America’s Funniest Home Videos, and Danny Tanner on Full House—got a text from his daughter. We don’t know what she said, but it wasn’t urgent.

He could have easily said to himself, I’ll respond later. I’ll call her in the morning. We’ve all done it. We’re running late. We’re processing emails when they call from the other room. We’re about to go into a meeting when they text us. We’re tired and we rush through our good-nights.

We tell ourselves that we’ll respond in a little bit. We tell ourselves that we’ll have another chance, that there will be other phone calls, other texts, more good-nights. But that’s not always true.

Saget took a second to send what neither of them could have known would be his last text. “Thank u,” he wrote. “Love u. Showtime!” Hours later, he’d be found dead, tragically, in his Orlando hotel room at age sixty-five.

No one knows what their last words will be. No one knows how much time they have. So let’s use the time we have, before we lose the time we’re never guaranteed. Let’s make sure we tell our kids how we feel about them while we can."
2025-12-21,"December 21



“Many times an old man has no other evidence besides his age to prove he has lived a long time.”

—
S
ENECA,
O
N
T
RANQUILITY OF
M
IND
, 
 3.8
b

H
 ow long have you been alive? Take the years, multiply them by 365, and then by 24. How many hours have you lived? What do you have to show for all of them?

The answer for many people is: not enough. We had so many hours that we took them for granted. All we have to show for our time on this planet are rounds of golf, years spent at the office, time spent watching mediocre movies, a stack of mindless books we hardly remember reading, and maybe a garage full of toys. We’re like the character in Raymond Chandler’s The Long Goodbye
 : “Mostly, I just kill time,” he says, “and it dies hard.”

One day, our hours will begin to run out. It would be nice to be able to say: “Hey, I really made the most of it.” Not in the form of achievements, not money, not status—you know what the Stoics think of all that—but in wisdom, insight, and real progress in the things that all humans struggle against.

What if you could say that you really made something of this time that you had? What if you could prove that you really did live [insert number] years? And not just lived them, but lived them fully
 ?","December 21

They Learned This Lesson For You

There are people who have seen their children die.

—Mary Laura Philpott

The comedian and actor Rob Delaney’s son, Henry, was healthy and beautiful, but then he got sick. Delaney and his wife, Leah, didn’t know what to do, so they took Henry to the doctor. It took a long time but, eventually, the doctor found that Henry had a brain tumor. They operated on it and he got better. But sadly, the tumor took Henry’s life at just two years old.

On Marc Maron’s podcast, Rob shared how his perspective changed following Henry’s death:

I hold my children, and I hold my wife, and I know that they will die. And I know that it could happen before I die. So I know that our time together is finite. It will end. And so I appreciate them so much more. I marvel at the fact that these particular collections of cells coalesced around these souls for a temporary period, and I’m so lucky to get to be here at the same time as the little collection of cells and bones and nostril hairs. And so I really make the most of it in a way I didn’t before. And I wish that that skill didn’t come from something so painful. But it did. That was the price tag for me to receive that gift. And now I have it, and I appreciate it.

When we appreciate how little time we have with our loved ones, we can make the most of that finite amount of time. Families like the Gunthers and the Delaneys, as well as quietly grieving families all around you, have learned painful and powerful lessons. We can’t take their pain away, but we can heed it. We can do our best to appreciate it from afar, what they paid for it, and apply its wisdom in our own lives.

Remind yourself this morning and every morning: this will end. Tempus fugit. Memento mori. Then go marvel at the collections of cells coalesced around the souls of those you love. Make the most of your time with them."
2025-12-22,"December 22



“For it’s disgraceful for an old person, or one in sight of old age, to have only the knowledge carried in their notebooks. Zeno said this . . . what do you say? Cleanthes said that . . . what do you say? How long will you be compelled by the claims of another? Take charge and stake your own claim—something posterity will carry in its notebook.”

—
S
ENECA,
M
ORAL
L
ETTERS
, 
 33.7

M
 using in his notebook about the topic of immortality, Ralph Waldo Emerson complained how writers dance around a difficult topic by relying on quotes. “I hate quotation,” he wrote. “Tell me what you know.”

Seneca was throwing down the same gauntlet some twenty centuries before. It’s easier to quote, to rely on the wise words of others. Especially when the people you’re deferring to are such towering figures!

It’s harder (and more intimidating) to venture out on your own and express your own thoughts. But how do you think those wise and true quotes from those towering figures were created in the first place?

Your own experiences have value. You have accumulated your own wisdom too. Stake your claim. Put something down for the ages—in words and also in example.","December 22

What Is More Important?

Life is short. Do not forget about the most important things in our life, living for other people and doing good for them.

—Marcus Aurelius

Your kid wants to go swimming, but you have to make this phone call. Your kids want to wrestle, but you have to cook dinner. Your kids want you to come tuck them in, but it’s a tie game with forty-two seconds left in regulation.

We pick these things because they’re urgent. Because they’ll only take a second. But mostly, we pick them because we can get away with it.

If something seemingly more urgent or out-of-control were to intervene, you would push the phone call. If you were stuck in traffic, you would order delivery. If the boss called and needed something, you would find out later who won the game. Yet here you are, telling your kid (and their earnest request to spend time with you) that they are not as important. Here you are choosing it over your kid.

Most of whatever we’re doing can wait. Not indefinitely, of course. No one is telling you to put it off forever. But this moment right now, you won’t get back. Take it. Play. Sit with them. Talk with them. Pause the TV. Save the draft and come back to it. Let dinner get cold. Tell so-and-so you’ll have to call them back.

Your kids are more important."
2025-12-23,"December 23



“You are afraid of dying. But, come now, how is this life of yours anything but death?”

—
S
ENECA,
M
ORAL
L
ETTERS
, 
 77.18

S
 eneca tells an amazing story about an obscenely wealthy Roman who was carried around by slaves on a litter. On one occasion, after being lifted out of a bath, the Roman asked, “Am I sitting down yet?” Seneca’s point was essentially: What kind of sad pathetic life is it if you’re so disconnected from the world that you don’t even know whether you’re on the ground? How did the man know whether he was even alive
 at all?

Most of us are afraid of dying. But sometimes this fear begs the question: To protect what exactly? For a lot of people the answer is: hours of television, gossiping, gorging, wasting potential, reporting to a boring job, and on and on and on. Except, in the strictest sense, is this actually a life? Is this worth gripping so tightly and being afraid of losing?

It doesn’t sound like it.","December 23

You Can’t Put Things Off

Do you know what one of the last things Abraham Lincoln ever said was? As he sat in the box at Ford’s Theatre, waiting for the play to start, Lincoln turned to his wife and said, “How I should like to visit Jerusalem sometime.”

Within minutes, an assassin would fire a bullet into his brain. Within hours, he would be dead.

Just as you have your many reasons for why you are waiting to do this or delaying doing that, Lincoln had his. And yet life has a way of stripping all our reasons bare, of humbling our plans and assumptions. We must live, as Marcus Aurelius said, as if death hangs over us. We must parent this way, too. Because it does hang over us. We cannot put off until tomorrow, he said, what we can do today—whether that’s being good (our highest priority) or telling people we love them or taking them to the places we’ve always wanted to see."
2025-12-24,"December 24



“You know what wine and liqueur tastes like. It makes no difference whether a hundred or a thousand bottles pass through your bladder—you are nothing more than a filter.”

—
S
ENECA,
M
ORAL
L
ETTERS
, 
 77.16

H
 ere we have another contemptuous expression, this time from Seneca, who, given his reputation for opulence, probably enjoyed a nice drink from time to time. His point will probably rattle anyone for whom success and adulthood has turned them into a wine snob (though the logic can be applied just as easily to foodies, techies, audiophiles, and the like).

As fun and exciting and pleasurable as these pleasures are, it’s worth putting them in their place. You don’t get a prize at the end of your life for having consumed more, worked more, spent more, collected more, or learned more about the various vintages than everyone else. You are just a conduit, a vessel that temporarily held or interacted with these fancy items.

If you find yourself lusting over them, this meditation might help reduce their luster just a smidge.","December 24

It’s Not About the Stuff

I’ve never met a thirteen-year-old who said, “My dad was never around because he was always working, but I have a sweet mountain bike so it was all worth it.”

—Jon Acuff

You work very hard and are able to provide. Not just the basic necessities but all sorts of extras. Because of you, your kids have a swimming pool. They have nice vacations. They have a big TV downstairs with lots of channels. They have all this and more.

And yet it doesn’t matter.

It’s not the swimming pool they want; it’s you in the swimming pool with them. It’s being in the motel room eating snacks, together, wherever you happen to be, that they really want. The TV is great, but not as a substitute for Dad.

The stuff you get them is great. It is not, no matter how nice it is, a substitute. It is not the point. They’d rather play in an inflatable pool from Walmart with you than play alone in one with a slide and a waterfall. They’d rather live in an apartment and have family meals together than feel lonely in the best neighborhood in town.

They want you. They want fun. And you should want those things too, because there is no telling how much longer you’ll have them to yourself, or they’ll have you in their lives."
2025-12-25,"December 25



“The mind must be given relaxation—it will rise improved and sharper after a good break. Just as rich fields must not be forced—for they will quickly lose their fertility if never given a break—so constant work on the anvil will fracture the force of the mind. But it regains its powers if it is set free and relaxed for a while. Constant work gives rise to a certain kind of dullness and feebleness in the rational soul.”

—
S
ENECA,
O
N
T
RANQUILITY OF
M
IND
, 
 17.5

O
 ne can’t read Marcus Aurelius and Seneca and not be struck by the difference between these two radically different personalities. Each had his own strengths and weaknesses. Which would you rather have entrusted with the immense responsibility of an empire? Probably Marcus. But who would you rather be as a person? Probably Seneca.

One of the reasons is that Seneca seems to have had what we would now refer to as work/life balance. Whereas Marcus can read as though he’s worn down and tired, Seneca always feels energetic, fresh, robust. His philosophy of rest and relaxation—intermixed with his rigorous study and other Stoic rituals—probably had a lot to do with it.

The mind is a muscle, and like the rest, it can be strained, overworked, even injured. Our physical health is also worn down by overcommitment, a lack of rest, and bad habits. Remember the tall tale about John Henry—the man who challenged the machine? He died of exhaustion at the end. Don’t forget that.

Today, you may face things that try your patience, require considerable focus or clarity, or demand creative breakthroughs. Life is a long haul—it will mean many such moments. Are you going to be able to handle them if you’ve burned the candle at both ends? If you’ve been abusing and overworking your body?","December 25

This is a Gift You Can Give Yourself (And Your Family)

When you were younger, for Christmas, all you wanted was presents.

Now that you’re older, now that you have kids, all you want is presence. All you want is for your kids to be present over the holidays.

Paul Orfalea, the founder of Kinkos, is worth hundreds of millions of dollars. When asked about his wealth, Orfalea didn’t talk about buying expensive stuff or building a great company or taking exotic vacations. He said, “Do you know what success is? Success is when your children want to be with you when they’re adults. How many people have all the [material stuff], and their kids don’t come home for the holidays? Come on.”

Success, as we’ve talked about before, is having a crowded table. At the end of your life, success as a parent will be a family that comes together, that spends time together, that wants to be around you.

So here on Christmas, and throughout this holiday season, take some time to think about what it will take to have that. Think about the choices you’re making with your kids now so that they’ll choose to fly from their homes to yours when they’re older and have families of their own. Think about the gifts you have to give them today—your love, your support, your presence—to receive the gift of a crowded table in the future."
2025-12-26,"December 26



“It’s not at all that we have too short a time to live, but that we squander a great deal of it. Life is long enough, and it’s given in sufficient measure to do many great things if we spend it well. But when it’s poured down the drain of luxury and neglect, when it’s employed to no good end, we’re finally driven to see that it has passed by before we even recognized it passing. And so it is—we don’t receive a short life, we make it so.”

—
S
ENECA,
O
N THE
B
REVITY OF
L
IFE
, 
 1.3–4
a

N
 o one knows how long they have to live, but sadly, we can be sure of one thing: we’ll waste far too much of life. Waste it sitting around, waste it chasing the wrong things, waste it by refusing to take the time to ask ourselves what’s actually important to us. Far too often, we’re like the overconfident academics that Petrarch criticized in his classic essay on ignorance—the types who “fritter away their powers incessantly in caring for things outside of them and seek themselves there.” Yet they have no idea this is what they’re doing.

So today, if you find yourself rushed or uttering the words “I just don’t have enough time,” stop and take a second. Is this actually true? Or have you just committed to a lot of unnecessary things? Are you actually being efficient, or have you assumed a great deal of waste into your life? The average American spends something like forty hours a year in traffic. That’s months
 over the course of a life. And for “traffic,” you can substitute so many activities—from fighting with others to watching television to daydreaming.

Your life is plenty long—just use it properly.","December 26

Forever Young

One of the reasons some kids are so unprepared for the real world is that parents see the sweetness and innocence of a kid and think, I want to keep them like this forever. They felt like their own childhood was too short, and so they seek to extend childhood for their children for as long as possible.

It’s an understandable impulse, but it’s also a kind of contradiction. Instead of enjoying how special their kid is in that moment, the parent is thinking both about the future (their own) and about the past (their own) and trying to figure out how to protect their kids from them. Instead of being present, instead of seizing and drinking in right now, they are futilely trying to hold back a tide that no one—not even the most dedicated parent—can stop: time.

Today and always, we should remember that line in the famous William Blake poem:

Hold Infinity in the palm of your hand

And Eternity in an hour

If you want your kid to be forever young, enjoy this moment here in front of you. Experience it fully right now. Don’t give even a thought to what lies around the bend. Because you know what you’ll find? That right now just keeps on going . . ."
2025-12-27,"December 27



“It’s a disgrace in this life when the soul surrenders first while the body refuses to.”

—
M
ARCUS
A
URELIUS,
M
EDITATIONS
, 
 6.29

D
 espite his privileges, Marcus Aurelius had a difficult life. The Roman historian Cassius Dio mused that Marcus “did not meet with the good fortune that he deserved, for he was not strong in body and was involved in a multitude of troubles throughout practically his entire reign.” At one point, he was so sick that a rumor spread that he had died—and matters were made worse when his most trusted general used it as an opportunity to declare himself the new emperor.

But throughout these struggles—the years at war, the crippling illnesses, his troubled son—he never gave up. It’s an inspiring example for us to think about today if we get tired, frustrated, or have to deal with some crisis. Here was a guy who had every reason to be angry and bitter, who could have abandoned his principles and lived in luxury or ease, who could have put his responsibilities aside and focused on his own health.

But he never did. His soul stayed strong even after his body became weak. He didn’t give up, right up to the second until his body finally did—when he died near Vienna in 180 AD
 .","December 27

This Is When It Matters

The Europeans of the past had some weird parenting practices. Michel de Montaigne’s parents sent him to live with villagers as an infant. Jane Austen’s mother breastfed each of her kids for the first month, then handed them off entirely to someone else. Aristocratic parents delegated to nannies and tutors and governesses until the kids were old enough to participate in adult conversations.

What most of us understand now, either culturally or intuitively, is that every minute you have with your kids matters . . . but the younger they are, the more those minutes matter. There’s an old expression: “Give me the first six years of a child’s life and you can have the rest.”

Imagine generations of parents who did exactly the opposite of this. No wonder the past was so horrible . . . and people did such horrible things to each other. The first thing their parents did to them was horrible! They severed the first, most important bond a child has—the familial bond.

And think about what this cost them! Yes, kids are difficult when they’re young, but it’s also when they’re the most fun, the most innocent, the absolute cutest. So why are we so busy? Why are we working so much? Trying to have it all—cramming in all the old things we used to do before we had kids while we ask our parents to watch our children for us? We tell ourselves that when our kids are old we’ll make more time for them, we’ll have more freedom—and besides, they’ll appreciate it more when they’re older.

No! Now is when it matters most! Now is when it counts! The earlier the better!"
2025-12-28,"December 28



“Everything lasts for a day, the one who remembers and the remembered.”

—
M
ARCUS
A
URELIUS,
M
EDITATIONS
, 
 4.35

T
 ake a walk down Forty-first Street toward the beautiful New York City Public Library, with its majestic stone lions. On your way up “Library Way,” you’ll pass a gold placard laid into the cement, part of a series of quotations from great writers throughout history. This one is from Marcus Aurelius: “Everything is only for a day, both that which remembers and that which is remembered.”

The library itself was designed by the firm of John Merven Carrère, one of the twentieth century’s most accomplished architects. It combines the collections of such luminaries and philanthropists as Samuel Tilden, John Jacob Astor, and James Lenox, and their names are carved into the stone. Today, the naming rights go to hedge fund manager Stephen A. Schwarzman. The opening of the library in 1911 was attended by President William Howard Taft, Governor John Alden Dix, and New York City mayor William Jay Gaynor. The plaques you pass on your way were designed by the excellent Gregg LeFevre.

Marcus’s quote makes us ponder: How many of these people have we even heard of? The people involved in the story of the library were some of the most famous men in the world, masters of their respective crafts, rich beyond imagination in some cases. Even along “Library Way,” many of the famous authors are unfamiliar to the modern reader. They are all long gone, as are the people who remembered them.

All of us, including Marcus—who is passed over by just as many unaware pedestrians—last for just a day, at most.","December 28

This Could Be That Day

It was just another day on vacation for the Roosevelts in 1921. Franklin Delano Roosevelt, then thirty-nine years old, in the prime of his career and life, spent the morning sailing around Campobello Island with Eleanor and his two older boys. They had quite an adventure. Seeing a small fire on another nearby island, they rushed and put it out as a family. When they got back, FDR and his sons raced each other more than a mile to a swimming hole. And then later they jumped into the Bay of Fundy together.

For FDR, a busy man, these days were too few. This one, in 1921, took on a special significance after the fact, because, as Doris Kearns Goodwin writes in her book Leadership, within forty-eight hours, “paralysis had spread to [FDR’s] limbs, thumbs, toes, back, bladder, and rectal sphincter. Pain shot up and down his legs.” His life would never be the same. Never again would he race his boys on foot. Never again could he play and sail and dive with them without intense physical pain. In fact, he very nearly died.

The hard truth is that today could be that day for us. We have no idea what viruses or diseases are already making their way through our bodies. We have no idea what awaits us at the top of the stairs or around the corner or across the street. So we must enjoy every moment with our kids. We must give everything we have to being a parent and relish the joy they bring us."
2025-12-29,"December 29



“In all things we should try to make ourselves be as grateful as possible. For gratitude is a good thing for ourselves, in a manner in which justice, commonly held to belong to others, is not. Gratitude pays itself back in large measure.”

—
S
ENECA,
M
ORAL
L
ETTERS
, 
 81.19

T
 hink of all the things you can be grateful for today. That you are alive, that you live in a time primarily of peace, that you have enough health and leisure to read this book. What of the little things? The person who smiled at you, the woman who held the door open, that song you like on the radio, the pleasant weather.

Gratitude is infectious. Its positivity is radiant.

Even if today was your last day on earth—if you knew in advance that it was going to end in a few short hours—would there still be plenty to be grateful for? How much better would your life be if you kicked off every day like that? If you let it carry through from morning to night and touch every part of your life?","December 29

This Is the Eulogy You Get to Hear

It was an early summer night in 1967. The Stafford family was all together. They’d had dinner. They’d laughed. They’d caught up on their day. And then the parents headed to bed while the kids kept the evening going.

It’s a scene out of millions of family vacations and reunions and Thanksgivings and Christmases. In his diary the next morning, William Stafford—the poet—would recount how wonderful it had been. “Last night the kids in our living room stayed up to talk after Dorothy and I came out to bed,” he said, “and they were talking about us, or about to do so—benevolently. I happened to think: this may be the only, and is probably the best, memorial service I will ever get.”

At the end of your life, success as a parent will be a family that comes together, that spends time together, that wants to be around you. But Stafford’s realization is a powerful one. Those evenings together? That’s the funeral you get to attend. The family dinners, the long conversations—these are the eulogies you get to hear.

Cherish this while you can. Cultivate it while it’s still possible. It’s what makes life worth living."
2025-12-30,"December 30



“To bear trials with a calm mind

robs misfortune of its strength and burden.”

—
S
ENECA,
H
ERCULES
O
ETAEUS
, 
 231–232

T
 he people you admire, the ones who seem to be able to successfully handle and deal with adversity and difficulty, what do they have in common? Their sense of equilibrium, their orderly discipline. On the one-yard line, in the midst of criticism, after a heartbreaking tragedy, during a stressful period, they keep going.

Not because they’re better than you. Not because they’re smarter. But because they have learned a little secret. You can take the bite out of any tough situation by bringing a calm mind to it. By considering it and meditating on it in advance.

And this is true not just for our day-to-day adversities but for the greatest and most unavoidable trial of all: our own eventual death. It could come tomorrow, it could come in forty years. It could be quick and painless, or it could be excruciating. Our greatest asset in that ordeal will not be religion, it will not even be the wise words of the philosophers. It will be, simply, our calm and reasoned mind.","December 30

What Can You Do?

When she was a soon-to-be empty nester mother of two, Mary Laura Philpott wrote her belated reflections on what it must have been like for her father, who worked high up in the federal government during the Cold War preparing for how to protect the president during a nuclear attack on the Capitol. She tried to imagine how he must have carried on with his work knowing that he was, in fact, preparing for the very end of the world and almost certainly of his own DC-based family.

This paragraph is worth reproducing in full:

What do we do, then, if we cannot stop time or prevent every loss? We carry on with ordinary acts of everyday caretaking. I cannot shield my beloveds forever, but I can make them lunch today. I can teach a teenager to drive. I can take someone to a doctor appointment, fix the big crack in the ceiling when it begins to leak, and tuck everyone in at night until I can’t anymore. I can do small acts of nurturing that stand in for big, impossible acts of permanent protection, because the closest thing to lasting shelter we can offer one another is love, as deep and wide and in as many forms as we can give it. We take care of who we can and what we can.

All you can do is keep on keeping on. Love. Try to be present. Do your best. Protect them. Take care of them. Ignore everything else."
2025-12-31,"December 31



“Stop wandering about! You aren’t likely to read your own notebooks, or ancient histories, or the anthologies you’ve collected to enjoy in your old age. Get busy with life’s purpose, toss aside empty hopes, get active in your own rescue—if you care for yourself at all—and do it while you can.”

—
M
ARCUS
A
URELIUS,
M
EDITATIONS
, 
 3.14

T
 he purpose of all our reading and studying is to aid us in the pursuit of the good life (and death). At some point, we must put our books aside and take action. So that, as Seneca put it, the “words become works.” There is an old saying that a “scholar made is a soldier spoiled.” We want to be both scholars and soldiers—soldiers in the good fight.

That’s what’s next for you. Move forward, move onward. Another book isn’t the answer. The right choices and decisions are. Who knows how much time you have left, or what awaits us 
 tomorrow?

W
 e hope this book has lasted you a year (though we won’t fault you if you read through it without regard to the date. In fact, we’d be flattered). So what’s next? We hope that you get involved with Stoicism and make it a daily practice in your life. To that end, we’ve created DailyStoic.com
 —a site full of interviews with Stoic practitioners, articles, exercises, and a daily email where you can get more Stoic wisdom delivered to your inbox every single day.

You can go to DailyStoic.com right now or email hello@DailyStoic.com to get a special package of Stoic bonuses, including what books to read next and more material that we couldn’t fit in this book.

Hope to see you there 
 soon!

L
 ate Stoic thought of the second century, as articulated in the writings of Epictetus and Marcus Aurelius, paints a vivid picture of the work of philosophy in producing both self-coherence and progress on the path to virtue. As suggested in the work of Pierre Hadot and A. A. Long (see Suggestions for Further Reading), we have developed and formalized Epictetus’s three disciplines into a chart that presents the progressive nature of the late Stoic prescription for handling ourselves and our actions in the world. This chart brings together the three topoi
 (topics, or fields of study) and three different levels of training (askêsis
 ) suggested by Epictetus and shows how they correlate (noted in Hadot) to the pursuit of virtue as expressed by Marcus Aurelius. The chart itself comes from these key passages in Epictetus:

“There are three areas in which the person who would be wise and good must be trained. The first has to do with desires and aversions
 —that a person may never miss the mark in desires nor fall into what repels them. The second has to do with impulses to act and not to act
 —and more broadly, with duty—that a person may act deliberately for good reasons and not carelessly
 . The third has to do with freedom from deception and composure and the whole area of judgment, the assent our mind gives to its perceptions.
 Of these areas, the chief and most urgent is the first which has to do with the passions, for strong emotions arise only when we fail in our desires and aversions.”

—
E
PICTETUS,
D
ISCOURSES
, 3.2.1–3
 a

“That’s why the philosophers warn us not to be satisfied with mere learning
 , but to add practice
 and then training
 . For as time passes we forget what we learned and end up doing the opposite, and hold opinions the opposite of what we should.”

—
E
PICTETUS,
D
ISCOURSES
, 2.9.13–14

We have placed key terms in each level of the chart. There is progress (prokopê
 ) upward out of deception, false opinion, and error—through impulse control—to more clear judgments and knowledge (self-coherence); and there is progress across the levels of training (study/manthanô
 , practice/meletaô
 , hard training/askeô
 ) through the remediation of habit, acting more appropriately, and improving judgment toward living the virtues. We offer an annotated glossary of key Stoic terms and passages following the chart.



Visit bit.ly/2dC85K1
 for a larger version of this table.

Adiaphora
(ἀδιάφορα): indifferent things; neither good nor bad in an absolute moral sense.
 In Stoic thought, all things outside our sphere of reasoned choice (see prohairesis
 ) are indifferent. In a relative sense, some of the things outside our control are preferred or 
 dispreferred goods (proêgmena
 /aproêgmena
 ). Marcus says (5.20
 ) that people who thwart the progress of our reasoned choice, although normally our natural concern, also become indifferent to us. The term appears in Epictetus’s Discourses
 seventeen times and once in Enchiridion
 ; see Discourses
2.19.12b
 –13 and 3.3.1
 . In Marcus it appears six times; see also 8.56
 (my prohairesis
 is indifferent to that of others, and vice versa).

Agathos
(ἀγαθός): good, or a proper object of desire.
 Epictetus upholds the classic Stoic position when he says that the good (and evil) are only to be found in us, in our prohairesis
 , not in external things (Discourses
2.16.1
 ), and when he says, “God laid down this law, saying: if you want some good, get it from yourself” (1.29.4
 ). “Protect your own good in all that you do” (4.3.11
 ).

Anthrôpos
(ἄνθρωπος): a human being, human beings in general.
 For Epictetus (Discourses
2.10.1
 ), above all we are human beings whose power of reasoned choice (prohairesis
 ) supervises all and is completely free. A “beautiful human being” possesses the virtues (Discourses
3.1.6b
 –9). We must be a “unified human being” (Discourses
3.15.13
 ), what Hadot calls self-coherence (The Inner Citadel
 , pp. 130–31). In Marcus (see 5.1
 , 5.20
 , 8.1
 , 8.5
 , 8.26
 ), the term is used in conjunction with an emphasis on what our proper concern and work should be.

Apatheia
(ἀπάθεια): passionless calm, peace of mind.
 In verb form, ἀπαθέω means to free from passion. Epictetus: Discourses
 (seven times noun, eleven times verb), see 4.3.8; twice in Enchiridion
 . Marcus uses it in verb form four times; see 6.16.2b
 –4a. In its single use as a noun, he says that the closer a person is to apatheia
 , the stronger they are (11.18.5b
 ). See pathos
 .

Aphormê
(ἀφορμή): avoidance, disinclination, the impulse not to act (as a result of
ekklisis
).
 Opposite of hormê
 . Hormê/Aphormê
 is the second of the three areas of training for Epictetus (3.2.1
 –3a), and the term appears frequently in the Discourses
 . Marcus doesn’t use the term in this sense, only hormê
 .

Apotynchanô
(ἀποτυγχάνω): to fail in gaining, hitting, achieving; to miss one’s purpose or to err.
 It appears twenty-four times in Epictetus, often with orexis/oregô
 ; see especially 3.2.1
 –3a. Diogenes Laertius says Zeno defined “want” as failing to gain what we yearn for or reach out for (Lives of the Eminent Philosophers
 7.1.113). The term doesn’t appear in Marcus. This experience is a fundamental source of disturbance in life. See also hamartanô.

Aproêgmena
(ἀπροηγμένα): dispreferred things; indifferent in an absolute moral sense, but things of relative negative value and naturally undesirable things, such as illness.
 Opposite of proêgmena
 . These terms don’t appear in either Epictetus or Marcus, but we know from Diogenes Laertius that they were common Stoic teaching from Zeno and Chrysippus through Posidonius (Lives of the Eminent Philosophers
 7.1.102ff). Cicero rehearses Zeno’s use of the terms and offers the Latin equivalents of reiecta
 /praeposita
 (On the Ends of Good and Evil
 and Academica
 , 1
 .X.36–39). Seneca does not follow Cicero in this use, but uses commoda
 /incommoda
 (advantageous/disadvantageous). “There are things in life which are advantageous and disadvantageous—both beyond our control” (Moral Letters
 92.16). Cicero makes it a subclass of reiecta
 /praeposita
 (On the Ends of Good and Evil
 3.21).

Aretê
(ἀρετή): Virtue, goodness, and human excellence; the source of absolute value.
 Hadot notes that the four cardinal virtues of Plato are not fully present in Arrian’s presentation of Epictetus (The Inner Citadel
 , p. 238), but that in Marcus, who followed Epictetus closely, they have a clear articulation and correlation to what Hadot calls “the three acts of the soul” (see chart). Diogenes Laertius says that the four cardinal virtues were primary for 
 the Stoics (Lives of the Eminent Philosophers
 , “Zeno,” 7.92b): σωφροσύνη/sôphrosunê
 /self-control, δικαιοσύνη/dikaiosunê
 /justice, ἀνδρεία/andreia
 /courage, φρόνησις/phronêsis
 /wisdom. Chrysippus said that experiencing wisdom (phronimos
 ) for even a moment is equal to an eternity of exercising aretê
 (Plutarch, Moralia
1062
 ). Musonius Rufus said, “The human being is born with an inclination toward virtue” (Lectures
 1.7.1–2). Marcus mentions all four virtues in 3.6.1
 and 5.12
 , and three (without courage) in 7.63
 , 8.32
 , and 12.15
 . We present them here as the aims of moral progress to which all our activity in the world is directed. Marcus says we should let our virtues shine until we are extinguished (12.15
 ). Epictetus does cite justice and self-control together in his discussion of virtue in 3.1.6b
 –9, where his use of σωφροσύνη is milder in the “even-tempered” sense (contrasted by him with “undisciplined”), and his preferred term for self-control here (and elsewhere, appearing with wisdom/φρονίμῳ in 2.21.9) is ἐγκρατεῖς/egkrateis
 /mastery, or exercising control over (contrasted with ἀκρατεῖς/akrateis
 /uncontrolled). Seneca uses the Latin virtus
 and says that “virtue is the only good” and is nothing less than “true and steadfast judgment” (Moral Letters
 7.32).

Askêsis
(ἄσκησις): exercise, practice, disciplined training designed to achieve virtue.
 Epictetus sees three areas of training (Discourses
3.2.1
 –3a, 3.12.8)—the famous doctrine of three topics (topoi
 ) that scholars think was Epictetus’s unique contribution to late Stoicism (see Long’s Epictetus: A Stoic and Socratic Guide to Life
 , pp. 112–118; Hadot’s The Inner Citadel
 , pp. 89–100). Before Epictetus, Seneca affirms the long-standing Stoic division of philosophy into three parts, which he calls “the moral, the natural, and the rational” (Moral Letters
89.9
 ). Epictetus, we argue, also sees three levels of discipline, moving from learning/study (μανθάνω/manthanô
 , appearing seventy-nine times) to practice (μελετάω/meletaô
 , appearing fifty-four times; see Discourses
2.19.29
 –34, where he says “learn and diligently practice”) to more rigorous training (ἀσκέω/ἄσκησις, appearing forty times). For the three levels of discipline, see 2.9.13
 –14. For Epictetus, the exercise and training analogies run from wrestling and athletics (see the “invincible athlete” in 1.18.21
 –23; “true athlete in rigorous training” in 2.18.27
 –2), to the pankration
 (3.10.6
 –7), and the ultimate “hard winter training” (χειμασκησαι/cheimaskêsai
 ) of soldiers (1.2.32
 , 4.8.35–37). While each of these three areas of training and three levels of discipline reach into and inform one another, there is a clear sense of hierarchy in the acts of the soul, moving up from desire through action to assent, and of making forward progress in our actions in the world, from study to practice to hard training, toward virtue (see chart). For Marcus, who is often derisive of mere study, books, and displays of learning (2.2
 , 3.14
 , 5.5
 , 5.9
 ), these words scarcely appear. He seems more interested in simply getting straight to putting things to the test in everyday life by following the dictates of our guiding reason (hêgemonikon
 ). In this way he is very much in tune with Epictetus’s memorable admonition against spouting what you’ve learned without having digested it (see Discourses
3.21.1
 –3). For Marcus, the point of it all is to use our reason to produce in action the virtues of self-control, courage, justice, and wisdom, which correlate to the topoi
 of Epictetus (see chart).

Ataraxia
(ἀταραξία): tranquility, freedom from disturbance by external things.
 It is the fruit of following philosophy, according to Epictetus (Discourses
2.1.21
 –22). It appears fourteen times in the Discourses
 and twice in the Enchiridion
 ; see Discourses
2.2
 (Arrian’s caption of section), 2.18.28, 4.3.6b
 –8, and 4.6.34
 –35. It appears once in Marcus (9.31; not here).

Axia
(ἀξία): the true value or worth of things; the relative value of things preferential; of people, meaning reputation or what’s deserved.
 It appears eighteen times in Marcus; see 4.32
 , 5.1
 , 5.36
 , 9.1.1
 , and 12.1
 . Marcus quotes Epictetus on this concept in discussing how to use the power of assent in the area of our impulses (11.37
 ). For Epictetus, the term appears twenty-nine times in the Discourses
 and twice in Enchiridion
 (36; not here). See Discourses

1.2.5
 –7, 4.1.170, 4.3.6–8, and 4.5.34–37. Overall, the idea is that we too often trade things of great value for things of very little value, an idea that goes back to the teachings of Diogenes of Sinope, the founder of the Cynic school, as described by Diogenes Laertius (Lives of the Eminent Philosophers
6.2.35b
 ).

Daimôn
(δαίμων): divine spirit within humans; our individual genius.
 Chrysippus held that a happy and well-flowing life was the result “when the affairs of life are in every way tuned to the harmony between the individual divine spirit and the will of the director of the universe” (Lives of the Eminent Philosophers
7.1.88
 ). Epictetus tells us never to worry because we are never alone: God is always within, as is our own daimôn
 (Discourses
 1.14.14; not here).

Diairesis
(διαίρεσις): analysis, division into parts.
 Used when distinguishing what is subject to our power of choice from what is not.

Dianoia
(διανοία): thought, intelligence, purpose, faculty of mind.
 Haines notes: “not affected by the motions of the pneuma.”

Dikaiosunê
(δικαιοσύνη): justice, righteousness.
 Diogenes Laertius noted that for the Stoics, it meant “being in harmony with the law and tending to bring people together” (Lives of the Eminent Philosophers
 7.99; not here). It is one of the four cardinal virtues (i.e., self-control, justice, courage, and wisdom). The word is used seventeen times in Marcus, always in the spirit Diogenes Laertius outlines, where it appears with the other virtues (see especially 3.6, 5.12
 , 7.63
 , and 12.15
 ). Epictetus is notable in 3.1.6b
 –9, where he speaks of “the just” as the kind of person we should strive to be.

Dogma
(δόγμα): that which seems to one; opinion or belief; philosophically,
dogmata
are principles or judgments established by reason and experience.
 Haines notes that “what the sensations are to the body and impulses to the soul, dogmata
 are to the intelligence.” Epictetus takes aim at the untested form of dogmata
 by framing them as τὰ πονηρὰ δόγματα, or oppressive or worthless opinions that must be rooted out by our reasoned choice (Discourses
 3.3.18–19; see also 3.19.2
 –3) before they destroy our inner fortress (4.1.86). The term appears more than one hundred times in Epictetus (see Enchiridion
5
 , where he says that it’s not things that disturb us, but our judgments/dogmata
 about them) and twenty-three times in Marcus (see especially 4.49, 7.2
 , 8.1
 , 8.22
 , and 8.47
 , where he often talks about straightening out your principles). Marcus and Epictetus also use the word krima
 (κρῖμα) when talking about decisions and judgment (Marcus, Meditations
11.11
 , 8.47
 ; Epictetus, Discourses
 4.11.7).

Dokimazein
(δοκιμάζω): to assay; to put to the test; to thoroughly examine.
 This is a key verb in understanding Epictetus’s Stoicism (found ten times in the Discourses
 and once in the opening of the Enchiridion
 ), but it was not used by Marcus. The word carries the meaning of the assayist, one who tests fine metals and coins to verify their authenticity. In one of the most memorable passages in Epictetus, he compares our need to test impressions to what is done with coins and how the skilled merchant can hear a counterfeit coin cast upon a table just as a musician would detect a sour note (Discourses
 1.2.7–11ff). See also the exercises he gives for handling impressions (Discourses
2.18.24
 ; Enchiridion
1.5
 ). As sense impressions need to be put to the test, so too our judgments (dogmata
 /theôrêma
 ) need a tough cross-examination (ἐλέγχω; used by both Epictetus and Marcus) to be fully tested.

Doxa
(δόξα): belief, opinion.

Ekklisis
(ἔκκλισις): aversion; inclination away from a thing.
 The opposite of, but often appearing with, orexis
 . This is the first level of self-coherence (see chart). Epictetus warns 
 repeatedly that with aversions we must be careful to apply them only to our own concerns and not to those controlled by others (see Discourses
 4.1.81–82ff; not here). The word appears fifty-three times in the Discourses
 . In a vivid metaphor of a sparring match, Marcus tells us we can avoid people who might have ill intent without being suspicious toward them (6.20
 ). In step with Epictetus, Marcus urges us to limit our aversion to only those things in our power (8.7
 ). See orexis
 .

Ekpyrôsis
(ἐκπύρωσις): cyclical conflagration (birth and rebirth) of the universe.
 This idea, central to Stoic physics and cosmology, goes back to Heraclitus (Marcus 3.3; not here). Stoics equate this fire with the all-permeating reason (logos spermatikos
 ) of the universe (see Marcus 6.24
 ).

Eleutheria
(ἐλευθερία): freedom, liberty.
 The masses say that only the free can be educated, but the Stoic says that only the educated can be free (Discourses
2.1.21
 –22). Including the adjectival form, it appears more than one hundred times in the Discourses
 . Marcus uses the noun five times (see 5.9
 ).

Eph’ hêmin
(ἐφ’ ἡμῖν): what is up to us; what is in our control; our correct use of impressions, impulses, and judgments.
 The Enchiridion
 (or Handbook
 ) of Epictetus
 opens with this most famous of all Stoic phrases. Epictetus says when we want something outside our control, we are stricken with anxiety (Discourses
2.13.1
 ). Our judgments about what is up to us determine our freedom (3.26.34
 –35).

Epistêmê
(ἐπιστήμη): certain and true knowledge, over and above that of
katalêpsis
.

Ethos
(ἔθος): custom or habit.
 See also hexis
 . In late Stoic practice, there is a great focus on habit. Musonius Rufus’s ideas about education were aimed at addressing the upbringing, environment, and habits that vary from person to person (Lectures
1.1
 ). Epictetus carries this focus on habit forward: “Since habit is such a powerful influence, and we’re used to pursuing our impulses to gain and avoid outside our own choice, we should set a contrary habit against that, and where appearances are really slippery, use the counterforce of our training” (Discourses
3.12.6
 ). He also talks about the importance of using a contrary, opposing habit in 1.27.4
 . The term appears seventeen times in Epictetus’s Discourses
 . Marcus uses this term four times.

Eudaimonia
(εὐδαιμονία): happiness, flourishing, well-being.
 Epictetus says that God made human beings to be happy and stable/serene (εὐσταθεῖν/eustathein
 ; Discourses
 3.24.2b–3). Eudaimonia
 appears thirteen times in the Discourses
 and once in the Enchiridion
 . Epictetus holds that it is incompatible with yearning for what we don’t have (Discourses
3.24.17
 ). It appears twice in Marcus (7.67) in conjunction with “life,” which, he says, depends on the fewest possible things (see also 7.17). Marcus has one other equivalent word in his use of εὐζωήσεις/euzôêseis
 , or “happy in life” (3.12; none of these three reproduced here).

Eupatheia
(εὐπάθεια): good passions or emotions (as contrasted with
pathos
), the result of correct judgments and virtuous actions.
 Diogenes Laertius says, “The Stoics assert there are three good emotional states (eupatheia
 ): joy, caution, and wishing . . . joy is rational elation . . . caution is rational avoidance . . .wishing is rational inclination . . .under wishing they place goodwill, benevolence, friendliness and affection; under caution, respect and modesty; under joy, delight, good cheer and contentment” (Lives of the Eminent Philosophers
 7.116).

Hamartanô
(ἁμαρτάνω): to do wrong, err, fail one’s purpose.
 The verb appears twenty-eight times in Epictetus and thirty-four times in Marcus. Also, hamartia
 (ἁμαρτία)—a failure, fault, error, to do wrong to another—appears three times in Marcus, notably in 10.30
 , when 
 he talks about seeing another’s wrongdoing from the standpoint of our own failings. Both Epictetus and Musonius Rufus often use the obverse as the ideal, being free from error, anamartêtos
 (ἀναμάρτητος), which, although not possible, is what we should strive for (see especially Discourses
 4.12.19; Lectures
 2.5.1). Since Aristotle’s Poetics
 , the concept had been the fatal flaw or decision that leads to a tragic demise. The Stoics part ways with any tragic thinking, on the one hand, and, on the other, with any notion of original sin—all sin is the result of bad habit, following common opinion, and bad judgments. Philosophy is meant to help us scrape the accumulated errors of existence from our souls.

Hêgemonikon
(ἡγεμονικόν): ruling or guiding reason; ruling principle.
 A. A. Long says the term, meaning “suited to command,” was borrowed from Isocrates, the Athenian rhetorician, and was taken up by the early Stoics to represent the intellectual part of the soul as distinct from the senses (Greek Models of Mind and Self
 , p. 89). Long notes that by the time of the late Stoics, Epictetus had applied it even to the souls of animals, which lack rationality (Epictetus: A Stoic and Socratic Guide to Life
 , p. 211), and said it means “the governing faculty of the mind.” Hadot calls it the superior or guiding part of the soul. Marcus uses it as a unique property of human beings (especially in 12.1
 and 12.33
 ). Epictetus’s Discourses
 (twenty-six references): 1.26.15
 , 1.20.11, 4.4.43, 4.5.5. Marcus Aurelius (forty-six references): 3.9
 , 4.38
 , 5.11
 , 8.48
 , 8.56
 , 9.22
 , 9.26
 , 12.1
 , 12.33
 . Whereas Epictetus leans heavily on prohairesis
 , Marcus prefers hêgemonikon
 : “How does your ruling reason manage itself? For in that is the key to everything. Whatever else remains, be it in the power of your choice or not, is but a corpse and smoke” (12.33
 ).

Heimarmenê
(εἱμαρμένη): fate, destiny.
 Stoics were compatibilists about the free will and determinism question—all things are determined, but our response is entirely our own. See pronoia
 .

Hexis
(ἕξις): abstract noun built on
echein
, to have, possess; a state of mind or habit, disposition toward something; of physical things, a natural property or tendency.
 Epictetus says that habits must be “first weakened and then obliterated” (Discourses
2.18.11b
 –14); otherwise, they become fuel for personal destruction (2.18.4–5). See ethos
 .

Hormê
(ὁρμή): positive impulse or appetite toward an object (as a result of
orexis
and our assent) that leads to action; the opposite of
aphormê
.
 These can be irrational impulses to act or a reasoned choice to act or exert effort toward an end. Quoting Epictetus, Marcus says that we “must pay special attention to the sphere of our impulses—that they are subject to reservation 
 , to the common good (κοινωνικαί), and that they are in proportion to actual worth 
 ” (11.37
 ). This is the second level of self-coherence that gives rise to our actions (see chart). Marcus repeatedly ties the discipline of hormê
 to acts for the common good (see also 8.7
 ) and the claims of justice (4.22
 ). It appears thirty-four times in Epictetus’s Discourses
 , three times in the Enchiridion
 , and thirty-five times in Marcus. Seneca uses the Latin equivalent impetus
 seventy-nine times in his letters (see Moral Letters
71.32
 , where he says virtue resides in our judgment, which gives rise to impulse and clarifies all appearances that give rise to impulse).

Hulê
(ὕλη): matter, material.
 This is a very common reference in Epictetus, appearing more than forty times, usually with the analogy of the material that craftspeople use as a way of talking about where our own focus should be, and where the evidence of our progress will be seen in the art of living (Discourses
1.15.2
 ). He calls external things the raw material of our prohairesis
 (1.29.1
 –4a); elsewhere he says, “The raw material for the work of a good and excellent person is their own guiding reason (hêgemonikon
 )” (3.3.1
 ). The term appears nineteen 
 times in Marcus; see especially 8.35
 , where he talks about how we can “convert any obstacle into the raw material for our own purpose.” Sometimes used interchangeably with ousia
 .

Hypolêpsis
(ὑπόληψις): literally “taking up” an opinion, assumption, conception, notion, understanding.
 Hadot translates the term as “value judgment” and sees a movement upward into higher-level value judgments, from prolêpsis
 to hypolêpsis
 to katalêpsis
 . See Marcus 4.3.4b
 and 9.13
 , where he talks about how our own assumptions can crush us, so we must throw them out. He also says that “everything turns on our assumptions” (12.22
 ), and we should hold our power for understanding, or forming opinions, sacred (3.9
 ). The term appears eight times in Epictetus’s Discourses
 (see 2.19.13–14, where he says we hold opinions the opposite of what we should) and three times in the Enchiridion
 (see 20
 , where he talks about how our own opinions or assumptions are what fuel anger).

Kalos
(καλός): beautiful; in the moral sense, noble, virtuous.
 Seneca’s equivalent term, used quite frequently, is honestum
 .

Katalêpsis
(κατάληψις): true comprehension, clear perception, and firm conviction needed for right conduct.
 Hadot translates the term as “perception” or “objective representation.” This is a prominent term for Epictetus and stands in contrast to the Skeptic’s notion that nothing could be known with certainty (ἀκατάληπτος). Epictetus says that true progress (prokopê
 ) is about giving assent (see synkatathesis
 ) only where there is katalêpsis
 (Discourses
 3.8.4). Marcus uses the term in praising the character of Antoninus and his zeal for “getting a true grasp of affairs” (6.30.2), as well as in 4.22
 , where he says every impulse should be subject to the claims of justice and keeping our convictions clear.

Kathêkon
(καθῆκον): duty, appropriate action on the path to virtue.
 Diogenes Laertius says that Zeno was the first philosopher to use the term as relating to conduct in the sense of being incumbent upon an actor (Lives of the Eminent Philosophers
 , “Zeno,” 7.108). Marcus says that every duty in life is a sum of acts that deserve methodical attention (6.26
 ).

Koinos
(κοινός): common, shared in common.
 As Haines noted, this term and its cognates appear more than eighty times in Marcus, and it is a very central part of his thinking and ethical orientation. Community, partnership, fellowship, neighborliness, and cooperation are all heavily emphasized in terms ranging from κοινωνία (5.16
 , and “action for the common good in the present moment” in 9.6
 ) to his own coined word κοινονοημοσύνη, regard for the feelings of others (1.16). In 6.30
 , Marcus tells us, “Life is short—the fruit of this life is a good character and acts for the common good.
 ” See also his morning ritual to remind ourselves that we’ve “been made by nature for the purpose of working with others” (8.12
 ). A related common term appearing in both Marcus and Epictetus is the word ἀλλήλων/allêlôn
 , which stresses how we are made “for each other” or “for one another” (twenty-six times in Marcus, especially 5.16
 and 6.38
 ; and twenty times in Epictetus, notably 2.20).

Kosmos
(κόσμος): all-encompassing order, world, universe.

Logos/Logikos
(λόγος/λογικός): reason or rational; the ordering principle of the cosmos.
Logos spermatikos
 (λόγος σπερματικός) is the generative principle of the universe, which creates and takes back all things (see Marcus 6.24
 ).

Nomos
(νόμος): law, custom.

Oiêsis
(οἴησις): conceit, self-deception, illusion, arrogant opinion or notion.
 Epictetus says (3.14.8
 ) that two things must be rooted out of every human being: self-deception and mistrust/timidity (apistia
 ). Our conceit, arrogance, and false opinions are what must be 
 removed (2.17.1
 ), along with passion (pathos
 ). Epictetus sees a movement from preconception (prolêpsis
 ) through conception (hypolêpsis
 ) to our more firmly formed convictions (katalêpsis
 ), and all can be subject to error (hamartia
 ). Heraclitus called self-deception “an awful disease” (Diogenes Laertius, Lives of the Eminent Philosophers
 , 9.7
 ), and the Stoics offered their practices for overcoming it.

Oikeiôsis
(οἰκείωσις): self-ownership, appropriation to the individual’s or species’ needs.
 There is only one instance of this noun in Epictetus (Discourses
 1.19.15), which pertains to self-preservation, although it appears in a discussion of “the common interest.” Marcus also has one use, and it moves explicitly to the other pole of appropriation—namely, to that which lends to the “care for others” or human fellowship (3.9
 ), and our ruling reason is what enables us to keep in accord with nature and effect such appropriation. The related verbal and adjectival forms of “appropriating” and being “fitting or appropriate” are more common to both.

Orexis
(ὄρεξις): desire, inclination toward a thing.
 The opposite of ekklisis
 . In Aristotle this was understood as “appetence” and was something shared with animals and different from purposive choice (prohairesis
 ), which involved both reason and deliberation. Epictetus says if we want to be free, we shouldn’t desire something in someone else’s control (Discourses
 1.4.18–22). Orexis
 /ekklisis
 are the subject of the first of the three topoi
 , or areas of training that produce self-coherence, the other two being hormê
 /aphormê
 and synkatathesis
 (3.2.1
 –3a). The word appears fifty-six times in the Discourses
 and seven times in the Enchiridion
 . It appears five times in Marcus, once in saying principles need to be the source of desire and action (8.1.5) and be limited to only what’s in our control (8.7
 ). The verb form, ὀρέγω/oregô
 , meaning to reach out for, yearn for, often appears and in many instances it occurs with “not missing the mark”; see hamartanô
 and apotynchanô
 .

Ousia
(οὐσία): substance or being, sometimes used interchangeably with
hulê
(matter, material).
 Marcus speaks vividly of substance being “like a river’s unending flow, its activities constantly changing and causes infinitely shifting so that almost nothing at all stands still” (5.23
 ), harkening back to Heraclitus (Lives of the Eminent Philosophers
 , 9.8).

Paideia
(παιδεία): training, teaching, and education.
Askeô,
manthanô
 , and meletaô
 (see chart) are each a part of getting an education as outlined by Epictetus in Discourses
2.9.13
 –14. The daily disciplines are central to being educated for the Stoic, and only the educated are truly free (2.1.21
 –23 and 1.22.9
 –10a). Working over our preconceptions (prolêpsin
 ) is the point of education (1.2.5
 –7).

Pathos
(πάθος): passion or emotion, often excessive and based on false judgments.
 Haines places passion as the “affect” following from hormê
 that lead to acts against nature. The four passions divide into two types: (1
 ) for things not in present possession or anticipated in the future, which are desire (ἐπιθυμία) and fear (φόβος); and (2) for things presently engaging a person, which are pleasure (ἡδονή) and distress (λύπη). Epictetus states the Stoic position most clearly in Discourses
4.1.175
 : “Freedom isn’t secured by filling up on your heart’s desire but by removing your desire.
 ” Diogenes Laertius says that Zeno defined passion/emotion as an irrational and unnatural movement in the soul, or as excessive hormê
 (Lives of the Eminent Philosophers
 7.110). Despite the popular misconception, the Stoics did celebrate certain passions as good (eupatheia
 ), if in rational bounds: in particular, joy, caution, and wishing (Lives of the Eminent Philosophers
 7.116).

Phantasia
(φαντασία): impression, appearance, perception.
 Epictetus says (1.1.7
 –9) that the gods gave us one power that governs all the rest—“the ability to make the right use of 
 appearances.” He also says that the first and greatest task of the philosopher is to test (δοκιμάζω, “to assay”) and separate appearances (see also 2.18.24
 ). He uses the metaphors of sweeping currents, battle, and the rigorous training of an athlete for the work we must do to hold our own against impressions (2.18.27
 –28). “The task of the good and excellent person is to handle their impressions in harmony with nature” (3.3.1
 ). There are more than two hundred references to phantasia
 in the Discourses
 and nine in the Enchiridion
 (34
 ). The term appears about forty times in Marcus’s Meditations
 (5.2
 , 5.16
 , 6.13
 , 8.7
 , 8.26
 , 8.28–29). Marcus has a great exercise for not telling yourself more than initial impressions (“report” in 8.49
 ).

Phronêsis
(φρόνησις): practical wisdom, one of the four cardinal virtues.
 The term is used repeatedly by Marcus, most memorably in 4.37
 , where he says that “wisdom and acting justly are one and the same,” and in 5.9
 , where he says “there is nothing so pleasing as wisdom itself.” See arête
 .

Physis
(φύσις): nature, the natural order; of things, species, or kind: characteristic.
 Both Epictetus and Marcus repeatedly state that we must use our ruling principle to keep ourselves in harmony with nature (Discourses
 4.4.43; Marcus 3.9
 ). In Stoic thought, God and nature are one.

Pneuma
(πνεῦμα): air, breath, spirit; a principle in Stoic physics.
 The part of the soul set into disturbance by desires and aversions, which Haines calls the inferior part of the soul, distinct from nous
 (mind). Epictetus has a memorable image in Discourses
3.3.20
 –22, where he talks about the movement of a disturbed bowl of water being like the spirit in which things exist.

Proêgmena
(προηγμένα): preferred things; indifferent in an absolute moral sense, but of relative positive value, naturally desirable things, such as health.
 Opposite of aproêgmena
 .

Prohairesis
(προαίρεσις): reasoned or deliberative choice, our free will to choose, the sphere of choice.
 The term goes back to Aristotle’s Ethics
 and has been traditionally translated there as “purposive choice.” A. A. Long, in an attempt to free it from modern moral concepts, translates it as “volition,” a term we find too remote from everyday understanding—for generations prior it was translated as “moral purpose” (W. A. Oldfather, George Long, and others). We are avoiding loading the term with either the moral
 sense of Christian tradition or the modernist sense of will
 , so heavily colored since Schopenhauer and Nietzsche. A. A. Long sees this as Epictetus’s preferred term for what distinguishes human beings from animals (which also have hêgemonikon
 in his reading of Epictetus; Epictetus: A Stoic and Socratic Guide to Life
 , p. 211), something not even the gods can touch (Discourses
1.1.23
 ). The term is used sixty-nine times in the Discourses
 (1.4.18–22, 1.18.21
 –23, 1.22.10
 , 1.29.1
 –4a, 2.1.12
 –13, 2.5.4
 –5, 2.6.25
 , 2.10.1
 , 2.16.1
 –2a, 2.22.19–20, 3.1.39b
 –40a, 3.3.18–19, 3.7.5, 3.10.18
 , 3.19.2
 –3, 3.21.1
 –3, 3.22.13
 , 4.4.23
 , 4.5.34–37) and six times in the Enchiridion
 (13). Marcus uses it five times in the negative (ἀπροαίρετα), or outside of our choice, and three times in the positive sense of deliberate choice (3.6, 6.41
 , 8.56
 , 12.3
 , 12.33
 ). Where this is the focal point of Epictetus’s system, Marcus leans heavily to hêgemonikon
 .

Prokopê
(προκοπή): progress or improvement; on the path toward the virtues of self-control, courage, justice, and wisdom.
 See Epictetus, Discourses
 1.4, captioned “on progress,” especially 1.4.18–22; also 3.19.2
 –3. The word appears fourteen times in Epictetus (most often in 1.4). Hanging out with the wrong people can limit our progress, according to Epictetus (4.2.1
 –5), and Musonius Rufus reminds us of the same (Lectures
11.53.21
 –22; losing our soul).

Prolêpsis
(πρόληψις): a primary conception, or preconception, possessed by all rational beings.
 Epictetus talks about keeping them ready like polished weapons (Discourses
4
 –5a, 
 6b). See also 1.22 and 1.2.5
 –7, where he talks about working over our preconceptions and the true meaning of education.

Pronoia
(πρόνοια): foreknowledge, foresight, divine providence.
 Epictetus says we can praise providence if we have two qualities: seeing things clearly and gratitude (1.6.1
 –2). Marcus talks about entrusting the future to providence in 12.1
 . The word appears ten times in Epictetus (see 3.17.1
 ) and twelve times in Marcus.

Prosochê
(προσοχή): attention, diligence, soberness.
 See especially Discourses
4.12.1
 –21. In 1.20.8
 –11, Epictetus says it is particularly needed for things that might steer us wrongly. Marcus uses the term once in the body of his Meditations
 in speaking about what a short time we have in life to keep indifferent things from consuming our attention (11.16; not here).

Psychê
(ψυχή): state of mind, soul, life, living principle.
 It appears forty-three times in the Discourses
 , and the laconic Marcus uses it sixty-nine times in his Meditations
 . Marcus has a beautiful image of the rational soul as a sphere in 11.12 (not here); Epictetus sees it as a bowl of water in 3.3.20
 –22. Seneca’s term is animus
 , the rational soul. The Stoics were materialists, so the soul itself has substance.

Sophos
(σοφός): wise person, virtuous sage, and the ethical ideal of a practicing Stoic.

Sympatheia
(συμπάθεια): sympathy, affinity of parts to the organic whole, mutual interdependence.

Synkatathesis
(συγκατάθεσις): assent; approval to impressions, conceptions, and judgments, enabling action to take place.
 See Marcus quoting Epictetus in 11.37
 (in verb form) and how it relates to katalêpsis
 ; also, in 5.10 Marcus talks about how every assent to impressions is subject to error. This is the third level of self-coherence, concerning the will and judgment and what we choose to reject (see chart). It appears eight times in noun form and twenty-one times in verb form in Epictetus: 3.2.1
 –3a, 3.8.4, and 4.11.6
 –7.

Technê
(τέχνη): craft, art in the sense of profession or vocation.
 Marcus says our technê
 is to be a good human being (11.5
 ). Epictetus uses the analogies of crafts and trades quite often, particularly in drawing focus to the proper material of our work as human beings.

Telos
(τέλος): the end goal or objective of life.

Theôrêma
(θεώρημα): general principle or perception, a truth of science; used interchangeably with
dogmata
in discussing the mind’s store of judgments.

Theos
(θεός): god; the divine, creative power that orders the universe and gives human beings their reason and freedom of choice.
 As far as theology goes, despite reflecting the polytheism of their culture and making references to gods of all stripes, the late Stoics were monists and pantheists: God = nature. Further, they were materialists, so even the divine spark in us—and the soul—are corporeal. Epictetus was a Phrygian by birth and had a very vivid, personalistic view of God. He referred to God as a kindly father (see particularly Discourses
 1.6, 3.24). A. A. Long, the foremost scholar of Epictetus, put it this way: “Whether [Epictetus] speaks of Zeus or God or Nature or the gods, he is completely committed to the belief that the world is providentially organized by a divine power whose creative agency reaches its highest manifestation in human beings” (Epictetus: A Stoic and Socratic Guide to Life
 , p. 134). Long thinks Epictetus was reviving Cleanthes’s (successor to Zeno) strong religious sense. There is no transcendent god for any of the Stoics—a key difference from Christianity. Epictetus says we must seek to bind up our choice with the will of God (Discourses

4.1.89
 ). Marcus tends to refer to the divine in a looser, often more polytheistic way (see 9.1.1
 ), but he shares Epictetus’s views, especially when he says, “hold sacred your capacity for understanding,” a gift from God requiring obedience to God (3.9
 ). Seneca, too, speaks often of the divine in plural, but all three are agreed that we must accept fate and seek to correct our own faults rather than blame others or the gods (Moral Letters
107.12
 ).

Tonos
(τόνος): tension, a principle in Stoic physics accounting for attraction and repulsion; a way of seeing what gives rise to virtue and vice in the soul.

A
 ll the translations in this volume were rendered with the aid of two primary and indispensable sources. The first is the incomparable treasure of the Loeb Classical Library (Harvard University Press), which has been the standard resource for the original language texts for generations. Today, in addition to the handsome green and red printed volumes loved by many, the full Greek and Latin texts are now available via online subscription, with terrific search capabilities in both languages, as well as in English for the general reader, at www.loebclassics.com. I have found this service to be a godsend in organizing and managing my work. From a lexical standpoint, the resources at www.perseus.tufts.edu have proved to be invaluable, offering, in addition to search capabilities, links to the superlative lexicon of Liddell and Scott (Greek) and the dictionary of Lewis and Short (Latin), along with comparative usage statistics and occurrences across authors and time periods. I also used extensively the print editions of both works (Oxford University Press) for particularly challenging passages and for source texts not available online (Musonius Rufus). Of course, the translations were informed by the excellent work of Loeb translators W. A. Oldfather, C. R. Haines, Richard M. Gummere, John W. Basore, and others. In the case of Epictetus, I especially enjoyed consulting the works of Thomas Wentworth Higginson, a fellow Harvard divinity graduate, and George Long (both available in print and at www.perseus.tufts.edu). There have been quite a few more recent translations of Marcus Aurelius, and among them Ryan and I both enjoy the lyrical Gregory Hays (Modern Library); for a more literal modern rendering, particularly for precision with philosophical terms, the Robin Hard translation (Oxford University Press) is hard to beat.

With regard to the translations, the goal was to make the work of 
 these late Stoic thinkers as accessible, digestible, and coherent as possible. In the major terms of Stoic thought and its development in Epictetus and Marcus, my effort has been placed on consistency and avoiding anachronism while pointing out any places of difference in emphasis or use as necessary. Apart from the core terminology, the translations have been made with an aim to remain as literal as possible, with only a few liberties taken when needed to make a point stand out or to avoid repeated images or phrases. A special thanks to Amanda C. Gregory for her review of my glossary and translations.

All source and line references given, unless otherwise noted, are to the original texts as found on www.perseus.tufts.edu, and most of the remaining ones are to the Loeb texts (online version, which occasionally differs from the printed editions in line numbering). The pieces from Musonius Rufus came from an edition of the Greek text in Cora Lutz’s 1947 work, Musonius Rufus, Lectures and Fragments
 (Yale), which I procured from a reprinter in India (but it contains only the Lectures
 and is missing her introduction, the Fragments
 , and much of the textual notes). I have spoken with the director of Yale University Press about possibly bringing that work back into print, and it is under review.

I
 n addition to the Loeb Classics and online resources at www.perseus.tufts.edu and the other printed translations mentioned previously, there are a handful of exceptional recent works by accessible scholars that you should read:

Hadot, Pierre. The Inner Citadel: The Meditations of Marcus Aurelius
 , translated by Michael Chase (Cambridge, MA: Harvard University Press, 2001).

———. What Is Ancient Philosophy?
 Translated by Michael Chase (Cambridge, MA: Harvard University Press, new edition, 2004).

Long, A. A. Epictetus: A Stoic and Socratic Guide to Life
 (New York: Oxford University Press, 2004).

———. Greek Models of Mind and Self
 (Cambridge, MA: Harvard University Press, 2015).

Nussbaum, Martha. The Therapy of Desire: Theory and Practice in Hellenistic Ethics
 (Princeton, NJ: Princeton University Press, reissued 2009).

Robertson, Donald. The Philosophy of Cognitive Behavioural Therapy
 (London: Karnac Books, 2010).

Discover your next
great read!

Get personalized book picks and up-to-date news about this author.

Sign up now.","December 31

Begin Anew, While You Can

Each haircut, each set of outgrown clothes, each round of spring cleaning, each start of a new sports season is marking a passage of time. It’s moving us closer to that thing we dread: our kids growing up, our kids leaving, our final parting.

But the point of this message is not to depress you. It’s not intended to take the joy out of the season. On the contrary, it’s to help you enjoy it now, while it’s here. It’s to remind you of how important it is . . . and what a wonderful opportunity it presents.

As Philip Larkin writes in his beautiful poem “The Trees,” about the annual message the earth gives each spring:

Last year is dead, they seem to say,

Begin afresh, afresh, afresh.

The past is past. The last year is gone forever. The length of the future remains, as ever, uncertain. But now is now. The new season is here. Let us put our mistakes behind us. Let us work against distraction, addiction, and busyness. Let us rededicate ourselves to the reason we are here—to parenting, our most important job. Let us begin afresh, afresh, afresh.

Let’s enjoy this season with all it presents. Because when this year dies, so do we a little, so does one of only so many seasons we have with our kids.

Tempus fugit."
